Found 20493 Zenodo raw records.
  [10200526] 1 media file(s) saved
  [10390717] 6 media file(s) saved
  [10390753] 5 media file(s) saved
  [10391461] 1 media file(s) saved
  [10391554] 1 media file(s) saved
  [10392309] 1 media file(s) saved
  [10393835] 1 media file(s) saved
  [10394014] 1 media file(s) saved
  [10394468] 1 media file(s) saved
  [10397104] 1 media file(s) saved
  [10397848] 1 media file(s) saved
  [10398269] 1 media file(s) saved
  [10398456] 1 media file(s) saved
  [10398931] 9 media file(s) saved
  [10399060] 1 media file(s) saved
  [10399505] 1 media file(s) saved
  [10399541] 1 media file(s) saved
  [10399954] 1 media file(s) saved
  [10399972] 1 media file(s) saved
  [10400003] 1 media file(s) saved
  [10400100] 1 media file(s) saved
  [10400312] 2 media file(s) saved
  [10400396] 1 media file(s) saved
  [10401380] 1 media file(s) saved
  [10402114] 1 media file(s) saved
  [10402837] 1 media file(s) saved
  [10403025] 2 media file(s) saved
  [10403268] 1 media file(s) saved
  [10404032] 1 media file(s) saved
  [10404412] 1 media file(s) saved
  [10405198] 1 media file(s) saved
  [10406851] 1 media file(s) saved
  [1040734] 1 media file(s) saved
  [10407373] 1 media file(s) saved
  [10407864] 1 media file(s) saved
  [10408250] 1 media file(s) saved
  [10408709] 2 media file(s) saved
  [10408969] 7 media file(s) saved
  [10409476] 1 media file(s) saved
  [10409517] 1 media file(s) saved
  [10410800] 1 media file(s) saved
  [10411204] 1 media file(s) saved
  [10411454] 1 media file(s) saved
  [10411490] 2 media file(s) saved
  [10411516] 2 media file(s) saved
  [10411779] 2 media file(s) saved
  [10411832] 2 media file(s) saved
  [10411836] 2 media file(s) saved
  Rate limited — sleeping 60s
  [10411842] 2 media file(s) saved
  [10411866] 2 media file(s) saved
  [10412014] 2 media file(s) saved
  [10412066] 2 media file(s) saved
  [10412451] 1 media file(s) saved
  [10413095] 1 media file(s) saved
  [10414052] 1 media file(s) saved
  [10417486] 1 media file(s) saved
  [10417514] 2 media file(s) saved
  [10417748] 1 media file(s) saved
  [10418603] 1 media file(s) saved
  [10420444] 6 media file(s) saved
  [10421365] 1 media file(s) saved
  [10421505] 1 media file(s) saved
  [10422129] 1 media file(s) saved
  [10423435] 1 media file(s) saved
  [10424815] 2 media file(s) saved
  [10424821] 1 media file(s) saved
  [10425960] 14 media file(s) saved
  [1042599] 1 media file(s) saved
  [10425999] 1 media file(s) saved
  [10426246] 5 media file(s) saved
  [10426767] 1 media file(s) saved
  [10426868] 1 media file(s) saved
  [10427249] 1 media file(s) saved
  [10428292] 1 media file(s) saved
  [10429071] 1 media file(s) saved
  [10429953] 1 media file(s) saved
  [10430103] 1 media file(s) saved
  [10430302] 1 media file(s) saved
  [10430394] 1 media file(s) saved
  [10430743] 1 media file(s) saved
  [10431960] 1 media file(s) saved
  [10432155] 7 media file(s) saved
    [ERROR] download https://zenodo.org/api/records/10433207/files/STDST_QMS_20231121_005.asc/content: 429 Client Error: TOO MANY REQUESTS for url: https://zenodo.org/api/records/10433207/files/STDST_QMS_20231121_005.asc/content
    [ERROR] download https://zenodo.org/api/records/10433207/files/STDST_XPS_20231201_003.xy/content: 429 Client Error: TOO MANY REQUESTS for url: https://zenodo.org/api/records/10433207/files/STDST_XPS_20231201_003.xy/content
    [ERROR] download https://zenodo.org/api/records/10433207/files/STDST_XPS_20231129_002.xy/content: 429 Client Error: TOO MANY REQUESTS for url: https://zenodo.org/api/records/10433207/files/STDST_XPS_20231129_002.xy/content
    [ERROR] download https://zenodo.org/api/records/10433207/files/STDST_XPS_20231123_002.xy/content: 429 Client Error: TOO MANY REQUESTS for url: https://zenodo.org/api/records/10433207/files/STDST_XPS_20231123_002.xy/content
    [ERROR] download https://zenodo.org/api/records/10433207/files/STDST_XPS_20231127_003.xy/content: 429 Client Error: TOO MANY REQUESTS for url: https://zenodo.org/api/records/10433207/files/STDST_XPS_20231127_003.xy/content
    [ERROR] download https://zenodo.org/api/records/10433207/files/STDST_XPS_20231123_003.xy/content: 429 Client Error: TOO MANY REQUESTS for url: https://zenodo.org/api/records/10433207/files/STDST_XPS_20231123_003.xy/content
    [ERROR] download https://zenodo.org/api/records/10433207/files/STDST_XPS_20231123_004.xy/content: 429 Client Error: TOO MANY REQUESTS for url: https://zenodo.org/api/records/10433207/files/STDST_XPS_20231123_004.xy/content
    [ERROR] download https://zenodo.org/api/records/10433207/files/STDST_XPS_20231124_001.xy/content: 429 Client Error: TOO MANY REQUESTS for url: https://zenodo.org/api/records/10433207/files/STDST_XPS_20231124_001.xy/content
    [ERROR] download https://zenodo.org/api/records/10433207/files/STDST_XPS_20231129_001.xy/content: 429 Client Error: TOO MANY REQUESTS for url: https://zenodo.org/api/records/10433207/files/STDST_XPS_20231129_001.xy/content
    [ERROR] download https://zenodo.org/api/records/10433207/files/STDST_XPS_20231124_002.xy/content: 429 Client Error: TOO MANY REQUESTS for url: https://zenodo.org/api/records/10433207/files/STDST_XPS_20231124_002.xy/content
    [ERROR] download https://zenodo.org/api/records/10433207/files/STDST_XPS_20231128_003.xy/content: 429 Client Error: TOO MANY REQUESTS for url: https://zenodo.org/api/records/10433207/files/STDST_XPS_20231128_003.xy/content
    [ERROR] download https://zenodo.org/api/records/10433207/files/STDST_XPS_20231128_007.xy/content: 429 Client Error: TOO MANY REQUESTS for url: https://zenodo.org/api/records/10433207/files/STDST_XPS_20231128_007.xy/content
    [ERROR] download https://zenodo.org/api/records/10433207/files/STDST_XPS_20231130_009.xy/content: 429 Client Error: TOO MANY REQUESTS for url: https://zenodo.org/api/records/10433207/files/STDST_XPS_20231130_009.xy/content
    [ERROR] download https://zenodo.org/api/records/10433207/files/STDST_XPS_20231201_007.xy/content: 429 Client Error: TOO MANY REQUESTS for url: https://zenodo.org/api/records/10433207/files/STDST_XPS_20231201_007.xy/content
    [ERROR] download https://zenodo.org/api/records/10433207/files/STDST_XPS_20231201_004.xy/content: 429 Client Error: TOO MANY REQUESTS for url: https://zenodo.org/api/records/10433207/files/STDST_XPS_20231201_004.xy/content
    [ERROR] download https://zenodo.org/api/records/10433207/files/STDST_XPS_20231201_006.xy/content: 429 Client Error: TOO MANY REQUESTS for url: https://zenodo.org/api/records/10433207/files/STDST_XPS_20231201_006.xy/content
  [10433207] 52 media file(s) saved
  [10433674] 1 media file(s) saved
    [ERROR] download https://zenodo.org/api/records/10433793/files/table%202-second%20revision.docx/content: 429 Client Error: TOO MANY REQUESTS for url: https://zenodo.org/api/records/10433793/files/table%202-second%20revision.docx/content
    [ERROR] download https://zenodo.org/api/records/10433793/files/table%203-second%20revision.docx/content: 429 Client Error: TOO MANY REQUESTS for url: https://zenodo.org/api/records/10433793/files/table%203-second%20revision.docx/content
    [ERROR] download https://zenodo.org/api/records/10433793/files/table%204-second%20revision.docx/content: 429 Client Error: TOO MANY REQUESTS for url: https://zenodo.org/api/records/10433793/files/table%204-second%20revision.docx/content
  [10433793] 1 media file(s) saved
  [10433846] 1 media file(s) saved
  Rate limited — sleeping 60s
  [10433981] 1 media file(s) saved
  [10434502] 1 media file(s) saved
  [10435221] 1 media file(s) saved
  [10435398] 1 media file(s) saved
  [10436809] 1 media file(s) saved
  [10436865] 1 media file(s) saved
  [10436891] 1 media file(s) saved
  [10437065] 1 media file(s) saved
  [10437102] 1 media file(s) saved
  [10437160] 1 media file(s) saved
  [10437522] 1 media file(s) saved
  [10438739] 1 media file(s) saved
  [10439507] 1 media file(s) saved
  [10439590] 1 media file(s) saved
  [10441388] 1 media file(s) saved
  [10442040] 1 media file(s) saved
  [10442094] 1 media file(s) saved
  [10442892] 1 media file(s) saved
  [10443006] 1 media file(s) saved
  [10443671] 1 media file(s) saved
  [10443819] 1 media file(s) saved
  [10444079] 1 media file(s) saved
  [10444221] 1 media file(s) saved
  [10444369] 2 media file(s) saved
  [10445572] 1 media file(s) saved
  [10446714] 1 media file(s) saved
  [10447438] 5 media file(s) saved
  [10447951] 1 media file(s) saved
  [10448227] 1 media file(s) saved
  [10448233] 1 media file(s) saved
  [10448257] 1 media file(s) saved
  [10449380] 1 media file(s) saved
  [10449812] 1 media file(s) saved
  [1044984] 1 media file(s) saved
  [10450255] 1 media file(s) saved
  [10450422] 1 media file(s) saved
  [10453284] 1 media file(s) saved
  [1045373] 1 media file(s) saved
  [10453906] 1 media file(s) saved
  [10453968] 1 media file(s) saved
  [10454407] 1 media file(s) saved
  [10455841] 1 media file(s) saved
  [10455867] 1 media file(s) saved
  [10456177] 1 media file(s) saved
  [10456967] 2 media file(s) saved
  [10457943] 1 media file(s) saved
  [10458040] 1 media file(s) saved
  [10458649] 1 media file(s) saved
  [10458655] 1 media file(s) saved
  [10458668] 1 media file(s) saved
  [10459219] 1 media file(s) saved
  [10459397] 1 media file(s) saved
  [10459920] 1 media file(s) saved
  [10460196] 1 media file(s) saved
  [10460471] 1 media file(s) saved
  [10461070] 1 media file(s) saved
  [10462059] 1 media file(s) saved
  [10462320] 1 media file(s) saved
  [10462520] 2 media file(s) saved
  [10463529] 1 media file(s) saved
  [10467333] 1 media file(s) saved
  [10467769] 1 media file(s) saved
  [10469564] 1 media file(s) saved
  [10470783] 2 media file(s) saved
  [10470939] 1 media file(s) saved
  [10471228] 2 media file(s) saved
  [10471607] 2 media file(s) saved
  [10472670] 1 media file(s) saved
  [10473170] 1 media file(s) saved
  [10473733] 1 media file(s) saved
  [10474694] 1 media file(s) saved
  [10476217] 1 media file(s) saved
  [10477143] 3 media file(s) saved
  [10478044] 1 media file(s) saved
  [10478124] 2 media file(s) saved
  [10478128] 2 media file(s) saved
  [10478222] 1 media file(s) saved
  [10478528] 1 media file(s) saved
  [10478530] 6 media file(s) saved
  [10478641] 1 media file(s) saved
  [10478653] 1 media file(s) saved
  [10478676] 1 media file(s) saved
  [10478688] 1 media file(s) saved
  [10478696] 1 media file(s) saved
  [10478921] 1 media file(s) saved
  [10478932] 4 media file(s) saved
  [10479124] 1 media file(s) saved
  [10479776] 1 media file(s) saved
  [10480276] 2 media file(s) saved
  [10482713] 3 media file(s) saved
  [1048307] 1 media file(s) saved
  [10486735] 1 media file(s) saved
  [1048710] 1 media file(s) saved
  [10492112] 1 media file(s) saved
  [10492412] 1 media file(s) saved
  [10493852] 3 media file(s) saved
  [10494952] 1 media file(s) saved
  [10495514] 1 media file(s) saved
  [10496394] 2 media file(s) saved
  [10497820] 1 media file(s) saved
  [10497880] 1 media file(s) saved
  [10498289] 19 media file(s) saved
  [10499112] 2 media file(s) saved
  [10499375] 1 media file(s) saved
  [10500017] 2 media file(s) saved
  [10500463] 1 media file(s) saved
  [10501282] 2 media file(s) saved
  [10503904] 1 media file(s) saved
  [1051042] 1 media file(s) saved
  [10511643] 1 media file(s) saved
  [1051185] 1 media file(s) saved
  [10512128] 1 media file(s) saved
  [10512215] 1 media file(s) saved
  [10512663] 2 media file(s) saved
  [10513140] 5 media file(s) saved
  [10513142] 1 media file(s) saved
  [10513258] 1 media file(s) saved
  [10513331] 1 media file(s) saved
  [10513661] 1 media file(s) saved
  [10513894] 1 media file(s) saved
  [10514331] 1 media file(s) saved
  [10514630] 1 media file(s) saved
  [10514678] 1 media file(s) saved
  [10514755] 1 media file(s) saved
  [10515038] 1 media file(s) saved
  [10515134] 1 media file(s) saved
  [10515153] 1 media file(s) saved
  [10515575] 1 media file(s) saved
  [10516435] 2 media file(s) saved
  [10516932] 2 media file(s) saved
  [10517167] 1 media file(s) saved
  [10517469] 1 media file(s) saved
  [10517969] 1 media file(s) saved
  [10519089] 1 media file(s) saved
  [10519419] 1 media file(s) saved
  [10519486] 1 media file(s) saved
  [10519528] 1 media file(s) saved
  [10519993] 6 media file(s) saved
  [10520026] 1 media file(s) saved
  [10520249] 1 media file(s) saved
  [10521180] 1 media file(s) saved
  [10521429] 1 media file(s) saved
  [10521618] 1 media file(s) saved
  [10521842] 1 media file(s) saved
  [10521875] 1 media file(s) saved
  [10522707] 1 media file(s) saved
  Rate limited — sleeping 60s
  [10522839] 1 media file(s) saved
  [10522894] 1 media file(s) saved
  [10523000] 1 media file(s) saved
  [10523138] 1 media file(s) saved
  [10523174] 1 media file(s) saved
  [10523205] 1 media file(s) saved
  [10523403] 1 media file(s) saved
  [10523413] 1 media file(s) saved
  [10523696] 1 media file(s) saved
  [10524898] 1 media file(s) saved
  [10525082] 1 media file(s) saved
  [10525154] 1 media file(s) saved
  [10525339] 1 media file(s) saved
  [10526039] 1 media file(s) saved
  [10526572] 1 media file(s) saved
  [10526618] 1 media file(s) saved
  [10527363] 1 media file(s) saved
  [10527943] 1 media file(s) saved
  [10527962] 1 media file(s) saved
  [10530013] 1 media file(s) saved
  [10530501] 1 media file(s) saved
  [10530877] 2 media file(s) saved
  [10530907] 1 media file(s) saved
  [10531446] 1 media file(s) saved
  [10532042] 1 media file(s) saved
  [10532585] 1 media file(s) saved
  [10534913] 1 media file(s) saved
  [10534933] 1 media file(s) saved
  [1053553] 1 media file(s) saved
  [1053731] 1 media file(s) saved
  [10538991] 1 media file(s) saved
  [10539276] 1 media file(s) saved
  [10539797] 1 media file(s) saved
  [10542479] 2 media file(s) saved
  [10544039] 4 media file(s) saved
  [10546489] 1 media file(s) saved
  [10547329] 1 media file(s) saved
  [10547593] 5 media file(s) saved
  [10548094] 2 media file(s) saved
  [10548196] 2 media file(s) saved
  [10553309] 1 media file(s) saved
  [10553611] 1 media file(s) saved
  [10554728] 1 media file(s) saved
  [10554730] 1 media file(s) saved
  [10555422] 1 media file(s) saved
  [10555733] 1 media file(s) saved
  [10556159] 1 media file(s) saved
  [10556755] 1 media file(s) saved
  [10556842] 1 media file(s) saved
  [10557290] 11 media file(s) saved
  [10557559] 1 media file(s) saved
  [10558532] 1 media file(s) saved
  [10559448] 1 media file(s) saved
  [10559927] 1 media file(s) saved
  [10559990] 1 media file(s) saved
  [10561019] 1 media file(s) saved
  [10562836] 1 media file(s) saved
  [10563653] 1 media file(s) saved
  [10564777] 2 media file(s) saved
  [10566730] 1 media file(s) saved
  [10566761] 1 media file(s) saved
  [10567208] 1 media file(s) saved
  [10568354] 1 media file(s) saved
  [10568494] 1 media file(s) saved
  [10569337] 1 media file(s) saved
  [10570099] 1 media file(s) saved
  [10570139] 2 media file(s) saved
  [10570260] 1 media file(s) saved
  [10571515] 1 media file(s) saved
  [10571755] 1 media file(s) saved
  [10574395] 1 media file(s) saved
  [10574424] 1 media file(s) saved
  [10574438] 1 media file(s) saved
  [10574591] 1 media file(s) saved
  [10574652] 1 media file(s) saved
  [10574796] 1 media file(s) saved
  [10575776] 1 media file(s) saved
  [10576137] 13 media file(s) saved
  [10576616] 1 media file(s) saved
  [10576618] 1 media file(s) saved
  [10576866] 1 media file(s) saved
  [10576915] 1 media file(s) saved
  [10577182] 1 media file(s) saved
  [10577661] 12 media file(s) saved
  [10577901] 1 media file(s) saved
  [10578783] 1 media file(s) saved
  [10578804] 1 media file(s) saved
  [10579195] 7 media file(s) saved
  [10579232] 3 media file(s) saved
  [10580483] 1 media file(s) saved
  [10580632] 1 media file(s) saved
  [10581204] 1 media file(s) saved
  [10581264] 1 media file(s) saved
  [10581447] 1 media file(s) saved
  [10581495] 1 media file(s) saved
  [10582879] 1 media file(s) saved
  [10590395] 1 media file(s) saved
  [1059129] 6 media file(s) saved
  [1059139] 3 media file(s) saved
  [10592148] 1 media file(s) saved
  [10592342] 1 media file(s) saved
  [10595129] 1 media file(s) saved
  [10598668] 2 media file(s) saved
  [10599369] 1 media file(s) saved
  [10600308] 1 media file(s) saved
  [10600820] 1 media file(s) saved
  [10601717] 1 media file(s) saved
  [10601789] 1 media file(s) saved
  [10602335] 1 media file(s) saved
  [10602898] 1 media file(s) saved
  [10603409] 1 media file(s) saved
  [10604151] 1 media file(s) saved
  [10604796] 1 media file(s) saved
  [10604972] 1 media file(s) saved
  [10604994] 1 media file(s) saved
  [10606128] 1 media file(s) saved
  [10607873] 1 media file(s) saved
  [10607996] 1 media file(s) saved
  [10608344] 1 media file(s) saved
  [10608374] 1 media file(s) saved
  [10608503] 1 media file(s) saved
  [10608772] 1 media file(s) saved
  [10608860] 1 media file(s) saved
  [10609053] 1 media file(s) saved
  [10609787] 1 media file(s) saved
  [10609910] 1 media file(s) saved
  [10611174] 1 media file(s) saved
  [10611436] 25 media file(s) saved
  [10611944] 1 media file(s) saved
  [10612017] 1 media file(s) saved
  [10612471] 1 media file(s) saved
  [10612478] 1 media file(s) saved
  [10612952] 1 media file(s) saved
  [10613179] 1 media file(s) saved
  [10613257] 1 media file(s) saved
  [10613839] 1 media file(s) saved
  [10614034] 1 media file(s) saved
  [10614140] 1 media file(s) saved
  [10614421] 1 media file(s) saved
  [10614663] 1 media file(s) saved
  [10614709] 1 media file(s) saved
  [10615864] 1 media file(s) saved
  [10615895] 1 media file(s) saved
  [10617424] 1 media file(s) saved
  [10617875] 1 media file(s) saved
  [10618232] 1 media file(s) saved
  [10620739] 1 media file(s) saved
  [10620871] 1 media file(s) saved
  [10621428] 3 media file(s) saved
  [10621430] 1 media file(s) saved
  [10621432] 1 media file(s) saved
  [10621454] 1 media file(s) saved
  [10622312] 1 media file(s) saved
  [10622825] 1 media file(s) saved
  [10622969] 1 media file(s) saved
  [10623940] 1 media file(s) saved
  [10624362] 1 media file(s) saved
  [10624451] 1 media file(s) saved
  [10629012] 1 media file(s) saved
  [10629263] 1 media file(s) saved
  [10629295] 1 media file(s) saved
  [10629297] 1 media file(s) saved
  [10629301] 1 media file(s) saved
  [10629325] 1 media file(s) saved
  [10629329] 1 media file(s) saved
  [10629333] 1 media file(s) saved
  [10629337] 1 media file(s) saved
  [10630478] 1 media file(s) saved
  [10631553] 1 media file(s) saved
  [10631618] 1 media file(s) saved
  [10632300] 1 media file(s) saved
  [10633057] 1 media file(s) saved
  [10633587] 1 media file(s) saved
  [10633769] 18 media file(s) saved
  [10634153] 6 media file(s) saved
  [10634265] 1 media file(s) saved
  [10634354] 1 media file(s) saved
  [10634409] 2 media file(s) saved
  [10634768] 1 media file(s) saved
  [1063479] 1 media file(s) saved
  [10635100] 1 media file(s) saved
  [10635420] 1 media file(s) saved
  [10635775] 1 media file(s) saved
  [10636073] 1 media file(s) saved
  [10636224] 1 media file(s) saved
  [10636345] 1 media file(s) saved
  [10636626] 1 media file(s) saved
  [10636979] 1 media file(s) saved
  [10637122] 7 media file(s) saved
    [ERROR] download https://zenodo.org/api/records/10637457/files/UB255_Flanking_Sanger_sequences.zip/content: 429 Client Error: TOO MANY REQUESTS for url: https://zenodo.org/api/records/10637457/files/UB255_Flanking_Sanger_sequences.zip/content
    [ERROR] download https://zenodo.org/api/records/10637457/files/README.md/content: 429 Client Error: TOO MANY REQUESTS for url: https://zenodo.org/api/records/10637457/files/README.md/content
  [10637457] 9 media file(s) saved
  [10637840] 1 media file(s) saved
  [10638389] 1 media file(s) saved
    [ERROR] download https://zenodo.org/api/records/10638407/files/Codebook.xlsx/content: 429 Client Error: TOO MANY REQUESTS for url: https://zenodo.org/api/records/10638407/files/Codebook.xlsx/content
  [10638407] 1 media file(s) saved
  [10638867] 1 media file(s) saved
  [10638988] 1 media file(s) saved
  Rate limited — sleeping 60s
  [10639106] 1 media file(s) saved
  [10639245] 1 media file(s) saved
  [10641059] 1 media file(s) saved
  [10641483] 1 media file(s) saved
  [10641535] 1 media file(s) saved
  [10641565] 1 media file(s) saved
  [10641696] 24 media file(s) saved
  [10642509] 1 media file(s) saved
  [10642873] 1 media file(s) saved
  [10643108] 1 media file(s) saved
  [10644229] 1 media file(s) saved
  [10644679] 1 media file(s) saved
  [10645439] 1 media file(s) saved
  [10645546] 1 media file(s) saved
  [10645936] 1 media file(s) saved
  [1064619] 1 media file(s) saved
  [10647092] 1 media file(s) saved
  [10647411] 1 media file(s) saved
  [10647894] 23 media file(s) saved
  [10648004] 1 media file(s) saved
  [10648212] 1 media file(s) saved
  [10648720] 1 media file(s) saved
  [10649042] 2 media file(s) saved
  [10649182] 1 media file(s) saved
  [1064957] 1 media file(s) saved
  [10649696] 1 media file(s) saved
  [10649929] 1 media file(s) saved
  [10650483] 1 media file(s) saved
  [10650618] 1 media file(s) saved
  [10651465] 1 media file(s) saved
  [10651567] 1 media file(s) saved
  [10651628] 1 media file(s) saved
  [10651941] 1 media file(s) saved
  [10651943] 1 media file(s) saved
  [10652096] 1 media file(s) saved
  [10652104] 1 media file(s) saved
  [10652441] 1 media file(s) saved
  [10652676] 1 media file(s) saved
  [10653191] 2 media file(s) saved
  [10653605] 1 media file(s) saved
    [ERROR] download https://zenodo.org/api/records/10653618/files/gel%20qpcr%20test%20input%20sds_01.Tif/content: 429 Client Error: TOO MANY REQUESTS for url: https://zenodo.org/api/records/10653618/files/gel%20qpcr%20test%20input%20sds_01.Tif/content
    [ERROR] download https://zenodo.org/api/records/10653618/files/20200921-1_Report.pdf/content: 429 Client Error: TOO MANY REQUESTS for url: https://zenodo.org/api/records/10653618/files/20200921-1_Report.pdf/content
    [ERROR] download https://zenodo.org/api/records/10653618/files/20200612-1_Report.pdf/content: 429 Client Error: TOO MANY REQUESTS for url: https://zenodo.org/api/records/10653618/files/20200612-1_Report.pdf/content
    [ERROR] download https://zenodo.org/api/records/10653618/files/CG_Ro_2_High%20Sensitivity%20DNA%20Assay_DE13805677_2019-06-20_10-12-12.pdf/content: 429 Client Error: TOO MANY REQUESTS for url: https://zenodo.org/api/records/10653618/files/CG_Ro_2_High%20Sensitivity%20DNA%20Assay_DE13805677_2019-06-20_10-12-12.pdf/content
    [ERROR] download https://zenodo.org/api/records/10653618/files/20200919-1_Report.pdf/content: 429 Client Error: TOO MANY REQUESTS for url: https://zenodo.org/api/records/10653618/files/20200919-1_Report.pdf/content
    [ERROR] download https://zenodo.org/api/records/10653618/files/CG_Ro_1_High%20Sensitivity%20DNA%20Assay_DE13805677_2019-06-20_09-10-48.pdf/content: 429 Client Error: TOO MANY REQUESTS for url: https://zenodo.org/api/records/10653618/files/CG_Ro_1_High%20Sensitivity%20DNA%20Assay_DE13805677_2019-06-20_09-10-48.pdf/content
    [ERROR] download https://zenodo.org/api/records/10653618/files/wilcoxon_curves.tgz/content: 429 Client Error: TOO MANY REQUESTS for url: https://zenodo.org/api/records/10653618/files/wilcoxon_curves.tgz/content
  Rate limited — sleeping 60s
  [10653978] 1 media file(s) saved
  [10654360] 1 media file(s) saved
  [10654616] 1 media file(s) saved
  [1065472] 1 media file(s) saved
  [10656021] 4 media file(s) saved
  [10656984] 1 media file(s) saved
  [10657089] 1 media file(s) saved
  [10657233] 1 media file(s) saved
  [10659438] 2 media file(s) saved
  [10659613] 2 media file(s) saved
  [1065987] 1 media file(s) saved
  [10660355] 1 media file(s) saved
  [1066153] 1 media file(s) saved
  [10661560] 1 media file(s) saved
  [1066354] 1 media file(s) saved
  [10663941] 1 media file(s) saved
  [10664592] 1 media file(s) saved
  [10664848] 1 media file(s) saved
  [10666767] 1 media file(s) saved
  [10667324] 1 media file(s) saved
  [10667577] 1 media file(s) saved
  [10668322] 1 media file(s) saved
  [10668417] 1 media file(s) saved
  [10668435] 1 media file(s) saved
  [10668437] 1 media file(s) saved
  [10669675] 6 media file(s) saved
  [10669784] 1 media file(s) saved
  [10670161] 1 media file(s) saved
  [10670163] 1 media file(s) saved
  [10670165] 1 media file(s) saved
  [10670167] 1 media file(s) saved
  [10670169] 1 media file(s) saved
  [10670429] 1 media file(s) saved
  [10670898] 1 media file(s) saved
  [10671123] 2 media file(s) saved
  [10671584] 1 media file(s) saved
  [10671784] 3 media file(s) saved
  [10672575] 2 media file(s) saved
  [10673208] 2 media file(s) saved
  [10673276] 1 media file(s) saved
  [10675478] 1 media file(s) saved
  [10676371] 2 media file(s) saved
  [10676523] 1 media file(s) saved
  [10676879] 1 media file(s) saved
  [10677503] 1 media file(s) saved
  [10677531] 1 media file(s) saved
  [10677692] 1 media file(s) saved
  [10677868] 1 media file(s) saved
  [1067867] 1 media file(s) saved
    [ERROR] download https://zenodo.org/api/records/10680251/files/EDC1994_Fe_calibrated.csv/content: 429 Client Error: TOO MANY REQUESTS for url: https://zenodo.org/api/records/10680251/files/EDC1994_Fe_calibrated.csv/content
    [ERROR] download https://zenodo.org/api/records/10680251/files/EGRIP253_Sr_calibrated.csv/content: 429 Client Error: TOO MANY REQUESTS for url: https://zenodo.org/api/records/10680251/files/EGRIP253_Sr_calibrated.csv/content
    [ERROR] download https://zenodo.org/api/records/10680251/files/MethodC_aged14days-28C_Al.csv/content: 429 Client Error: TOO MANY REQUESTS for url: https://zenodo.org/api/records/10680251/files/MethodC_aged14days-28C_Al.csv/content
    [ERROR] download https://zenodo.org/api/records/10680251/files/EGRIP3316_Sr_calibrated.csv/content: 429 Client Error: TOO MANY REQUESTS for url: https://zenodo.org/api/records/10680251/files/EGRIP3316_Sr_calibrated.csv/content
    [ERROR] download https://zenodo.org/api/records/10680251/files/EDC514_Mg_calibrated.csv/content: 429 Client Error: TOO MANY REQUESTS for url: https://zenodo.org/api/records/10680251/files/EDC514_Mg_calibrated.csv/content
    [ERROR] download https://zenodo.org/api/records/10680251/files/EDC514_Sr_calibrated.csv/content: 429 Client Error: TOO MANY REQUESTS for url: https://zenodo.org/api/records/10680251/files/EDC514_Sr_calibrated.csv/content
    [ERROR] download https://zenodo.org/api/records/10680251/files/EDC514_Al_calibrated.csv/content: 429 Client Error: TOO MANY REQUESTS for url: https://zenodo.org/api/records/10680251/files/EDC514_Al_calibrated.csv/content
    [ERROR] download https://zenodo.org/api/records/10680251/files/EGRIP253_Mg_calibrated.csv/content: 429 Client Error: TOO MANY REQUESTS for url: https://zenodo.org/api/records/10680251/files/EGRIP253_Mg_calibrated.csv/content
    [ERROR] download https://zenodo.org/api/records/10680251/files/EGRIP3316_Al_calibrated.csv/content: 429 Client Error: TOO MANY REQUESTS for url: https://zenodo.org/api/records/10680251/files/EGRIP3316_Al_calibrated.csv/content
    [ERROR] download https://zenodo.org/api/records/10680251/files/EDC1994_Sr_calibrated.csv/content: 429 Client Error: TOO MANY REQUESTS for url: https://zenodo.org/api/records/10680251/files/EDC1994_Sr_calibrated.csv/content
    [ERROR] download https://zenodo.org/api/records/10680251/files/EDC1994_Al_calibrated.csv/content: 429 Client Error: TOO MANY REQUESTS for url: https://zenodo.org/api/records/10680251/files/EDC1994_Al_calibrated.csv/content
    [ERROR] download https://zenodo.org/api/records/10680251/files/EDC1994_Mg_calibrated.csv/content: 429 Client Error: TOO MANY REQUESTS for url: https://zenodo.org/api/records/10680251/files/EDC1994_Mg_calibrated.csv/content
    [ERROR] download https://zenodo.org/api/records/10680251/files/MethodC_aged5days-10C_Na.csv/content: 429 Client Error: TOO MANY REQUESTS for url: https://zenodo.org/api/records/10680251/files/MethodC_aged5days-10C_Na.csv/content
    [ERROR] download https://zenodo.org/api/records/10680251/files/MethodC_aged5days-10C_Al.csv/content: 429 Client Error: TOO MANY REQUESTS for url: https://zenodo.org/api/records/10680251/files/MethodC_aged5days-10C_Al.csv/content
  [10680251] 12 media file(s) saved
  Rate limited — sleeping 60s
  [10680341] 1 media file(s) saved
  [10681217] 1 media file(s) saved
  [10681414] 1 media file(s) saved
  [10681802] 1 media file(s) saved
  [10681863] 1 media file(s) saved
  [10681991] 1 media file(s) saved
  [10682528] 1 media file(s) saved
  [10682923] 14 media file(s) saved
  [10683005] 1 media file(s) saved
  [10683033] 1 media file(s) saved
  [10683040] 1 media file(s) saved
  [10685037] 1 media file(s) saved
  [10685328] 1 media file(s) saved
  [10685335] 1 media file(s) saved
  [10685908] 5 media file(s) saved
  [10687150] 1 media file(s) saved
  [10687272] 1 media file(s) saved
  [10688570] 1 media file(s) saved
  [10688653] 1 media file(s) saved
  [10689061] 1 media file(s) saved
  [10690712] 1 media file(s) saved
  [10690946] 1 media file(s) saved
  [10691497] 2 media file(s) saved
  [10691548] 1 media file(s) saved
  [10691906] 1 media file(s) saved
  [10692073] 1 media file(s) saved
  [10692366] 1 media file(s) saved
  [10692424] 17 media file(s) saved
  [10692439] 1 media file(s) saved
  [10693474] 1 media file(s) saved
  [10693932] 1 media file(s) saved
  [10694780] 1 media file(s) saved
  [10695043] 17 media file(s) saved
  [10695111] 1 media file(s) saved
  [10695145] 4 media file(s) saved
  [10695376] 1 media file(s) saved
  [10695513] 1 media file(s) saved
  [10695714] 1 media file(s) saved
  [10695865] 1 media file(s) saved
  [10696016] 1 media file(s) saved
  [10696039] 1 media file(s) saved
  [10696935] 1 media file(s) saved
  [10697359] 4 media file(s) saved
  [10697406] 8 media file(s) saved
  [10697542] 4 media file(s) saved
  [10698540] 1 media file(s) saved
  [10698965] 1 media file(s) saved
  [10699549] 1 media file(s) saved
  [10699560] 1 media file(s) saved
  [10699621] 1 media file(s) saved
  [10699628] 1 media file(s) saved
  [10700583] 1 media file(s) saved
  [10701307] 1 media file(s) saved
  [10702287] 1 media file(s) saved
  [10703130] 1 media file(s) saved
  [10703513] 4 media file(s) saved
  [10705268] 1 media file(s) saved
  [10706980] 1 media file(s) saved
  [10707455] 1 media file(s) saved
  [10708467] 1 media file(s) saved
  [10708636] 1 media file(s) saved
  [10709331] 1 media file(s) saved
  [10709821] 1 media file(s) saved
    [ERROR] download https://zenodo.org/api/records/10713680/files/repro.tar.gz/content: 429 Client Error: TOO MANY REQUESTS for url: https://zenodo.org/api/records/10713680/files/repro.tar.gz/content
  Rate limited — sleeping 60s
  [10714366] 2 media file(s) saved
  [10714593] 1 media file(s) saved
  [10715121] 1 media file(s) saved
  [10715128] 1 media file(s) saved
  [10715431] 1 media file(s) saved
  [10715563] 1 media file(s) saved
  [10715633] 2 media file(s) saved
  [10716020] 1 media file(s) saved
  [10716178] 1 media file(s) saved
  [10716858] 3 media file(s) saved
  [10717830] 1 media file(s) saved
  [10718400] 1 media file(s) saved
  [10718498] 1 media file(s) saved
  [10718691] 1 media file(s) saved
  [10719255] 1 media file(s) saved
  [10719433] 1 media file(s) saved
  [10719435] 1 media file(s) saved
  [10720443] 1 media file(s) saved
  [10721727] 1 media file(s) saved
  [10721747] 3 media file(s) saved
  [10722335] 1 media file(s) saved
  [10722961] 1 media file(s) saved
  [10723373] 1 media file(s) saved
  [10723727] 10 media file(s) saved
  [10724012] 1 media file(s) saved
  [10724068] 1 media file(s) saved
  [10724210] 1 media file(s) saved
  [10724338] 3 media file(s) saved
  [10724505] 1 media file(s) saved
  [10725145] 1 media file(s) saved
  [10725164] 1 media file(s) saved
  [10725558] 1 media file(s) saved
  [10726019] 1 media file(s) saved
  [10726775] 1 media file(s) saved
  [10727261] 1 media file(s) saved
  [10727951] 1 media file(s) saved
  [10728417] 1 media file(s) saved
  [10728858] 1 media file(s) saved
  [10729588] 1 media file(s) saved
  [10729919] 1 media file(s) saved
  [10729960] 1 media file(s) saved
  [10730040] 1 media file(s) saved
  [10730114] 1 media file(s) saved
  [10730724] 1 media file(s) saved
  [10730828] 1 media file(s) saved
  [10731139] 1 media file(s) saved
  [10731900] 3 media file(s) saved
  [10736227] 1 media file(s) saved
  [10736283] 1 media file(s) saved
  [10740545] 1 media file(s) saved
  [10742007] 1 media file(s) saved
  [10743590] 1 media file(s) saved
  [10743944] 1 media file(s) saved
  [10746115] 1 media file(s) saved
  [10746185] 1 media file(s) saved
  [10746205] 1 media file(s) saved
  [10747927] 1 media file(s) saved
  [10751691] 1 media file(s) saved
  [10751752] 1 media file(s) saved
  [10752792] 1 media file(s) saved
  [10753349] 1 media file(s) saved
  [10754795] 1 media file(s) saved
  [10756442] 1 media file(s) saved
  [10757226] 1 media file(s) saved
  [10757283] 1 media file(s) saved
  [10757923] 1 media file(s) saved
  [10758218] 1 media file(s) saved
  [10762372] 1 media file(s) saved
  [10762424] 1 media file(s) saved
  [10763193] 1 media file(s) saved
  [10764888] 1 media file(s) saved
  [10767593] 1 media file(s) saved
  [10767929] 1 media file(s) saved
  [10770469] 1 media file(s) saved
  [10772544] 1 media file(s) saved
  [10774411] 1 media file(s) saved
  [10774482] 1 media file(s) saved
  [10774667] 1 media file(s) saved
  [10775194] 2 media file(s) saved
  [10775953] 1 media file(s) saved
  [10776145] 1 media file(s) saved
  [10776187] 1 media file(s) saved
  [10777581] 1 media file(s) saved
  [10781024] 1 media file(s) saved
  [10781172] 1 media file(s) saved
  [10781690] 2 media file(s) saved
  [10781878] 1 media file(s) saved
  [10782325] 1 media file(s) saved
  [10783101] 1 media file(s) saved
  [10784755] 1 media file(s) saved
  [10784843] 1 media file(s) saved
  [10785392] 1 media file(s) saved
  [10785398] 1 media file(s) saved
    [ERROR] download https://zenodo.org/api/records/10785486/files/Ref_Sites_Turneffe.csv/content: 429 Client Error: TOO MANY REQUESTS for url: https://zenodo.org/api/records/10785486/files/Ref_Sites_Turneffe.csv/content
    [ERROR] download https://zenodo.org/api/records/10785486/files/Ref_Collectors_Turneffe.csv/content: 429 Client Error: TOO MANY REQUESTS for url: https://zenodo.org/api/records/10785486/files/Ref_Collectors_Turneffe.csv/content
    [ERROR] download https://zenodo.org/api/records/10785486/files/Ref_Diseases_Coral.csv/content: 429 Client Error: TOO MANY REQUESTS for url: https://zenodo.org/api/records/10785486/files/Ref_Diseases_Coral.csv/content
    [ERROR] download https://zenodo.org/api/records/10785486/files/Ref_Fish_Species.csv/content: 429 Client Error: TOO MANY REQUESTS for url: https://zenodo.org/api/records/10785486/files/Ref_Fish_Species.csv/content
  [10785486] 4 media file(s) saved
  [10789533] 1 media file(s) saved
  [10789579] 1 media file(s) saved
  [10789693] 2 media file(s) saved
  [10790199] 1 media file(s) saved
  [10790535] 8 media file(s) saved
  [10790830] 1 media file(s) saved
  [10792475] 1 media file(s) saved
  [10792600] 1 media file(s) saved
  [10792714] 1 media file(s) saved
  [10794666] 1 media file(s) saved
  [10795838] 1 media file(s) saved
  [10795895] 1 media file(s) saved
  [10795954] 1 media file(s) saved
  [10795972] 1 media file(s) saved
  [10796002] 2 media file(s) saved
  [10796170] 1 media file(s) saved
  [10796319] 1 media file(s) saved
  [10796422] 1 media file(s) saved
  [10797112] 1 media file(s) saved
  [10797803] 1 media file(s) saved
    [ERROR] download https://zenodo.org/api/records/10798186/files/Fig_S7m.jpg/content: 429 Client Error: TOO MANY REQUESTS for url: https://zenodo.org/api/records/10798186/files/Fig_S7m.jpg/content
    [ERROR] download https://zenodo.org/api/records/10798186/files/Fig_S8d_1.tif/content: 429 Client Error: TOO MANY REQUESTS for url: https://zenodo.org/api/records/10798186/files/Fig_S8d_1.tif/content
    [ERROR] download https://zenodo.org/api/records/10798186/files/Fig_4f.tif/content: 429 Client Error: TOO MANY REQUESTS for url: https://zenodo.org/api/records/10798186/files/Fig_4f.tif/content
    [ERROR] download https://zenodo.org/api/records/10798186/files/Fig_S7b.jpg/content: 429 Client Error: TOO MANY REQUESTS for url: https://zenodo.org/api/records/10798186/files/Fig_S7b.jpg/content
    [ERROR] download https://zenodo.org/api/records/10798186/files/Fig_S4e_1.jpg/content: 429 Client Error: TOO MANY REQUESTS for url: https://zenodo.org/api/records/10798186/files/Fig_S4e_1.jpg/content
    [ERROR] download https://zenodo.org/api/records/10798186/files/Fig_S4e_3.jpg/content: 429 Client Error: TOO MANY REQUESTS for url: https://zenodo.org/api/records/10798186/files/Fig_S4e_3.jpg/content
    [ERROR] download https://zenodo.org/api/records/10798186/files/Fig_3b.jpg/content: 429 Client Error: TOO MANY REQUESTS for url: https://zenodo.org/api/records/10798186/files/Fig_3b.jpg/content
    [ERROR] download https://zenodo.org/api/records/10798186/files/Fig_S5a.tif/content: 429 Client Error: TOO MANY REQUESTS for url: https://zenodo.org/api/records/10798186/files/Fig_S5a.tif/content
    [ERROR] download https://zenodo.org/api/records/10798186/files/Fig_1a_4.tif/content: 429 Client Error: TOO MANY REQUESTS for url: https://zenodo.org/api/records/10798186/files/Fig_1a_4.tif/content
    [ERROR] download https://zenodo.org/api/records/10798186/files/Fig_S7d.tif/content: 429 Client Error: TOO MANY REQUESTS for url: https://zenodo.org/api/records/10798186/files/Fig_S7d.tif/content
    [ERROR] download https://zenodo.org/api/records/10798186/files/Fig_S6b_1.tif/content: 429 Client Error: TOO MANY REQUESTS for url: https://zenodo.org/api/records/10798186/files/Fig_S6b_1.tif/content
    [ERROR] download https://zenodo.org/api/records/10798186/files/Fig_3d.tif/content: 429 Client Error: TOO MANY REQUESTS for url: https://zenodo.org/api/records/10798186/files/Fig_3d.tif/content
    [ERROR] download https://zenodo.org/api/records/10798186/files/Fig_3e.tif/content: 429 Client Error: TOO MANY REQUESTS for url: https://zenodo.org/api/records/10798186/files/Fig_3e.tif/content
    [ERROR] download https://zenodo.org/api/records/10798186/files/Fig_S5c.tif/content: 429 Client Error: TOO MANY REQUESTS for url: https://zenodo.org/api/records/10798186/files/Fig_S5c.tif/content
    [ERROR] download https://zenodo.org/api/records/10798186/files/Fig_S7i.tif/content: 429 Client Error: TOO MANY REQUESTS for url: https://zenodo.org/api/records/10798186/files/Fig_S7i.tif/content
    [ERROR] download https://zenodo.org/api/records/10798186/files/Fig_S3b_2.tif/content: 429 Client Error: TOO MANY REQUESTS for url: https://zenodo.org/api/records/10798186/files/Fig_S3b_2.tif/content
    [ERROR] download https://zenodo.org/api/records/10798186/files/Fig_S7c.tif/content: 429 Client Error: TOO MANY REQUESTS for url: https://zenodo.org/api/records/10798186/files/Fig_S7c.tif/content
    [ERROR] download https://zenodo.org/api/records/10798186/files/Fig_S8d_2.jpg/content: 429 Client Error: TOO MANY REQUESTS for url: https://zenodo.org/api/records/10798186/files/Fig_S8d_2.jpg/content
  [10798186] 39 media file(s) saved
  [10798963] 1 media file(s) saved
  [10799015] 1 media file(s) saved
  [10799155] 1 media file(s) saved
  [10799301] 1 media file(s) saved
  [10802501] 1 media file(s) saved
    [ERROR] download https://zenodo.org/api/records/10804402/files/README.md/content: 429 Client Error: TOO MANY REQUESTS for url: https://zenodo.org/api/records/10804402/files/README.md/content
    [ERROR] download https://zenodo.org/api/records/10804402/files/Metadata.csv/content: 429 Client Error: TOO MANY REQUESTS for url: https://zenodo.org/api/records/10804402/files/Metadata.csv/content
    [ERROR] download https://zenodo.org/api/records/10804402/files/Annotation.csv/content: 429 Client Error: TOO MANY REQUESTS for url: https://zenodo.org/api/records/10804402/files/Annotation.csv/content
  Rate limited — sleeping 60s
  [10804680] 4 media file(s) saved
  [10805474] 22 media file(s) saved
  [10806974] 1 media file(s) saved
  [10807215] 1 media file(s) saved
  [10807219] 7 media file(s) saved
  [10808045] 1 media file(s) saved
  [10808295] 1 media file(s) saved
  [10808330] 2 media file(s) saved
  [10810545] 1 media file(s) saved
  [10810651] 1 media file(s) saved
  [10810783] 1 media file(s) saved
  [10810883] 2 media file(s) saved
  [10811280] 4 media file(s) saved
  [10812079] 1 media file(s) saved
  [10812081] 1 media file(s) saved
  [10812083] 1 media file(s) saved
  [10812217] 1 media file(s) saved
  [10812296] 10 media file(s) saved
  [10813201] 1 media file(s) saved
  [10813386] 1 media file(s) saved
  [10814054] 1 media file(s) saved
  [10815337] 6 media file(s) saved
  [10815493] 1 media file(s) saved
  [10815967] 1 media file(s) saved
  [10816150] 1 media file(s) saved
  [10818406] 1 media file(s) saved
  [10818410] 1 media file(s) saved
  [10818729] 1 media file(s) saved
  [10818978] 1 media file(s) saved
  [10819196] 2 media file(s) saved
  [10819244] 15 media file(s) saved
  [10819352] 1 media file(s) saved
  Rate limited — sleeping 60s
  [10819650] 1 media file(s) saved
  [10820201] 1 media file(s) saved
  [10820334] 1 media file(s) saved
  [10820662] 11 media file(s) saved
  [10821315] 1 media file(s) saved
  [10821359] 5 media file(s) saved
  [10821639] 1 media file(s) saved
  [10821683] 1 media file(s) saved
  [10822958] 1 media file(s) saved
  [10826616] 1 media file(s) saved
  [10827347] 1 media file(s) saved
  [10827586] 12 media file(s) saved
  [10828638] 1 media file(s) saved
  [10828695] 1 media file(s) saved
  [10830262] 1 media file(s) saved
  [10831230] 2 media file(s) saved
  [10836382] 1 media file(s) saved
  [10838010] 50 media file(s) saved
  [10838139] 1 media file(s) saved
  [10838646] 1 media file(s) saved
  [10838988] 1 media file(s) saved
  [10839667] 1 media file(s) saved
  [1084111] 1 media file(s) saved
  [10842041] 1 media file(s) saved
  [10842292] 1 media file(s) saved
  [10843492] 1 media file(s) saved
  [10843668] 1 media file(s) saved
    [ERROR] download https://zenodo.org/api/records/10843760/files/SynCRS%20GENCODE.gtf/content: 429 Client Error: TOO MANY REQUESTS for url: https://zenodo.org/api/records/10843760/files/SynCRS%20GENCODE.gtf/content
  [10843760] 6 media file(s) saved
  [1084434] 1 media file(s) saved
  [10847034] 1 media file(s) saved
    [ERROR] download https://zenodo.org/api/records/10847264/files/WJARR-2023-1670.pdf/content: 429 Client Error: TOO MANY REQUESTS for url: https://zenodo.org/api/records/10847264/files/WJARR-2023-1670.pdf/content
  Rate limited — sleeping 60s
  [10847553] 1 media file(s) saved
  [10847850] 1 media file(s) saved
  [10847906] 1 media file(s) saved
  [10847919] 1 media file(s) saved
  [10848077] 1 media file(s) saved
  [10849253] 1 media file(s) saved
  [10849378] 1 media file(s) saved
  [10850958] 2 media file(s) saved
  [10851278] 1 media file(s) saved
  [10851450] 1 media file(s) saved
  [10851460] 1 media file(s) saved
  [10852853] 2 media file(s) saved
  [10852897] 1 media file(s) saved
  [10853010] 1 media file(s) saved
  [10853074] 1 media file(s) saved
  [10853981] 2 media file(s) saved
  [10854229] 1 media file(s) saved
  [10854261] 1 media file(s) saved
  [10854325] 1 media file(s) saved
  [10863927] 1 media file(s) saved
  [10864721] 1 media file(s) saved
  [10864762] 1 media file(s) saved
  [10866140] 1 media file(s) saved
  [10866162] 5 media file(s) saved
  [10866993] 7 media file(s) saved
  [10867203] 2 media file(s) saved
  [10867915] 1 media file(s) saved
  [10868350] 1 media file(s) saved
  [10868361] 1 media file(s) saved
  [10869441] 1 media file(s) saved
  [10869788] 4 media file(s) saved
  [10869794] 1 media file(s) saved
  [10876351] 1 media file(s) saved
  [10877809] 1 media file(s) saved
  [10878021] 1 media file(s) saved
  [10878545] 1 media file(s) saved
  [10878572] 1 media file(s) saved
  [10878988] 1 media file(s) saved
  [10883478] 1 media file(s) saved
  [10884363] 1 media file(s) saved
  [10885046] 1 media file(s) saved
  [10885073] 1 media file(s) saved
  [10887755] 1 media file(s) saved
  [10887823] 1 media file(s) saved
  [10888154] 3 media file(s) saved
  [10889497] 1 media file(s) saved
  [10892131] 1 media file(s) saved
  [10892515] 6 media file(s) saved
  [10894391] 1 media file(s) saved
  [10894468] 1 media file(s) saved
  [10894792] 1 media file(s) saved
  [10898911] 1 media file(s) saved
  [10901051] 1 media file(s) saved
  [10902186] 2 media file(s) saved
  [10902860] 1 media file(s) saved
  [10902995] 1 media file(s) saved
  [10905464] 1 media file(s) saved
  [10908558] 1 media file(s) saved
  [10908851] 19 media file(s) saved
  [10909465] 1 media file(s) saved
  [10910446] 1 media file(s) saved
  [10912445] 21 media file(s) saved
  [10912519] 1 media file(s) saved
  [10912535] 1 media file(s) saved
  [10912801] 1 media file(s) saved
  [10914324] 4 media file(s) saved
  [10914355] 1 media file(s) saved
  [10914402] 2 media file(s) saved
  [10915741] 1 media file(s) saved
  [10917] 1 media file(s) saved
  [10924797] 2 media file(s) saved
  [10924887] 5 media file(s) saved
  [10925] 1 media file(s) saved
  [10925019] 1 media file(s) saved
  [10925564] 10 media file(s) saved
  [10926805] 2 media file(s) saved
  [10926854] 1 media file(s) saved
  [10926878] 1 media file(s) saved
  [10927918] 1 media file(s) saved
  [10928559] 5 media file(s) saved
  [10928788] 2 media file(s) saved
  [10929928] 1 media file(s) saved
  [10931406] 1 media file(s) saved
  [10931583] 1 media file(s) saved
  [10932045] 5 media file(s) saved
  [10933083] 1 media file(s) saved
  [10933755] 1 media file(s) saved
  [10934064] 4 media file(s) saved
  [10935225] 1 media file(s) saved
  [10936158] 12 media file(s) saved
  [10936338] 1 media file(s) saved
  [10940136] 1 media file(s) saved
  [10940485] 1 media file(s) saved
  [10943282] 1 media file(s) saved
  [10943605] 1 media file(s) saved
  [10945764] 1 media file(s) saved
  [10946315] 1 media file(s) saved
  [10947514] 1 media file(s) saved
  [10947852] 1 media file(s) saved
  [10951259] 1 media file(s) saved
  [10951466] 1 media file(s) saved
  [10951941] 1 media file(s) saved
  Rate limited — sleeping 60s
  [10952352] 1 media file(s) saved
  [10952547] 1 media file(s) saved
  [10952855] 1 media file(s) saved
  [10954599] 1 media file(s) saved
  [10955928] 1 media file(s) saved
  [10957005] 1 media file(s) saved
  [10958335] 1 media file(s) saved
  [1095860] 1 media file(s) saved
  [10958846] 1 media file(s) saved
  [10959551] 1 media file(s) saved
  [10960797] 2 media file(s) saved
  [10963214] 1 media file(s) saved
  [10963444] 1 media file(s) saved
  [10963481] 1 media file(s) saved
  [10963782] 2 media file(s) saved
  [10963890] 1 media file(s) saved
  [10964179] 1 media file(s) saved
  [10964233] 1 media file(s) saved
  [10964485] 1 media file(s) saved
  [10964936] 21 media file(s) saved
  [10966356] 1 media file(s) saved
  [10966622] 1 media file(s) saved
  [10966887] 1 media file(s) saved
  [10966960] 1 media file(s) saved
  [10967411] 1 media file(s) saved
  [10967537] 1 media file(s) saved
  [10968129] 1 media file(s) saved
  [10968825] 1 media file(s) saved
  [10969209] 1 media file(s) saved
  [10969296] 1 media file(s) saved
  [10969657] 1 media file(s) saved
  [10969665] 1 media file(s) saved
  [10969818] 1 media file(s) saved
  [10969824] 1 media file(s) saved
  [10970770] 1 media file(s) saved
  [10971404] 1 media file(s) saved
  [10972045] 1 media file(s) saved
  [10973333] 6 media file(s) saved
  [10973582] 1 media file(s) saved
  [10973772] 1 media file(s) saved
  [10975490] 2 media file(s) saved
  [10977070] 1 media file(s) saved
  [10979967] 1 media file(s) saved
  [1098030] 1 media file(s) saved
  [10980379] 1 media file(s) saved
  [10980430] 1 media file(s) saved
  [10981057] 1 media file(s) saved
  [10981742] 1 media file(s) saved
  [10983002] 1 media file(s) saved
  [10983596] 1 media file(s) saved
  [10984297] 1 media file(s) saved
  [10985172] 1 media file(s) saved
  [1098606] 4 media file(s) saved
  [1098612] 3 media file(s) saved
  [10986149] 1 media file(s) saved
  [10988298] 1 media file(s) saved
  [10989002] 1 media file(s) saved
  [10990170] 1 media file(s) saved
  [10990231] 1 media file(s) saved
  [10990233] 1 media file(s) saved
  [10990235] 1 media file(s) saved
  [10990359] 1 media file(s) saved
  [10990824] 1 media file(s) saved
  [10992001] 1 media file(s) saved
  [10992732] 1 media file(s) saved
  [10992972] 1 media file(s) saved
  [10994375] 1 media file(s) saved
  [10994556] 1 media file(s) saved
  [10994618] 1 media file(s) saved
  [10997382] 1 media file(s) saved
  [10998044] 7 media file(s) saved
  [10998931] 1 media file(s) saved
  [10999532] 5 media file(s) saved
  [11000514] 1 media file(s) saved
  [11000651] 1 media file(s) saved
  [11000723] 1 media file(s) saved
  [11001481] 1 media file(s) saved
  [11002926] 1 media file(s) saved
  [11003497] 1 media file(s) saved
  [1100360] 1 media file(s) saved
  [11003617] 1 media file(s) saved
  [11004825] 2 media file(s) saved
  [11026078] 1 media file(s) saved
  [11030855] 4 media file(s) saved
  [11031981] 1 media file(s) saved
  [11033333] 1 media file(s) saved
  [11037531] 1 media file(s) saved
  [11042331] 1 media file(s) saved
  [11043048] 1 media file(s) saved
  [11043058] 1 media file(s) saved
  [11043229] 1 media file(s) saved
  [11044116] 1 media file(s) saved
  [11044501] 1 media file(s) saved
  [11044652] 2 media file(s) saved
  [11044664] 1 media file(s) saved
  [11044762] 1 media file(s) saved
  [11045537] 1 media file(s) saved
  [11045559] 1 media file(s) saved
  [11046188] 1 media file(s) saved
  [11047721] 1 media file(s) saved
  [11047793] 3 media file(s) saved
  [11047889] 1 media file(s) saved
  [11048028] 1 media file(s) saved
  [11049040] 1 media file(s) saved
  [11050350] 1 media file(s) saved
  [11057300] 1 media file(s) saved
  [11059374] 1 media file(s) saved
  [11059634] 1 media file(s) saved
  [11060223] 7 media file(s) saved
  [11060273] 1 media file(s) saved
  [11061692] 1 media file(s) saved
  [11061894] 1 media file(s) saved
  [11062134] 1 media file(s) saved
  [11062253] 2 media file(s) saved
  [11064983] 1 media file(s) saved
    [ERROR] download https://zenodo.org/api/records/11065230/files/antioxidants-12-01390.pdf/content: 429 Client Error: TOO MANY REQUESTS for url: https://zenodo.org/api/records/11065230/files/antioxidants-12-01390.pdf/content
  [11065230] 1 media file(s) saved
  Rate limited — sleeping 60s
  [11065276] 1 media file(s) saved
  [11066339] 1 media file(s) saved
  [11068148] 1 media file(s) saved
  [11068474] 1 media file(s) saved
  [11069805] 2 media file(s) saved
  [11069950] 1 media file(s) saved
  [11070289] 1 media file(s) saved
  [11072240] 1 media file(s) saved
  [11072332] 1 media file(s) saved
  [11072352] 1 media file(s) saved
  [11072623] 1 media file(s) saved
  [11074773] 1 media file(s) saved
  [11074777] 1 media file(s) saved
  [11074809] 1 media file(s) saved
  [11074928] 1 media file(s) saved
  [11075114] 1 media file(s) saved
  [11075319] 1 media file(s) saved
  [11075327] 1 media file(s) saved
  [11078253] 1 media file(s) saved
  [11078342] 1 media file(s) saved
  [11078780] 1 media file(s) saved
  [11079922] 1 media file(s) saved
  [11081265] 1 media file(s) saved
  [11081427] 1 media file(s) saved
  [11082415] 1 media file(s) saved
  [11084220] 3 media file(s) saved
  [11085856] 1 media file(s) saved
  [11086269] 1 media file(s) saved
  [11086361] 1 media file(s) saved
  [11086945] 1 media file(s) saved
  [11087688] 2 media file(s) saved
  [11089641] 6 media file(s) saved
  [11090251] 1 media file(s) saved
  [11090577] 1 media file(s) saved
  [1109133] 1 media file(s) saved
  [11091446] 1 media file(s) saved
  [11093431] 1 media file(s) saved
  [11093490] 1 media file(s) saved
  [11094054] 1 media file(s) saved
  [11094579] 2 media file(s) saved
  [11095920] 1 media file(s) saved
  [11095952] 1 media file(s) saved
  [11096611] 1 media file(s) saved
  [11097068] 3 media file(s) saved
  [11097412] 1 media file(s) saved
  [11097855] 1 media file(s) saved
  [11099213] 1 media file(s) saved
  [11100257] 3 media file(s) saved
  [11100482] 2 media file(s) saved
  [11101252] 1 media file(s) saved
  [11102382] 1 media file(s) saved
  [11103549] 5 media file(s) saved
  [11103609] 2 media file(s) saved
  [11103984] 1 media file(s) saved
  [11104704] 1 media file(s) saved
  [11107751] 2 media file(s) saved
  [11108209] 3 media file(s) saved
  [11108852] 1 media file(s) saved
  [11109348] 1 media file(s) saved
  [11109501] 1 media file(s) saved
  [11109703] 1 media file(s) saved
  [11111181] 3 media file(s) saved
  [11112182] 1 media file(s) saved
  [11112339] 1 media file(s) saved
  [11112410] 1 media file(s) saved
  [11112783] 1 media file(s) saved
  [11113146] 1 media file(s) saved
  [11114] 1 media file(s) saved
  [11115227] 1 media file(s) saved
  [11115444] 1 media file(s) saved
  [11120977] 1 media file(s) saved
  [11122602] 1 media file(s) saved
  [11125360] 1 media file(s) saved
  [11125731] 1 media file(s) saved
  [11125834] 1 media file(s) saved
  [11125868] 2 media file(s) saved
  [11130524] 1 media file(s) saved
  [11133989] 4 media file(s) saved
  [11140399] 1 media file(s) saved
  [11142030] 1 media file(s) saved
  [11144249] 4 media file(s) saved
  [11144335] 1 media file(s) saved
  [11144588] 1 media file(s) saved
  [11145069] 1 media file(s) saved
  [11146215] 1 media file(s) saved
  [11146489] 1 media file(s) saved
    [ERROR] download https://zenodo.org/api/records/11150146/files/figure.png/content: 429 Client Error: TOO MANY REQUESTS for url: https://zenodo.org/api/records/11150146/files/figure.png/content
    [ERROR] download https://zenodo.org/api/records/11154118/files/2a._habitat_type_F2.R/content: 429 Client Error: TOO MANY REQUESTS for url: https://zenodo.org/api/records/11154118/files/2a._habitat_type_F2.R/content
    [ERROR] download https://zenodo.org/api/records/11154118/files/NDVI_col_BD_M.txt/content: 429 Client Error: TOO MANY REQUESTS for url: https://zenodo.org/api/records/11154118/files/NDVI_col_BD_M.txt/content
    [ERROR] download https://zenodo.org/api/records/11154118/files/beautifile_v3_uncorrelated_MCC/content: 429 Client Error: TOO MANY REQUESTS for url: https://zenodo.org/api/records/11154118/files/beautifile_v3_uncorrelated_MCC/content
    [ERROR] download https://zenodo.org/api/records/11154118/files/NDVI_col_BD_F.txt/content: 429 Client Error: TOO MANY REQUESTS for url: https://zenodo.org/api/records/11154118/files/NDVI_col_BD_F.txt/content
    [ERROR] download https://zenodo.org/api/records/11154118/files/NDVI_col_CR_F.txt/content: 429 Client Error: TOO MANY REQUESTS for url: https://zenodo.org/api/records/11154118/files/NDVI_col_CR_F.txt/content
    [ERROR] download https://zenodo.org/api/records/11154118/files/NDVI_col_MA_F.txt/content: 429 Client Error: TOO MANY REQUESTS for url: https://zenodo.org/api/records/11154118/files/NDVI_col_MA_F.txt/content
    [ERROR] download https://zenodo.org/api/records/11154118/files/NDVI_col_MA_M.txt/content: 429 Client Error: TOO MANY REQUESTS for url: https://zenodo.org/api/records/11154118/files/NDVI_col_MA_M.txt/content
    [ERROR] download https://zenodo.org/api/records/11154118/files/NDVI_col_TH_F.txt/content: 429 Client Error: TOO MANY REQUESTS for url: https://zenodo.org/api/records/11154118/files/NDVI_col_TH_F.txt/content
    [ERROR] download https://zenodo.org/api/records/11154118/files/NDVI_col_BE_M.txt/content: 429 Client Error: TOO MANY REQUESTS for url: https://zenodo.org/api/records/11154118/files/NDVI_col_BE_M.txt/content
    [ERROR] download https://zenodo.org/api/records/11154118/files/distances3/content: 429 Client Error: TOO MANY REQUESTS for url: https://zenodo.org/api/records/11154118/files/distances3/content
    [ERROR] download https://zenodo.org/api/records/11154118/files/coldist_vs_sympatry_F.txt/content: 429 Client Error: TOO MANY REQUESTS for url: https://zenodo.org/api/records/11154118/files/coldist_vs_sympatry_F.txt/content
    [ERROR] download https://zenodo.org/api/records/11154118/files/NDVI_col_CR_M.txt/content: 429 Client Error: TOO MANY REQUESTS for url: https://zenodo.org/api/records/11154118/files/NDVI_col_CR_M.txt/content
    [ERROR] download https://zenodo.org/api/records/11154118/files/NDVI_col_TH_M.txt/content: 429 Client Error: TOO MANY REQUESTS for url: https://zenodo.org/api/records/11154118/files/NDVI_col_TH_M.txt/content
    [ERROR] download https://zenodo.org/api/records/11154118/files/habitat_2.csv/content: 429 Client Error: TOO MANY REQUESTS for url: https://zenodo.org/api/records/11154118/files/habitat_2.csv/content
    [ERROR] download https://zenodo.org/api/records/11154118/files/NDVI_col_BA_F.txt/content: 429 Client Error: TOO MANY REQUESTS for url: https://zenodo.org/api/records/11154118/files/NDVI_col_BA_F.txt/content
    [ERROR] download https://zenodo.org/api/records/11154118/files/1._coldist_vs_sympatry_final_F.R/content: 429 Client Error: TOO MANY REQUESTS for url: https://zenodo.org/api/records/11154118/files/1._coldist_vs_sympatry_final_F.R/content
    [ERROR] download https://zenodo.org/api/records/11154118/files/NDVI_col_BE_F.txt/content: 429 Client Error: TOO MANY REQUESTS for url: https://zenodo.org/api/records/11154118/files/NDVI_col_BE_F.txt/content
    [ERROR] download https://zenodo.org/api/records/11154118/files/README.txt/content: 429 Client Error: TOO MANY REQUESTS for url: https://zenodo.org/api/records/11154118/files/README.txt/content
    [ERROR] download https://zenodo.org/api/records/11154118/files/README.md/content: 429 Client Error: TOO MANY REQUESTS for url: https://zenodo.org/api/records/11154118/files/README.md/content
  [11154118] 5 media file(s) saved
  Rate limited — sleeping 60s
  [11154142] 1 media file(s) saved
  [1115554] 2 media file(s) saved
  [11157655] 1 media file(s) saved
  [1115888] 1 media file(s) saved
  [11158985] 1 media file(s) saved
  [11161798] 1 media file(s) saved
  [11164054] 1 media file(s) saved
  [11164616] 1 media file(s) saved
  [11164720] 1 media file(s) saved
  [11165205] 1 media file(s) saved
  [1116884] 1 media file(s) saved
  [1116926] 1 media file(s) saved
  [1116952] 1 media file(s) saved
  [11170731] 1 media file(s) saved
  [11171503] 1 media file(s) saved
  [11172952] 1 media file(s) saved
  [11173667] 1 media file(s) saved
  [11175482] 2 media file(s) saved
  [1117666] 1 media file(s) saved
  [1117716] 1 media file(s) saved
  [1117869] 1 media file(s) saved
  [11179119] 1 media file(s) saved
  [11179740] 1 media file(s) saved
  [11180791] 1 media file(s) saved
  [11181457] 1 media file(s) saved
  [11181524] 1 media file(s) saved
  [11181559] 1 media file(s) saved
  [11183548] 1 media file(s) saved
  [1118384] 1 media file(s) saved
  [11184895] 1 media file(s) saved
  [11184905] 1 media file(s) saved
  [11184929] 1 media file(s) saved
  [11184931] 1 media file(s) saved
  [11185134] 2 media file(s) saved
  [11185531] 1 media file(s) saved
  [11185801] 1 media file(s) saved
  [11185917] 1 media file(s) saved
  [11186314] 1 media file(s) saved
  [11186958] 1 media file(s) saved
  [11187465] 3 media file(s) saved
  [11187796] 1 media file(s) saved
  [11189379] 1 media file(s) saved
  [11189718] 1 media file(s) saved
  [11189732] 1 media file(s) saved
  [11189882] 1 media file(s) saved
  [11190175] 1 media file(s) saved
  [11190239] 50 media file(s) saved
  [11191324] 1 media file(s) saved
  [11191404] 1 media file(s) saved
  [11191454] 1 media file(s) saved
  [11193305] 2 media file(s) saved
  [11193368] 5 media file(s) saved
  [11194149] 2 media file(s) saved
  [11194550] 1 media file(s) saved
  [11194947] 1 media file(s) saved
  [11195583] 1 media file(s) saved
  [11195615] 1 media file(s) saved
  [11196274] 1 media file(s) saved
  [11198664] 1 media file(s) saved
  [1119898] 1 media file(s) saved
  [11199086] 2 media file(s) saved
  [1119918] 1 media file(s) saved
  [11199567] 1 media file(s) saved
  [11201379] 3 media file(s) saved
  [11201636] 9 media file(s) saved
  [11202207] 1 media file(s) saved
  [11202417] 1 media file(s) saved
  [11202973] 1 media file(s) saved
  [11203693] 1 media file(s) saved
  [11204746] 1 media file(s) saved
  [11204979] 1 media file(s) saved
  [11205529] 1 media file(s) saved
  [11205799] 1 media file(s) saved
  [1120631] 1 media file(s) saved
    [ERROR] download https://zenodo.org/api/records/11207010/files/README.md/content: 429 Client Error: TOO MANY REQUESTS for url: https://zenodo.org/api/records/11207010/files/README.md/content
    [ERROR] download https://zenodo.org/api/records/11207010/files/CBW1-16-15_S82_Bird12sB.fastq/content: 429 Client Error: TOO MANY REQUESTS for url: https://zenodo.org/api/records/11207010/files/CBW1-16-15_S82_Bird12sB.fastq/content
    [ERROR] download https://zenodo.org/api/records/11207010/files/CBW9-16-11_S90_Bird12sB.fastq/content: 429 Client Error: TOO MANY REQUESTS for url: https://zenodo.org/api/records/11207010/files/CBW9-16-11_S90_Bird12sB.fastq/content
    [ERROR] download https://zenodo.org/api/records/11207010/files/MI1-17-8_S104_Bird12sB.fastq/content: 429 Client Error: TOO MANY REQUESTS for url: https://zenodo.org/api/records/11207010/files/MI1-17-8_S104_Bird12sB.fastq/content
    [ERROR] download https://zenodo.org/api/records/11207010/files/PINP_SEABIRD_META_AND_DATA.xlsx/content: 429 Client Error: TOO MANY REQUESTS for url: https://zenodo.org/api/records/11207010/files/PINP_SEABIRD_META_AND_DATA.xlsx/content
    [ERROR] download https://zenodo.org/api/records/11207010/files/CBW9-15-4_S76_Bird12sB.fastq/content: 429 Client Error: TOO MANY REQUESTS for url: https://zenodo.org/api/records/11207010/files/CBW9-15-4_S76_Bird12sB.fastq/content
    [ERROR] download https://zenodo.org/api/records/11207010/files/CBW9-16-4_S86_Bird12sB.fastq/content: 429 Client Error: TOO MANY REQUESTS for url: https://zenodo.org/api/records/11207010/files/CBW9-16-4_S86_Bird12sB.fastq/content
    [ERROR] download https://zenodo.org/api/records/11207010/files/CBW1-16-12_S80_Bird12sB.fastq/content: 429 Client Error: TOO MANY REQUESTS for url: https://zenodo.org/api/records/11207010/files/CBW1-16-12_S80_Bird12sB.fastq/content
    [ERROR] download https://zenodo.org/api/records/11207010/files/CBW1-17-5_S91_Bird12sB.fastq/content: 429 Client Error: TOO MANY REQUESTS for url: https://zenodo.org/api/records/11207010/files/CBW1-17-5_S91_Bird12sB.fastq/content
    [ERROR] download https://zenodo.org/api/records/11207010/files/CBW1-17-10_S93_Bird12sB.fastq/content: 429 Client Error: TOO MANY REQUESTS for url: https://zenodo.org/api/records/11207010/files/CBW1-17-10_S93_Bird12sB.fastq/content
    [ERROR] download https://zenodo.org/api/records/11207010/files/GI1-17-3_S105_Bird12sB.fastq/content: 429 Client Error: TOO MANY REQUESTS for url: https://zenodo.org/api/records/11207010/files/GI1-17-3_S105_Bird12sB.fastq/content
    [ERROR] download https://zenodo.org/api/records/11207010/files/CBW1-16-9_S79_Bird12sB.fastq/content: 429 Client Error: TOO MANY REQUESTS for url: https://zenodo.org/api/records/11207010/files/CBW1-16-9_S79_Bird12sB.fastq/content
    [ERROR] download https://zenodo.org/api/records/11207010/files/CBW9-16-9_S89_Bird12sB.fastq/content: 429 Client Error: TOO MANY REQUESTS for url: https://zenodo.org/api/records/11207010/files/CBW9-16-9_S89_Bird12sB.fastq/content
    [ERROR] download https://zenodo.org/api/records/11207010/files/CBW1-17-17_S95_Bird12sB.fastq/content: 429 Client Error: TOO MANY REQUESTS for url: https://zenodo.org/api/records/11207010/files/CBW1-17-17_S95_Bird12sB.fastq/content
    [ERROR] download https://zenodo.org/api/records/11207010/files/MI1-17-3_S101_Bird12sB.fastq/content: 429 Client Error: TOO MANY REQUESTS for url: https://zenodo.org/api/records/11207010/files/MI1-17-3_S101_Bird12sB.fastq/content
    [ERROR] download https://zenodo.org/api/records/11207010/files/CBW1-17-9_S92_Bird12sB.fastq/content: 429 Client Error: TOO MANY REQUESTS for url: https://zenodo.org/api/records/11207010/files/CBW1-17-9_S92_Bird12sB.fastq/content
    [ERROR] download https://zenodo.org/api/records/11207010/files/CBW1-17-12_S94_Bird12sB.fastq/content: 429 Client Error: TOO MANY REQUESTS for url: https://zenodo.org/api/records/11207010/files/CBW1-17-12_S94_Bird12sB.fastq/content
    [ERROR] download https://zenodo.org/api/records/11207010/files/CBW1-17-19_S96_Bird12sB.fastq/content: 429 Client Error: TOO MANY REQUESTS for url: https://zenodo.org/api/records/11207010/files/CBW1-17-19_S96_Bird12sB.fastq/content
    [ERROR] download https://zenodo.org/api/records/11207010/files/ExBlank7_S109_Bird12sB.fastq/content: 429 Client Error: TOO MANY REQUESTS for url: https://zenodo.org/api/records/11207010/files/ExBlank7_S109_Bird12sB.fastq/content
    [ERROR] download https://zenodo.org/api/records/11207010/files/ExBlank3_S108_Bird12sB.fastq/content: 429 Client Error: TOO MANY REQUESTS for url: https://zenodo.org/api/records/11207010/files/ExBlank3_S108_Bird12sB.fastq/content
    [ERROR] download https://zenodo.org/api/records/11207010/files/MI9-16-3_S97_Bird12sB.fastq/content: 429 Client Error: TOO MANY REQUESTS for url: https://zenodo.org/api/records/11207010/files/MI9-16-3_S97_Bird12sB.fastq/content
    [ERROR] download https://zenodo.org/api/records/11207010/files/MI9-16-8_S98_Bird12sB.fastq/content: 429 Client Error: TOO MANY REQUESTS for url: https://zenodo.org/api/records/11207010/files/MI9-16-8_S98_Bird12sB.fastq/content
    [ERROR] download https://zenodo.org/api/records/11207010/files/NTC_S111_Bird12sB.fastq/content: 429 Client Error: TOO MANY REQUESTS for url: https://zenodo.org/api/records/11207010/files/NTC_S111_Bird12sB.fastq/content
    [ERROR] download https://zenodo.org/api/records/11207010/files/CBW9-16-3_S85_Bird12sB.fastq/content: 429 Client Error: TOO MANY REQUESTS for url: https://zenodo.org/api/records/11207010/files/CBW9-16-3_S85_Bird12sB.fastq/content
  [11207010] 8 media file(s) saved
    [ERROR] download https://zenodo.org/api/records/11207128/files/Figure_4B.txt/content: 429 Client Error: TOO MANY REQUESTS for url: https://zenodo.org/api/records/11207128/files/Figure_4B.txt/content
    [ERROR] download https://zenodo.org/api/records/11207128/files/Supplementary_Figure_3D.txt/content: 429 Client Error: TOO MANY REQUESTS for url: https://zenodo.org/api/records/11207128/files/Supplementary_Figure_3D.txt/content
    [ERROR] download https://zenodo.org/api/records/11207128/files/Supplementary_Figure_5B.txt/content: 429 Client Error: TOO MANY REQUESTS for url: https://zenodo.org/api/records/11207128/files/Supplementary_Figure_5B.txt/content
    [ERROR] download https://zenodo.org/api/records/11207128/files/Supplementary_Figure_5E.txt/content: 429 Client Error: TOO MANY REQUESTS for url: https://zenodo.org/api/records/11207128/files/Supplementary_Figure_5E.txt/content
    [ERROR] download https://zenodo.org/api/records/11207128/files/Figure_2D.txt/content: 429 Client Error: TOO MANY REQUESTS for url: https://zenodo.org/api/records/11207128/files/Figure_2D.txt/content
    [ERROR] download https://zenodo.org/api/records/11207128/files/Supplementary_Figure_5D.txt/content: 429 Client Error: TOO MANY REQUESTS for url: https://zenodo.org/api/records/11207128/files/Supplementary_Figure_5D.txt/content
    [ERROR] download https://zenodo.org/api/records/11207128/files/Supplementary_Figure_6C.txt/content: 429 Client Error: TOO MANY REQUESTS for url: https://zenodo.org/api/records/11207128/files/Supplementary_Figure_6C.txt/content
    [ERROR] download https://zenodo.org/api/records/11207128/files/Supplementary_Figure_3B.txt/content: 429 Client Error: TOO MANY REQUESTS for url: https://zenodo.org/api/records/11207128/files/Supplementary_Figure_3B.txt/content
    [ERROR] download https://zenodo.org/api/records/11207128/files/Suplementary_Figure_4H.txt/content: 429 Client Error: TOO MANY REQUESTS for url: https://zenodo.org/api/records/11207128/files/Suplementary_Figure_4H.txt/content
    [ERROR] download https://zenodo.org/api/records/11207128/files/Figure_2H.txt/content: 429 Client Error: TOO MANY REQUESTS for url: https://zenodo.org/api/records/11207128/files/Figure_2H.txt/content
    [ERROR] download https://zenodo.org/api/records/11207128/files/Figure_2J.txt/content: 429 Client Error: TOO MANY REQUESTS for url: https://zenodo.org/api/records/11207128/files/Figure_2J.txt/content
    [ERROR] download https://zenodo.org/api/records/11207128/files/Figure_6B.txt/content: 429 Client Error: TOO MANY REQUESTS for url: https://zenodo.org/api/records/11207128/files/Figure_6B.txt/content
    [ERROR] download https://zenodo.org/api/records/11207128/files/Supplementary_Figure_1B.txt/content: 429 Client Error: TOO MANY REQUESTS for url: https://zenodo.org/api/records/11207128/files/Supplementary_Figure_1B.txt/content
    [ERROR] download https://zenodo.org/api/records/11207128/files/Figure_3B.txt/content: 429 Client Error: TOO MANY REQUESTS for url: https://zenodo.org/api/records/11207128/files/Figure_3B.txt/content
    [ERROR] download https://zenodo.org/api/records/11207128/files/Figure_3F.txt/content: 429 Client Error: TOO MANY REQUESTS for url: https://zenodo.org/api/records/11207128/files/Figure_3F.txt/content
    [ERROR] download https://zenodo.org/api/records/11207128/files/Figure_5C.txt/content: 429 Client Error: TOO MANY REQUESTS for url: https://zenodo.org/api/records/11207128/files/Figure_5C.txt/content
    [ERROR] download https://zenodo.org/api/records/11207128/files/Supplementary_Figure_4D.txt/content: 429 Client Error: TOO MANY REQUESTS for url: https://zenodo.org/api/records/11207128/files/Supplementary_Figure_4D.txt/content
    [ERROR] download https://zenodo.org/api/records/11207128/files/Figure_2F.txt/content: 429 Client Error: TOO MANY REQUESTS for url: https://zenodo.org/api/records/11207128/files/Figure_2F.txt/content
    [ERROR] download https://zenodo.org/api/records/11207128/files/Figure_2C.txt/content: 429 Client Error: TOO MANY REQUESTS for url: https://zenodo.org/api/records/11207128/files/Figure_2C.txt/content
    [ERROR] download https://zenodo.org/api/records/11207128/files/Figure_4A.txt/content: 429 Client Error: TOO MANY REQUESTS for url: https://zenodo.org/api/records/11207128/files/Figure_4A.txt/content
    [ERROR] download https://zenodo.org/api/records/11207128/files/Supplementary_Figure_4G.txt/content: 429 Client Error: TOO MANY REQUESTS for url: https://zenodo.org/api/records/11207128/files/Supplementary_Figure_4G.txt/content
    [ERROR] download https://zenodo.org/api/records/11207128/files/README.md/content: 429 Client Error: TOO MANY REQUESTS for url: https://zenodo.org/api/records/11207128/files/README.md/content
  [11207128] 6 media file(s) saved
    [ERROR] download https://zenodo.org/api/records/11207188/files/PHAR_article_123277.pdf/content: 429 Client Error: TOO MANY REQUESTS for url: https://zenodo.org/api/records/11207188/files/PHAR_article_123277.pdf/content
    [ERROR] download https://zenodo.org/api/records/11207188/files/PHAR_article_123277.xml/content: 429 Client Error: TOO MANY REQUESTS for url: https://zenodo.org/api/records/11207188/files/PHAR_article_123277.xml/content
  [11207368] 1 media file(s) saved
  [11207370] 1 media file(s) saved
  [11207582] 1 media file(s) saved
  [1120759] 1 media file(s) saved
  [1120873] 1 media file(s) saved
  [11208955] 1 media file(s) saved
  [11209185] 1 media file(s) saved
  [11209793] 1 media file(s) saved
  [1121037] 1 media file(s) saved
  [1121061] 1 media file(s) saved
  [1121143] 1 media file(s) saved
  [1121289] 1 media file(s) saved
  [1121351] 1 media file(s) saved
  [11213596] 1 media file(s) saved
  [11214485] 1 media file(s) saved
  [11216202] 1 media file(s) saved
  [1121675] 1 media file(s) saved
  [1121731] 1 media file(s) saved
  [1121739] 1 media file(s) saved
  [11217443] 1 media file(s) saved
  [1121747] 1 media file(s) saved
  [11217525] 1 media file(s) saved
  [11217566] 1 media file(s) saved
  [1121989] 1 media file(s) saved
  [11220136] 1 media file(s) saved
  [1122121] 1 media file(s) saved
  [11221888] 1 media file(s) saved
  [11223623] 1 media file(s) saved
  [11224025] 3 media file(s) saved
  [1122445] 1 media file(s) saved
  [11224623] 9 media file(s) saved
  [11228952] 1 media file(s) saved
  [11230471] 1 media file(s) saved
  [11231438] 1 media file(s) saved
  [11232498] 1 media file(s) saved
  [11233553] 1 media file(s) saved
  [11233823] 1 media file(s) saved
  [11235193] 1 media file(s) saved
  [11236032] 1 media file(s) saved
  [11236075] 1 media file(s) saved
  [11237330] 1 media file(s) saved
  [11237816] 1 media file(s) saved
  [11239434] 1 media file(s) saved
  [11239447] 1 media file(s) saved
  [11239988] 1 media file(s) saved
  [11240807] 1 media file(s) saved
  [11241703] 1 media file(s) saved
  [11242623] 1 media file(s) saved
  [11242773] 1 media file(s) saved
  [11242886] 1 media file(s) saved
  [11243085] 1 media file(s) saved
  [11243191] 1 media file(s) saved
  [11243566] 1 media file(s) saved
  [11243658] 1 media file(s) saved
  [11243733] 1 media file(s) saved
  [11243739] 1 media file(s) saved
  [11245324] 1 media file(s) saved
  [11246546] 1 media file(s) saved
  [1124797] 1 media file(s) saved
  [11253198] 1 media file(s) saved
  [11256520] 1 media file(s) saved
  [11256757] 1 media file(s) saved
  [11256882] 1 media file(s) saved
  [11258921] 1 media file(s) saved
    [ERROR] download https://zenodo.org/api/records/11261372/files/dcr_AF_P209_AA_1_alpha.tsv.gz/content: 429 Client Error: TOO MANY REQUESTS for url: https://zenodo.org/api/records/11261372/files/dcr_AF_P209_AA_1_alpha.tsv.gz/content
    [ERROR] download https://zenodo.org/api/records/11261372/files/dcr_AF_P191_AA_1_alpha.tsv.gz/content: 429 Client Error: TOO MANY REQUESTS for url: https://zenodo.org/api/records/11261372/files/dcr_AF_P191_AA_1_alpha.tsv.gz/content
    [ERROR] download https://zenodo.org/api/records/11261372/files/dcr_AF_P202_EAT_1_alpha.tsv.gz/content: 429 Client Error: TOO MANY REQUESTS for url: https://zenodo.org/api/records/11261372/files/dcr_AF_P202_EAT_1_alpha.tsv.gz/content
    [ERROR] download https://zenodo.org/api/records/11261372/files/dcr_AF_P180_AA_1_beta.tsv.gz/content: 429 Client Error: TOO MANY REQUESTS for url: https://zenodo.org/api/records/11261372/files/dcr_AF_P180_AA_1_beta.tsv.gz/content
    [ERROR] download https://zenodo.org/api/records/11261372/files/dcr_AF_P202_EAT_1_beta.tsv.gz/content: 429 Client Error: TOO MANY REQUESTS for url: https://zenodo.org/api/records/11261372/files/dcr_AF_P202_EAT_1_beta.tsv.gz/content
    [ERROR] download https://zenodo.org/api/records/11261372/files/dcr_AF_P209_EAT_1_alpha.tsv.gz/content: 429 Client Error: TOO MANY REQUESTS for url: https://zenodo.org/api/records/11261372/files/dcr_AF_P209_EAT_1_alpha.tsv.gz/content
    [ERROR] download https://zenodo.org/api/records/11261372/files/dcr_AF_P202_BLD_1_alpha.tsv.gz/content: 429 Client Error: TOO MANY REQUESTS for url: https://zenodo.org/api/records/11261372/files/dcr_AF_P202_BLD_1_alpha.tsv.gz/content
  [11261372] 18 media file(s) saved
    [ERROR] download https://zenodo.org/api/records/11265935/files/IJPCR,Vol15,Issue10,Article122.pdf/content: 429 Client Error: TOO MANY REQUESTS for url: https://zenodo.org/api/records/11265935/files/IJPCR,Vol15,Issue10,Article122.pdf/content
    [ERROR] download https://zenodo.org/api/records/11267302/files/PCharlton%20-%20PulseOx%20Event%20Next%20Steps.pdf/content: 429 Client Error: TOO MANY REQUESTS for url: https://zenodo.org/api/records/11267302/files/PCharlton%20-%20PulseOx%20Event%20Next%20Steps.pdf/content
  [11268532] 1 media file(s) saved
  [11269636] 1 media file(s) saved
  [11276851] 1 media file(s) saved
  [11277684] 1 media file(s) saved
  [11277799] 1 media file(s) saved
  [11279665] 1 media file(s) saved
  [11289839] 2 media file(s) saved
  [1129317] 1 media file(s) saved
  [11294635] 1 media file(s) saved
  [11297249] 1 media file(s) saved
  [11302913] 1 media file(s) saved
  [11303771] 1 media file(s) saved
  [11311599] 1 media file(s) saved
  [11314582] 1 media file(s) saved
  [11320467] 1 media file(s) saved
  [11322010] 1 media file(s) saved
  [11323228] 1 media file(s) saved
  [11331098] 1 media file(s) saved
  [11332965] 1 media file(s) saved
  [1133771] 1 media file(s) saved
  [11343250] 1 media file(s) saved
  [11352228] 1 media file(s) saved
  [11352647] 1 media file(s) saved
  [11352679] 1 media file(s) saved
  [11353612] 1 media file(s) saved
  [1135420] 1 media file(s) saved
  [11354236] 1 media file(s) saved
  [11354708] 1 media file(s) saved
  [11355488] 1 media file(s) saved
  [11356036] 1 media file(s) saved
  [11356463] 7 media file(s) saved
  [11356876] 1 media file(s) saved
  [11356964] 1 media file(s) saved
  [11357765] 1 media file(s) saved
  [11357957] 1 media file(s) saved
  [11358032] 1 media file(s) saved
  [11358554] 1 media file(s) saved
  [1135884] 1 media file(s) saved
  [11358855] 1 media file(s) saved
  [11359120] 1 media file(s) saved
  [1136238] 1 media file(s) saved
  [11363007] 1 media file(s) saved
  [1136346] 3 media file(s) saved
  [11364876] 6 media file(s) saved
  [11365760] 1 media file(s) saved
  [11368451] 1 media file(s) saved
  [11369039] 1 media file(s) saved
  [11369478] 1 media file(s) saved
  [11369627] 1 media file(s) saved
  [1136986] 1 media file(s) saved
  [11371243] 1 media file(s) saved
  [11371889] 1 media file(s) saved
  [11371970] 1 media file(s) saved
  [1137402] 1 media file(s) saved
  [11376398] 1 media file(s) saved
  [11376400] 1 media file(s) saved
  [11376404] 1 media file(s) saved
  [11376406] 1 media file(s) saved
  [11376408] 1 media file(s) saved
  [11376460] 1 media file(s) saved
  [11376747] 1 media file(s) saved
  [11379234] 1 media file(s) saved
  [11382341] 1 media file(s) saved
  [11386025] 1 media file(s) saved
  [11390507] 1 media file(s) saved
  [11393069] 1 media file(s) saved
  [11393437] 5 media file(s) saved
  [11393568] 1 media file(s) saved
  [11393756] 1 media file(s) saved
  [11394088] 1 media file(s) saved
  [11394104] 1 media file(s) saved
  [11394989] 2 media file(s) saved
  [11395097] 1 media file(s) saved
  [11395209] 1 media file(s) saved
  [11395245] 1 media file(s) saved
  [11395328] 1 media file(s) saved
  [11395335] 21 media file(s) saved
  [11396517] 1 media file(s) saved
  [11398291] 2 media file(s) saved
  [11398484] 1 media file(s) saved
  [11399081] 1 media file(s) saved
  [11399807] 2 media file(s) saved
  [11399895] 1 media file(s) saved
  [11400752] 1 media file(s) saved
  [11400917] 1 media file(s) saved
  [11401280] 1 media file(s) saved
  [11401512] 1 media file(s) saved
  [11402318] 1 media file(s) saved
  [1140363] 1 media file(s) saved
  [11403948] 1 media file(s) saved
  [1140452] 2 media file(s) saved
  [11407463] 1 media file(s) saved
  [11407964] 1 media file(s) saved
  [11407977] 1 media file(s) saved
  [11408373] 1 media file(s) saved
  [11411537] 1 media file(s) saved
  [11412581] 1 media file(s) saved
  [1141432] 1 media file(s) saved
  [11427460] 1 media file(s) saved
  [11428830] 1 media file(s) saved
  [11434659] 1 media file(s) saved
  [1144120] 15 media file(s) saved
    [ERROR] download https://zenodo.org/api/records/11442587/files/2.pdf/content: 429 Client Error: TOO MANY REQUESTS for url: https://zenodo.org/api/records/11442587/files/2.pdf/content
  Rate limited — sleeping 60s
  [11445325] 1 media file(s) saved
  [11447971] 1 media file(s) saved
  [1146154] 1 media file(s) saved
  [11471928] 1 media file(s) saved
  [1147523] 1 media file(s) saved
  [11475557] 1 media file(s) saved
  [11477669] 4 media file(s) saved
  [11480721] 1 media file(s) saved
  [11483782] 1 media file(s) saved
  [11487357] 1 media file(s) saved
  [11487473] 1 media file(s) saved
  [11488161] 1 media file(s) saved
  [1148825] 1 media file(s) saved
  [11490982] 2 media file(s) saved
  [11493694] 2 media file(s) saved
  [11494222] 1 media file(s) saved
  [1149483] 1 media file(s) saved
  [11495187] 3 media file(s) saved
  [11500957] 1 media file(s) saved
  [11501161] 1 media file(s) saved
  [1150166] 2 media file(s) saved
  [1150194] 2 media file(s) saved
  [1150208] 2 media file(s) saved
  [1150210] 2 media file(s) saved
  [11502261] 1 media file(s) saved
  [11509687] 1 media file(s) saved
  [11516185] 1 media file(s) saved
  [11516490] 1 media file(s) saved
  [11516514] 1 media file(s) saved
  [1151696] 1 media file(s) saved
  [11516965] 1 media file(s) saved
  [11517323] 1 media file(s) saved
  [11517645] 1 media file(s) saved
  [11517765] 1 media file(s) saved
  [1151844] 1 media file(s) saved
  [1151908] 1 media file(s) saved
  [1151918] 1 media file(s) saved
  [11519807] 1 media file(s) saved
  [11520538] 1 media file(s) saved
  [11520669] 1 media file(s) saved
  [11521255] 1 media file(s) saved
  [11521333] 4 media file(s) saved
  [11522110] 1 media file(s) saved
  [11522200] 1 media file(s) saved
  [11524086] 1 media file(s) saved
  [11524227] 1 media file(s) saved
  [11525422] 1 media file(s) saved
  [11528455] 1 media file(s) saved
  [11529288] 1 media file(s) saved
  [11530418] 1 media file(s) saved
  [11530522] 1 media file(s) saved
  [11530524] 1 media file(s) saved
  [11530526] 1 media file(s) saved
  [11530528] 1 media file(s) saved
  [11530530] 1 media file(s) saved
  [11530532] 1 media file(s) saved
  [11530604] 1 media file(s) saved
  [11530606] 1 media file(s) saved
  [11530608] 1 media file(s) saved
  [1154261] 1 media file(s) saved
  [11543875] 1 media file(s) saved
  [11545513] 1 media file(s) saved
  [11545648] 1 media file(s) saved
  [1154862] 1 media file(s) saved
  [11549380] 12 media file(s) saved
  [11549730] 1 media file(s) saved
  [11550775] 1 media file(s) saved
  [11550848] 1 media file(s) saved
  [11551857] 1 media file(s) saved
  [11552056] 1 media file(s) saved
  [11552058] 1 media file(s) saved
  [11552213] 1 media file(s) saved
  [11552325] 1 media file(s) saved
  [11552761] 1 media file(s) saved
  [11553181] 1 media file(s) saved
  [11553601] 1 media file(s) saved
  [11553617] 2 media file(s) saved
  [1155893] 1 media file(s) saved
  [11559875] 1 media file(s) saved
  [11562611] 1 media file(s) saved
  [11562614] 1 media file(s) saved
  [11567713] 1 media file(s) saved
  [11568502] 1 media file(s) saved
  [11569602] 1 media file(s) saved
  [11571132] 1 media file(s) saved
  [1157302] 1 media file(s) saved
  [11575185] 1 media file(s) saved
  [11581276] 1 media file(s) saved
  [11581530] 1 media file(s) saved
  [11582152] 1 media file(s) saved
  [11583898] 7 media file(s) saved
  [1158622] 1 media file(s) saved
  [11586941] 4 media file(s) saved
  [1158788] 1 media file(s) saved
  [1159376] 1 media file(s) saved
  [1160842] 1 media file(s) saved
  [11608524] 1 media file(s) saved
  [11608526] 1 media file(s) saved
  [11608770] 1 media file(s) saved
  [11612761] 1 media file(s) saved
  [11613030] 1 media file(s) saved
  [11613043] 1 media file(s) saved
  [11613080] 1 media file(s) saved
  [11613086] 1 media file(s) saved
  [11613144] 1 media file(s) saved
  [11613450] 1 media file(s) saved
  [11617131] 1 media file(s) saved
  [11617408] 1 media file(s) saved
  [11618861] 1 media file(s) saved
  [11618877] 1 media file(s) saved
  [11621167] 1 media file(s) saved
  [11622423] 1 media file(s) saved
  [11622895] 12 media file(s) saved
  [11623162] 1 media file(s) saved
  [11624746] 1 media file(s) saved
  [1162500] 1 media file(s) saved
  [11628445] 1 media file(s) saved
  [1162940] 1 media file(s) saved
  Rate limited — sleeping 60s
  [1163119] 1 media file(s) saved
  [11634265] 1 media file(s) saved
  [1163652] 1 media file(s) saved
  [1163654] 1 media file(s) saved
  [11637272] 1 media file(s) saved
  [11637274] 1 media file(s) saved
  [11639061] 1 media file(s) saved
  [11639118] 1 media file(s) saved
  [11644043] 1 media file(s) saved
  [1164425] 1 media file(s) saved
  [11644519] 1 media file(s) saved
  [11644577] 1 media file(s) saved
  [11644732] 1 media file(s) saved
  [11645809] 1 media file(s) saved
  [11645813] 1 media file(s) saved
  [1164680] 1 media file(s) saved
  [1164694] 1 media file(s) saved
  [1164889] 1 media file(s) saved
  [11650865] 1 media file(s) saved
  [11651030] 85 media file(s) saved
  [11653341] 2 media file(s) saved
    [ERROR] download https://zenodo.org/api/records/11653686/files/Archive1_Mitochondrialdata.tar/content: 429 Client Error: TOO MANY REQUESTS for url: https://zenodo.org/api/records/11653686/files/Archive1_Mitochondrialdata.tar/content
    [ERROR] download https://zenodo.org/api/records/11653686/files/FigureS1_phylogenyWorkflow.pdf/content: 429 Client Error: TOO MANY REQUESTS for url: https://zenodo.org/api/records/11653686/files/FigureS1_phylogenyWorkflow.pdf/content
  [11653686] 4 media file(s) saved
  Rate limited — sleeping 60s
  [11654792] 1 media file(s) saved
  [11656489] 1 media file(s) saved
  [11658664] 1 media file(s) saved
  [11659642] 1 media file(s) saved
  [11659736] 1 media file(s) saved
  [1165983] 1 media file(s) saved
  [11665943] 2 media file(s) saved
  [11666007] 1 media file(s) saved
  [11666009] 1 media file(s) saved
  [11666011] 1 media file(s) saved
  [11666510] 1 media file(s) saved
  [11672396] 1 media file(s) saved
  [11672445] 1 media file(s) saved
  [1168830] 1 media file(s) saved
  [1168878] 1 media file(s) saved
  [1168976] 1 media file(s) saved
  [1172248] 1 media file(s) saved
  [1172506] 1 media file(s) saved
  [1173700] 1 media file(s) saved
  [1173816] 1 media file(s) saved
  [11749152] 1 media file(s) saved
  [1175595] 1 media file(s) saved
  [1176274] 1 media file(s) saved
  [1178510] 1 media file(s) saved
  [1178600] 1 media file(s) saved
  [1179309] 1 media file(s) saved
  [1179503] 1 media file(s) saved
  [1179627] 1 media file(s) saved
  [1182271] 1 media file(s) saved
  [1182716] 1 media file(s) saved
  [1185213] 1 media file(s) saved
  [1185304] 1 media file(s) saved
  [1185308] 1 media file(s) saved
  [1185314] 1 media file(s) saved
  [1185325] 1 media file(s) saved
  [1185331] 1 media file(s) saved
  [1185337] 1 media file(s) saved
  [1185660] 1 media file(s) saved
  [1185792] 1 media file(s) saved
  [1185796] 1 media file(s) saved
  [1185842] 1 media file(s) saved
  [1185882] 1 media file(s) saved
  [1186158] 1 media file(s) saved
  [1186601] 1 media file(s) saved
  [1186733] 1 media file(s) saved
  [11867650] 1 media file(s) saved
  [11879] 1 media file(s) saved
  [1188791] 1 media file(s) saved
  [11915319] 1 media file(s) saved
  [1193207] 1 media file(s) saved
  [1193466] 4 media file(s) saved
  [11940839] 1 media file(s) saved
  [11942819] 1 media file(s) saved
  [1194870] 1 media file(s) saved
  [1195103] 1 media file(s) saved
  [11974303] 1 media file(s) saved
  [11974595] 1 media file(s) saved
  [11974944] 1 media file(s) saved
  [1197620] 1 media file(s) saved
  [11976743] 1 media file(s) saved
  [1197974] 1 media file(s) saved
  [1198475] 1 media file(s) saved
  [11987382] 1 media file(s) saved
  [11987432] 1 media file(s) saved
  [12000155] 2 media file(s) saved
  [1200227] 1 media file(s) saved
  [1200240] 1 media file(s) saved
  [12007948] 1 media file(s) saved
  [12021906] 2 media file(s) saved
  [1202226] 1 media file(s) saved
  [1202485] 2 media file(s) saved
  [1203331] 1 media file(s) saved
  [1203821] 1 media file(s) saved
  [1204207] 2 media file(s) saved
    [ERROR] download https://zenodo.org/api/records/1204334/files/smart34_s48_10X_SAHA_GFP.TIF/content: 429 Client Error: TOO MANY REQUESTS for url: https://zenodo.org/api/records/1204334/files/smart34_s48_10X_SAHA_GFP.TIF/content
    [ERROR] download https://zenodo.org/api/records/1204334/files/smart34_s48_10X_SAHA_BRIGHT.TIF/content: 429 Client Error: TOO MANY REQUESTS for url: https://zenodo.org/api/records/1204334/files/smart34_s48_10X_SAHA_BRIGHT.TIF/content
    [ERROR] download https://zenodo.org/api/records/1204334/files/smart34_s4_10X_SAHA_BRIGHT.TIF/content: 429 Client Error: TOO MANY REQUESTS for url: https://zenodo.org/api/records/1204334/files/smart34_s4_10X_SAHA_BRIGHT.TIF/content
    [ERROR] download https://zenodo.org/api/records/1204334/files/smart34_s52_10X_SAHA_GFP.TIF/content: 429 Client Error: TOO MANY REQUESTS for url: https://zenodo.org/api/records/1204334/files/smart34_s52_10X_SAHA_GFP.TIF/content
    [ERROR] download https://zenodo.org/api/records/1204334/files/smart34_s21_10X_SAHA_GFP.TIF/content: 429 Client Error: TOO MANY REQUESTS for url: https://zenodo.org/api/records/1204334/files/smart34_s21_10X_SAHA_GFP.TIF/content
    [ERROR] download https://zenodo.org/api/records/1204334/files/smart34_s53_10X_SAHA_BRIGHT.TIF/content: 429 Client Error: TOO MANY REQUESTS for url: https://zenodo.org/api/records/1204334/files/smart34_s53_10X_SAHA_BRIGHT.TIF/content
    [ERROR] download https://zenodo.org/api/records/1204334/files/smart34_s55_10X_SAHA_BRIGHT.TIF/content: 429 Client Error: TOO MANY REQUESTS for url: https://zenodo.org/api/records/1204334/files/smart34_s55_10X_SAHA_BRIGHT.TIF/content
    [ERROR] download https://zenodo.org/api/records/1204334/files/smart34_s55_10X_SAHA_GFP.TIF/content: 429 Client Error: TOO MANY REQUESTS for url: https://zenodo.org/api/records/1204334/files/smart34_s55_10X_SAHA_GFP.TIF/content
    [ERROR] download https://zenodo.org/api/records/1204334/files/smart34_s38_10X_SAHA_BRIGHT.TIF/content: 429 Client Error: TOO MANY REQUESTS for url: https://zenodo.org/api/records/1204334/files/smart34_s38_10X_SAHA_BRIGHT.TIF/content
    [ERROR] download https://zenodo.org/api/records/1204334/files/smart34_s56_10X_SAHA_BRIGHT.TIF/content: 429 Client Error: TOO MANY REQUESTS for url: https://zenodo.org/api/records/1204334/files/smart34_s56_10X_SAHA_BRIGHT.TIF/content
    [ERROR] download https://zenodo.org/api/records/1204334/files/smart34_s56_10X_SAHA_GFP.TIF/content: 429 Client Error: TOO MANY REQUESTS for url: https://zenodo.org/api/records/1204334/files/smart34_s56_10X_SAHA_GFP.TIF/content
    [ERROR] download https://zenodo.org/api/records/1204334/files/smart34_s38_10X_SAHA_GFP.TIF/content: 429 Client Error: TOO MANY REQUESTS for url: https://zenodo.org/api/records/1204334/files/smart34_s38_10X_SAHA_GFP.TIF/content
    [ERROR] download https://zenodo.org/api/records/1204334/files/smart34_s28_10X_SAHA_BRIGHT.TIF/content: 429 Client Error: TOO MANY REQUESTS for url: https://zenodo.org/api/records/1204334/files/smart34_s28_10X_SAHA_BRIGHT.TIF/content
    [ERROR] download https://zenodo.org/api/records/1204334/files/smart34_s39_10X_SAHA_BRIGHT.TIF/content: 429 Client Error: TOO MANY REQUESTS for url: https://zenodo.org/api/records/1204334/files/smart34_s39_10X_SAHA_BRIGHT.TIF/content
    [ERROR] download https://zenodo.org/api/records/1204334/files/smart34_s28_10X_SAHA_GFP.TIF/content: 429 Client Error: TOO MANY REQUESTS for url: https://zenodo.org/api/records/1204334/files/smart34_s28_10X_SAHA_GFP.TIF/content
    [ERROR] download https://zenodo.org/api/records/1204334/files/smart34_s39_10X_SAHA_GFP.TIF/content: 429 Client Error: TOO MANY REQUESTS for url: https://zenodo.org/api/records/1204334/files/smart34_s39_10X_SAHA_GFP.TIF/content
    [ERROR] download https://zenodo.org/api/records/1204334/files/smart34_s40_10X_SAHA_BRIGHT.TIF/content: 429 Client Error: TOO MANY REQUESTS for url: https://zenodo.org/api/records/1204334/files/smart34_s40_10X_SAHA_BRIGHT.TIF/content
    [ERROR] download https://zenodo.org/api/records/1204334/files/smart34_s66_10X_SAHA_GFP.TIF/content: 429 Client Error: TOO MANY REQUESTS for url: https://zenodo.org/api/records/1204334/files/smart34_s66_10X_SAHA_GFP.TIF/content
    [ERROR] download https://zenodo.org/api/records/1204334/files/smart34_s67_10X_SAHA_BRIGHT.TIF/content: 429 Client Error: TOO MANY REQUESTS for url: https://zenodo.org/api/records/1204334/files/smart34_s67_10X_SAHA_BRIGHT.TIF/content
    [ERROR] download https://zenodo.org/api/records/1204334/files/smart34_s67_10X_SAHA_GFP.TIF/content: 429 Client Error: TOO MANY REQUESTS for url: https://zenodo.org/api/records/1204334/files/smart34_s67_10X_SAHA_GFP.TIF/content
    [ERROR] download https://zenodo.org/api/records/1204334/files/smart34_s40_10X_SAHA_GFP.TIF/content: 429 Client Error: TOO MANY REQUESTS for url: https://zenodo.org/api/records/1204334/files/smart34_s40_10X_SAHA_GFP.TIF/content
    [ERROR] download https://zenodo.org/api/records/1204334/files/smart34_s68_10X_SAHA_BRIGHT.TIF/content: 429 Client Error: TOO MANY REQUESTS for url: https://zenodo.org/api/records/1204334/files/smart34_s68_10X_SAHA_BRIGHT.TIF/content
    [ERROR] download https://zenodo.org/api/records/1204334/files/smart34_s59_10X_SAHA_BRIGHT.TIF/content: 429 Client Error: TOO MANY REQUESTS for url: https://zenodo.org/api/records/1204334/files/smart34_s59_10X_SAHA_BRIGHT.TIF/content
    [ERROR] download https://zenodo.org/api/records/1204334/files/smart34_s31_10X_SAHA_BRIGHT.TIF/content: 429 Client Error: TOO MANY REQUESTS for url: https://zenodo.org/api/records/1204334/files/smart34_s31_10X_SAHA_BRIGHT.TIF/content
    [ERROR] download https://zenodo.org/api/records/1204334/files/smart34_s14_10X_SAHA_GFP.TIF/content: 429 Client Error: TOO MANY REQUESTS for url: https://zenodo.org/api/records/1204334/files/smart34_s14_10X_SAHA_GFP.TIF/content
    [ERROR] download https://zenodo.org/api/records/1204334/files/smart34_s15_10X_SAHA_BRIGHT.TIF/content: 429 Client Error: TOO MANY REQUESTS for url: https://zenodo.org/api/records/1204334/files/smart34_s15_10X_SAHA_BRIGHT.TIF/content
    [ERROR] download https://zenodo.org/api/records/1204334/files/smart34_s62_10X_SAHA_BRIGHT.TIF/content: 429 Client Error: TOO MANY REQUESTS for url: https://zenodo.org/api/records/1204334/files/smart34_s62_10X_SAHA_BRIGHT.TIF/content
    [ERROR] download https://zenodo.org/api/records/1204334/files/smart34_s15_10X_SAHA_GFP.TIF/content: 429 Client Error: TOO MANY REQUESTS for url: https://zenodo.org/api/records/1204334/files/smart34_s15_10X_SAHA_GFP.TIF/content
    [ERROR] download https://zenodo.org/api/records/1204334/files/smart34_s61_10X_SAHA_GFP.TIF/content: 429 Client Error: TOO MANY REQUESTS for url: https://zenodo.org/api/records/1204334/files/smart34_s61_10X_SAHA_GFP.TIF/content
    [ERROR] download https://zenodo.org/api/records/1204334/files/smart34_s12_10X_SAHA_GFP.TIF/content: 429 Client Error: TOO MANY REQUESTS for url: https://zenodo.org/api/records/1204334/files/smart34_s12_10X_SAHA_GFP.TIF/content
    [ERROR] download https://zenodo.org/api/records/1204334/files/smart34_s61_10X_SAHA_BRIGHT.TIF/content: 429 Client Error: TOO MANY REQUESTS for url: https://zenodo.org/api/records/1204334/files/smart34_s61_10X_SAHA_BRIGHT.TIF/content
    [ERROR] download https://zenodo.org/api/records/1204334/files/smart34_s16_10X_SAHA_GFP.TIF/content: 429 Client Error: TOO MANY REQUESTS for url: https://zenodo.org/api/records/1204334/files/smart34_s16_10X_SAHA_GFP.TIF/content
    [ERROR] download https://zenodo.org/api/records/1204334/files/smart34_s12_10X_SAHA_BRIGHT.TIF/content: 429 Client Error: TOO MANY REQUESTS for url: https://zenodo.org/api/records/1204334/files/smart34_s12_10X_SAHA_BRIGHT.TIF/content
    [ERROR] download https://zenodo.org/api/records/1204334/files/smart34_s11_10X_SAHA_GFP.TIF/content: 429 Client Error: TOO MANY REQUESTS for url: https://zenodo.org/api/records/1204334/files/smart34_s11_10X_SAHA_GFP.TIF/content
    [ERROR] download https://zenodo.org/api/records/1204334/files/smart34_s59_10X_SAHA_GFP.TIF/content: 429 Client Error: TOO MANY REQUESTS for url: https://zenodo.org/api/records/1204334/files/smart34_s59_10X_SAHA_GFP.TIF/content
    [ERROR] download https://zenodo.org/api/records/1204334/files/smart34_s60_10X_SAHA_BRIGHT.TIF/content: 429 Client Error: TOO MANY REQUESTS for url: https://zenodo.org/api/records/1204334/files/smart34_s60_10X_SAHA_BRIGHT.TIF/content
    [ERROR] download https://zenodo.org/api/records/1204334/files/smart34_s49_10X_SAHA_GFP.TIF/content: 429 Client Error: TOO MANY REQUESTS for url: https://zenodo.org/api/records/1204334/files/smart34_s49_10X_SAHA_GFP.TIF/content
    [ERROR] download https://zenodo.org/api/records/1204334/files/smart34_s6_10X_SAHA_BRIGHT.TIF/content: 429 Client Error: TOO MANY REQUESTS for url: https://zenodo.org/api/records/1204334/files/smart34_s6_10X_SAHA_BRIGHT.TIF/content
    [ERROR] download https://zenodo.org/api/records/1204334/files/smart34_s46_10X_SAHA_BRIGHT.TIF/content: 429 Client Error: TOO MANY REQUESTS for url: https://zenodo.org/api/records/1204334/files/smart34_s46_10X_SAHA_BRIGHT.TIF/content
    [ERROR] download https://zenodo.org/api/records/1204334/files/smart34_s60_10X_SAHA_GFP.TIF/content: 429 Client Error: TOO MANY REQUESTS for url: https://zenodo.org/api/records/1204334/files/smart34_s60_10X_SAHA_GFP.TIF/content
    [ERROR] download https://zenodo.org/api/records/1204334/files/smart34_s20_10X_SAHA_BRIGHT.TIF/content: 429 Client Error: TOO MANY REQUESTS for url: https://zenodo.org/api/records/1204334/files/smart34_s20_10X_SAHA_BRIGHT.TIF/content
    [ERROR] download https://zenodo.org/api/records/1204334/files/smart34_s19_10X_SAHA_GFP.TIF/content: 429 Client Error: TOO MANY REQUESTS for url: https://zenodo.org/api/records/1204334/files/smart34_s19_10X_SAHA_GFP.TIF/content
    [ERROR] download https://zenodo.org/api/records/1204334/files/smart34_s24_10X_SAHA_GFP.TIF/content: 429 Client Error: TOO MANY REQUESTS for url: https://zenodo.org/api/records/1204334/files/smart34_s24_10X_SAHA_GFP.TIF/content
    [ERROR] download https://zenodo.org/api/records/1204334/files/smart34_s58_10X_SAHA_GFP.TIF/content: 429 Client Error: TOO MANY REQUESTS for url: https://zenodo.org/api/records/1204334/files/smart34_s58_10X_SAHA_GFP.TIF/content
    [ERROR] download https://zenodo.org/api/records/1204334/files/smart34_s32_10X_SAHA_BRIGHT.TIF/content: 429 Client Error: TOO MANY REQUESTS for url: https://zenodo.org/api/records/1204334/files/smart34_s32_10X_SAHA_BRIGHT.TIF/content
    [ERROR] download https://zenodo.org/api/records/1204334/files/smart34_s32_10X_SAHA_GFP.TIF/content: 429 Client Error: TOO MANY REQUESTS for url: https://zenodo.org/api/records/1204334/files/smart34_s32_10X_SAHA_GFP.TIF/content
    [ERROR] download https://zenodo.org/api/records/1204334/files/smart34_s11_10X_SAHA_BRIGHT.TIF/content: 429 Client Error: TOO MANY REQUESTS for url: https://zenodo.org/api/records/1204334/files/smart34_s11_10X_SAHA_BRIGHT.TIF/content
    [ERROR] download https://zenodo.org/api/records/1204334/files/smart34_s1_10X_SAHA_BRIGHT.TIF/content: 429 Client Error: TOO MANY REQUESTS for url: https://zenodo.org/api/records/1204334/files/smart34_s1_10X_SAHA_BRIGHT.TIF/content
    [ERROR] download https://zenodo.org/api/records/1204334/files/smart34_s45_10X_SAHA_GFP.TIF/content: 429 Client Error: TOO MANY REQUESTS for url: https://zenodo.org/api/records/1204334/files/smart34_s45_10X_SAHA_GFP.TIF/content
    [ERROR] download https://zenodo.org/api/records/1204334/files/smart34_s33_10X_SAHA_BRIGHT.TIF/content: 429 Client Error: TOO MANY REQUESTS for url: https://zenodo.org/api/records/1204334/files/smart34_s33_10X_SAHA_BRIGHT.TIF/content
    [ERROR] download https://zenodo.org/api/records/1204334/files/smart34_s10_10X_SAHA_GFP.TIF/content: 429 Client Error: TOO MANY REQUESTS for url: https://zenodo.org/api/records/1204334/files/smart34_s10_10X_SAHA_GFP.TIF/content
    [ERROR] download https://zenodo.org/api/records/1204334/files/smart34_s45_10X_SAHA_BRIGHT.TIF/content: 429 Client Error: TOO MANY REQUESTS for url: https://zenodo.org/api/records/1204334/files/smart34_s45_10X_SAHA_BRIGHT.TIF/content
    [ERROR] download https://zenodo.org/api/records/1204334/files/smart34_s44_10X_SAHA_GFP.TIF/content: 429 Client Error: TOO MANY REQUESTS for url: https://zenodo.org/api/records/1204334/files/smart34_s44_10X_SAHA_GFP.TIF/content
    [ERROR] download https://zenodo.org/api/records/1204334/files/smart34_s44_10X_SAHA_BRIGHT.TIF/content: 429 Client Error: TOO MANY REQUESTS for url: https://zenodo.org/api/records/1204334/files/smart34_s44_10X_SAHA_BRIGHT.TIF/content
    [ERROR] download https://zenodo.org/api/records/1204334/files/smart34_s10_10X_SAHA_BRIGHT.TIF/content: 429 Client Error: TOO MANY REQUESTS for url: https://zenodo.org/api/records/1204334/files/smart34_s10_10X_SAHA_BRIGHT.TIF/content
    [ERROR] download https://zenodo.org/api/records/1204334/files/smart34_s09_10X_SAHA_GFP.TIF/content: 429 Client Error: TOO MANY REQUESTS for url: https://zenodo.org/api/records/1204334/files/smart34_s09_10X_SAHA_GFP.TIF/content
    [ERROR] download https://zenodo.org/api/records/1204334/files/smart34_s08_10X_SAHA_GFP.TIF/content: 429 Client Error: TOO MANY REQUESTS for url: https://zenodo.org/api/records/1204334/files/smart34_s08_10X_SAHA_GFP.TIF/content
    [ERROR] download https://zenodo.org/api/records/1204334/files/smart34_s07_10X_SAHA_GFP.TIF/content: 429 Client Error: TOO MANY REQUESTS for url: https://zenodo.org/api/records/1204334/files/smart34_s07_10X_SAHA_GFP.TIF/content
    [ERROR] download https://zenodo.org/api/records/1204334/files/smart34_s43_10X_SAHA_GFP.TIF/content: 429 Client Error: TOO MANY REQUESTS for url: https://zenodo.org/api/records/1204334/files/smart34_s43_10X_SAHA_GFP.TIF/content
    [ERROR] download https://zenodo.org/api/records/1204334/files/smart34_s43_10X_SAHA_BRIGHT.TIF/content: 429 Client Error: TOO MANY REQUESTS for url: https://zenodo.org/api/records/1204334/files/smart34_s43_10X_SAHA_BRIGHT.TIF/content
    [ERROR] download https://zenodo.org/api/records/1204334/files/smart34_s42_10X_SAHA_GFP.TIF/content: 429 Client Error: TOO MANY REQUESTS for url: https://zenodo.org/api/records/1204334/files/smart34_s42_10X_SAHA_GFP.TIF/content
    [ERROR] download https://zenodo.org/api/records/1204334/files/smart34_s3_10X_SAHA_BRIGHT.TIF/content: 429 Client Error: TOO MANY REQUESTS for url: https://zenodo.org/api/records/1204334/files/smart34_s3_10X_SAHA_BRIGHT.TIF/content
    [ERROR] download https://zenodo.org/api/records/1204334/files/smart34_s17_10X_SAHA_GFP.TIF/content: 429 Client Error: TOO MANY REQUESTS for url: https://zenodo.org/api/records/1204334/files/smart34_s17_10X_SAHA_GFP.TIF/content
    [ERROR] download https://zenodo.org/api/records/1204334/files/smart34_s30_10X_SAHA_GFP.TIF/content: 429 Client Error: TOO MANY REQUESTS for url: https://zenodo.org/api/records/1204334/files/smart34_s30_10X_SAHA_GFP.TIF/content
    [ERROR] download https://zenodo.org/api/records/1204334/files/smart34_s18_10X_SAHA_BRIGHT.TIF/content: 429 Client Error: TOO MANY REQUESTS for url: https://zenodo.org/api/records/1204334/files/smart34_s18_10X_SAHA_BRIGHT.TIF/content
    [ERROR] download https://zenodo.org/api/records/1204334/files/smart34_s33_10X_SAHA_GFP.TIF/content: 429 Client Error: TOO MANY REQUESTS for url: https://zenodo.org/api/records/1204334/files/smart34_s33_10X_SAHA_GFP.TIF/content
    [ERROR] download https://zenodo.org/api/records/1204334/files/smart34_s30_10X_SAHA_BRIGHT.TIF/content: 429 Client Error: TOO MANY REQUESTS for url: https://zenodo.org/api/records/1204334/files/smart34_s30_10X_SAHA_BRIGHT.TIF/content
    [ERROR] download https://zenodo.org/api/records/1204334/files/smart34_s29_10X_SAHA_GFP.TIF/content: 429 Client Error: TOO MANY REQUESTS for url: https://zenodo.org/api/records/1204334/files/smart34_s29_10X_SAHA_GFP.TIF/content
    [ERROR] download https://zenodo.org/api/records/1204334/files/smart34_s06_10X_SAHA_GFP.TIF/content: 429 Client Error: TOO MANY REQUESTS for url: https://zenodo.org/api/records/1204334/files/smart34_s06_10X_SAHA_GFP.TIF/content
    [ERROR] download https://zenodo.org/api/records/1204334/files/smart34_s18_10X_SAHA_GFP.TIF/content: 429 Client Error: TOO MANY REQUESTS for url: https://zenodo.org/api/records/1204334/files/smart34_s18_10X_SAHA_GFP.TIF/content
    [ERROR] download https://zenodo.org/api/records/1204334/files/smart34_s19_10X_SAHA_BRIGHT.TIF/content: 429 Client Error: TOO MANY REQUESTS for url: https://zenodo.org/api/records/1204334/files/smart34_s19_10X_SAHA_BRIGHT.TIF/content
    [ERROR] download https://zenodo.org/api/records/1204334/files/smart34_s25_10X_SAHA_GFP.TIF/content: 429 Client Error: TOO MANY REQUESTS for url: https://zenodo.org/api/records/1204334/files/smart34_s25_10X_SAHA_GFP.TIF/content
    [ERROR] download https://zenodo.org/api/records/1204334/files/smart34_s24_10X_SAHA_BRIGHT.TIF/content: 429 Client Error: TOO MANY REQUESTS for url: https://zenodo.org/api/records/1204334/files/smart34_s24_10X_SAHA_BRIGHT.TIF/content
    [ERROR] download https://zenodo.org/api/records/1204334/files/smart34_s05_10X_SAHA_GFP.TIF/content: 429 Client Error: TOO MANY REQUESTS for url: https://zenodo.org/api/records/1204334/files/smart34_s05_10X_SAHA_GFP.TIF/content
    [ERROR] download https://zenodo.org/api/records/1204334/files/smart34_s25_10X_SAHA_BRIGHT.TIF/content: 429 Client Error: TOO MANY REQUESTS for url: https://zenodo.org/api/records/1204334/files/smart34_s25_10X_SAHA_BRIGHT.TIF/content
    [ERROR] download https://zenodo.org/api/records/1204334/files/smart34_s04_10X_SAHA_GFP.TIF/content: 429 Client Error: TOO MANY REQUESTS for url: https://zenodo.org/api/records/1204334/files/smart34_s04_10X_SAHA_GFP.TIF/content
    [ERROR] download https://zenodo.org/api/records/1204334/files/smart34_s46_10X_SAHA_GFP.TIF/content: 429 Client Error: TOO MANY REQUESTS for url: https://zenodo.org/api/records/1204334/files/smart34_s46_10X_SAHA_GFP.TIF/content
    [ERROR] download https://zenodo.org/api/records/1204334/files/smart34_s47_10X_SAHA_BRIGHT.TIF/content: 429 Client Error: TOO MANY REQUESTS for url: https://zenodo.org/api/records/1204334/files/smart34_s47_10X_SAHA_BRIGHT.TIF/content
    [ERROR] download https://zenodo.org/api/records/1204334/files/smart34_s02_10X_SAHA_GFP.TIF/content: 429 Client Error: TOO MANY REQUESTS for url: https://zenodo.org/api/records/1204334/files/smart34_s02_10X_SAHA_GFP.TIF/content
    [ERROR] download https://zenodo.org/api/records/1204334/files/smart34_s47_10X_SAHA_GFP.TIF/content: 429 Client Error: TOO MANY REQUESTS for url: https://zenodo.org/api/records/1204334/files/smart34_s47_10X_SAHA_GFP.TIF/content
    [ERROR] download https://zenodo.org/api/records/1204334/files/smart34_s57_10X_SAHA_GFP.TIF/content: 429 Client Error: TOO MANY REQUESTS for url: https://zenodo.org/api/records/1204334/files/smart34_s57_10X_SAHA_GFP.TIF/content
    [ERROR] download https://zenodo.org/api/records/1204334/files/smart34_s57_10X_SAHA_BRIGHT.TIF/content: 429 Client Error: TOO MANY REQUESTS for url: https://zenodo.org/api/records/1204334/files/smart34_s57_10X_SAHA_BRIGHT.TIF/content
    [ERROR] download https://zenodo.org/api/records/1204334/files/smart34_s64_10X_SAHA_BRIGHT.TIF/content: 429 Client Error: TOO MANY REQUESTS for url: https://zenodo.org/api/records/1204334/files/smart34_s64_10X_SAHA_BRIGHT.TIF/content
    [ERROR] download https://zenodo.org/api/records/1204334/files/smart34_s69_10X_SAHA_GFP.TIF/content: 429 Client Error: TOO MANY REQUESTS for url: https://zenodo.org/api/records/1204334/files/smart34_s69_10X_SAHA_GFP.TIF/content
    [ERROR] download https://zenodo.org/api/records/1204334/files/ReadMeFile2_Data_S1toS3.txt/content: 429 Client Error: TOO MANY REQUESTS for url: https://zenodo.org/api/records/1204334/files/ReadMeFile2_Data_S1toS3.txt/content
    [ERROR] download https://zenodo.org/api/records/1204334/files/smart34_s64_10X_SAHA_GFP.TIF/content: 429 Client Error: TOO MANY REQUESTS for url: https://zenodo.org/api/records/1204334/files/smart34_s64_10X_SAHA_GFP.TIF/content
    [ERROR] download https://zenodo.org/api/records/1204334/files/smart34_s65_10X_SAHA_BRIGHT.TIF/content: 429 Client Error: TOO MANY REQUESTS for url: https://zenodo.org/api/records/1204334/files/smart34_s65_10X_SAHA_BRIGHT.TIF/content
    [ERROR] download https://zenodo.org/api/records/1204334/files/smart34_s65_10X_SAHA_GFP.TIF/content: 429 Client Error: TOO MANY REQUESTS for url: https://zenodo.org/api/records/1204334/files/smart34_s65_10X_SAHA_GFP.TIF/content
    [ERROR] download https://zenodo.org/api/records/1204334/files/smart34_s23_10X_SAHA_BRIGHT.TIF/content: 429 Client Error: TOO MANY REQUESTS for url: https://zenodo.org/api/records/1204334/files/smart34_s23_10X_SAHA_BRIGHT.TIF/content
    [ERROR] download https://zenodo.org/api/records/1204334/files/smart34_s7_10X_SAHA_BRIGHT.TIF/content: 429 Client Error: TOO MANY REQUESTS for url: https://zenodo.org/api/records/1204334/files/smart34_s7_10X_SAHA_BRIGHT.TIF/content
    [ERROR] download https://zenodo.org/api/records/1204334/files/smart34_s71_10X_SAHA_BRIGHT.TIF/content: 429 Client Error: TOO MANY REQUESTS for url: https://zenodo.org/api/records/1204334/files/smart34_s71_10X_SAHA_BRIGHT.TIF/content
    [ERROR] download https://zenodo.org/api/records/1204334/files/smart34_s71_10X_SAHA_GFP.TIF/content: 429 Client Error: TOO MANY REQUESTS for url: https://zenodo.org/api/records/1204334/files/smart34_s71_10X_SAHA_GFP.TIF/content
    [ERROR] download https://zenodo.org/api/records/1204334/files/smart34_s72_10X_SAHA_BRIGHT.TIF/content: 429 Client Error: TOO MANY REQUESTS for url: https://zenodo.org/api/records/1204334/files/smart34_s72_10X_SAHA_BRIGHT.TIF/content
    [ERROR] download https://zenodo.org/api/records/1204334/files/smart34_s72_10X_SAHA_GFP.TIF/content: 429 Client Error: TOO MANY REQUESTS for url: https://zenodo.org/api/records/1204334/files/smart34_s72_10X_SAHA_GFP.TIF/content
    [ERROR] download https://zenodo.org/api/records/1204334/files/smart34_s74_10X_SAHA_BRIGHT.TIF/content: 429 Client Error: TOO MANY REQUESTS for url: https://zenodo.org/api/records/1204334/files/smart34_s74_10X_SAHA_BRIGHT.TIF/content
    [ERROR] download https://zenodo.org/api/records/1204334/files/smart34_s74_10X_SAHA_GFP.TIF/content: 429 Client Error: TOO MANY REQUESTS for url: https://zenodo.org/api/records/1204334/files/smart34_s74_10X_SAHA_GFP.TIF/content
    [ERROR] download https://zenodo.org/api/records/1204334/files/smart34_s75_10X_SAHA_BRIGHT.TIF/content: 429 Client Error: TOO MANY REQUESTS for url: https://zenodo.org/api/records/1204334/files/smart34_s75_10X_SAHA_BRIGHT.TIF/content
    [ERROR] download https://zenodo.org/api/records/1204334/files/smart34_s75_10X_SAHA_GFP.TIF/content: 429 Client Error: TOO MANY REQUESTS for url: https://zenodo.org/api/records/1204334/files/smart34_s75_10X_SAHA_GFP.TIF/content
    [ERROR] download https://zenodo.org/api/records/1204334/files/smart34_s76_10X_SAHA_BRIGHT.TIF/content: 429 Client Error: TOO MANY REQUESTS for url: https://zenodo.org/api/records/1204334/files/smart34_s76_10X_SAHA_BRIGHT.TIF/content
    [ERROR] download https://zenodo.org/api/records/1204334/files/smart34_s76_10X_SAHA_GFP.TIF/content: 429 Client Error: TOO MANY REQUESTS for url: https://zenodo.org/api/records/1204334/files/smart34_s76_10X_SAHA_GFP.TIF/content
    [ERROR] download https://zenodo.org/api/records/1204334/files/smart34_s78_10X_SAHA_BRIGHT.TIF/content: 429 Client Error: TOO MANY REQUESTS for url: https://zenodo.org/api/records/1204334/files/smart34_s78_10X_SAHA_BRIGHT.TIF/content
    [ERROR] download https://zenodo.org/api/records/1204334/files/smart34_s78_10X_SAHA_GFP.TIF/content: 429 Client Error: TOO MANY REQUESTS for url: https://zenodo.org/api/records/1204334/files/smart34_s78_10X_SAHA_GFP.TIF/content
    [ERROR] download https://zenodo.org/api/records/1204334/files/smart34_s79_10X_SAHA_BRIGHT.TIF/content: 429 Client Error: TOO MANY REQUESTS for url: https://zenodo.org/api/records/1204334/files/smart34_s79_10X_SAHA_BRIGHT.TIF/content
    [ERROR] download https://zenodo.org/api/records/1204334/files/smart34_s79_10X_SAHA_GFP.TIF/content: 429 Client Error: TOO MANY REQUESTS for url: https://zenodo.org/api/records/1204334/files/smart34_s79_10X_SAHA_GFP.TIF/content
    [ERROR] download https://zenodo.org/api/records/1204334/files/smart34_s80_10X_SAHA_BRIGHT.TIF/content: 429 Client Error: TOO MANY REQUESTS for url: https://zenodo.org/api/records/1204334/files/smart34_s80_10X_SAHA_BRIGHT.TIF/content
    [ERROR] download https://zenodo.org/api/records/1204334/files/smart34_s80_10X_SAHA_GFP.TIF/content: 429 Client Error: TOO MANY REQUESTS for url: https://zenodo.org/api/records/1204334/files/smart34_s80_10X_SAHA_GFP.TIF/content
    [ERROR] download https://zenodo.org/api/records/1204334/files/smart34_s8_10X_SAHA_BRIGHT.TIF/content: 429 Client Error: TOO MANY REQUESTS for url: https://zenodo.org/api/records/1204334/files/smart34_s8_10X_SAHA_BRIGHT.TIF/content
    [ERROR] download https://zenodo.org/api/records/1204334/files/smart34_s81_10X_SAHA_BRIGHT.TIF/content: 429 Client Error: TOO MANY REQUESTS for url: https://zenodo.org/api/records/1204334/files/smart34_s81_10X_SAHA_BRIGHT.TIF/content
    [ERROR] download https://zenodo.org/api/records/1204334/files/smart34_s82_10X_SAHA_GFP.TIF/content: 429 Client Error: TOO MANY REQUESTS for url: https://zenodo.org/api/records/1204334/files/smart34_s82_10X_SAHA_GFP.TIF/content
    [ERROR] download https://zenodo.org/api/records/1204334/files/smart34_s83_10X_SAHA_BRIGHT.TIF/content: 429 Client Error: TOO MANY REQUESTS for url: https://zenodo.org/api/records/1204334/files/smart34_s83_10X_SAHA_BRIGHT.TIF/content
    [ERROR] download https://zenodo.org/api/records/1204334/files/smart34_s83_10X_SAHA_GFP.TIF/content: 429 Client Error: TOO MANY REQUESTS for url: https://zenodo.org/api/records/1204334/files/smart34_s83_10X_SAHA_GFP.TIF/content
    [ERROR] download https://zenodo.org/api/records/1204334/files/smart34_s84_10X_SAHA_BRIGHT.TIF/content: 429 Client Error: TOO MANY REQUESTS for url: https://zenodo.org/api/records/1204334/files/smart34_s84_10X_SAHA_BRIGHT.TIF/content
    [ERROR] download https://zenodo.org/api/records/1204334/files/smart34_s84_10X_SAHA_GFP.TIF/content: 429 Client Error: TOO MANY REQUESTS for url: https://zenodo.org/api/records/1204334/files/smart34_s84_10X_SAHA_GFP.TIF/content
    [ERROR] download https://zenodo.org/api/records/1204334/files/smart34_s85_10X_SAHA_BRIGHT.TIF/content: 429 Client Error: TOO MANY REQUESTS for url: https://zenodo.org/api/records/1204334/files/smart34_s85_10X_SAHA_BRIGHT.TIF/content
    [ERROR] download https://zenodo.org/api/records/1204334/files/smart34_s86_10X_SAHA_BRIGHT.TIF/content: 429 Client Error: TOO MANY REQUESTS for url: https://zenodo.org/api/records/1204334/files/smart34_s86_10X_SAHA_BRIGHT.TIF/content
    [ERROR] download https://zenodo.org/api/records/1204334/files/smart34_s87_10X_SAHA_BRIGHT.TIF/content: 429 Client Error: TOO MANY REQUESTS for url: https://zenodo.org/api/records/1204334/files/smart34_s87_10X_SAHA_BRIGHT.TIF/content
    [ERROR] download https://zenodo.org/api/records/1204334/files/smart34_s87_10X_SAHA_GFP.TIF/content: 429 Client Error: TOO MANY REQUESTS for url: https://zenodo.org/api/records/1204334/files/smart34_s87_10X_SAHA_GFP.TIF/content
    [ERROR] download https://zenodo.org/api/records/1204334/files/smart34_s88_10X_SAHA_BRIGHT.TIF/content: 429 Client Error: TOO MANY REQUESTS for url: https://zenodo.org/api/records/1204334/files/smart34_s88_10X_SAHA_BRIGHT.TIF/content
    [ERROR] download https://zenodo.org/api/records/1204334/files/smart34_s88_10X_SAHA_GFP.TIF/content: 429 Client Error: TOO MANY REQUESTS for url: https://zenodo.org/api/records/1204334/files/smart34_s88_10X_SAHA_GFP.TIF/content
    [ERROR] download https://zenodo.org/api/records/1204334/files/smart34_s89_10X_SAHA_BRIGHT.TIF/content: 429 Client Error: TOO MANY REQUESTS for url: https://zenodo.org/api/records/1204334/files/smart34_s89_10X_SAHA_BRIGHT.TIF/content
    [ERROR] download https://zenodo.org/api/records/1204334/files/smart34_s89_10X_SAHA_GFP.TIF/content: 429 Client Error: TOO MANY REQUESTS for url: https://zenodo.org/api/records/1204334/files/smart34_s89_10X_SAHA_GFP.TIF/content
    [ERROR] download https://zenodo.org/api/records/1204334/files/smart34_s90_10X_SAHA_BRIGHT.TIF/content: 429 Client Error: TOO MANY REQUESTS for url: https://zenodo.org/api/records/1204334/files/smart34_s90_10X_SAHA_BRIGHT.TIF/content
    [ERROR] download https://zenodo.org/api/records/1204334/files/smart34_s90_10X_SAHA_GFP.TIF/content: 429 Client Error: TOO MANY REQUESTS for url: https://zenodo.org/api/records/1204334/files/smart34_s90_10X_SAHA_GFP.TIF/content
    [ERROR] download https://zenodo.org/api/records/1204334/files/smart34_s9_10X_SAHA_BRIGHT.TIF/content: 429 Client Error: TOO MANY REQUESTS for url: https://zenodo.org/api/records/1204334/files/smart34_s9_10X_SAHA_BRIGHT.TIF/content
    [ERROR] download https://zenodo.org/api/records/1204334/files/smart34_s92_10X_SAHA_BRIGHT.TIF/content: 429 Client Error: TOO MANY REQUESTS for url: https://zenodo.org/api/records/1204334/files/smart34_s92_10X_SAHA_BRIGHT.TIF/content
    [ERROR] download https://zenodo.org/api/records/1204334/files/smart34_s92_10X_SAHA_GFP.TIF/content: 429 Client Error: TOO MANY REQUESTS for url: https://zenodo.org/api/records/1204334/files/smart34_s92_10X_SAHA_GFP.TIF/content
    [ERROR] download https://zenodo.org/api/records/1204334/files/smart34_s93_10X_SAHA_BRIGHT.TIF/content: 429 Client Error: TOO MANY REQUESTS for url: https://zenodo.org/api/records/1204334/files/smart34_s93_10X_SAHA_BRIGHT.TIF/content
    [ERROR] download https://zenodo.org/api/records/1204334/files/smart34_s93_10X_SAHA_GFP.TIF/content: 429 Client Error: TOO MANY REQUESTS for url: https://zenodo.org/api/records/1204334/files/smart34_s93_10X_SAHA_GFP.TIF/content
    [ERROR] download https://zenodo.org/api/records/1204334/files/smart34_s94_10X_SAHA_BRIGHT.TIF/content: 429 Client Error: TOO MANY REQUESTS for url: https://zenodo.org/api/records/1204334/files/smart34_s94_10X_SAHA_BRIGHT.TIF/content
    [ERROR] download https://zenodo.org/api/records/1204334/files/smart34_s94_10X_SAHA_GFP.TIF/content: 429 Client Error: TOO MANY REQUESTS for url: https://zenodo.org/api/records/1204334/files/smart34_s94_10X_SAHA_GFP.TIF/content
    [ERROR] download https://zenodo.org/api/records/1204334/files/smart34_s96_10X_SAHA_BRIGHT.TIF/content: 429 Client Error: TOO MANY REQUESTS for url: https://zenodo.org/api/records/1204334/files/smart34_s96_10X_SAHA_BRIGHT.TIF/content
    [ERROR] download https://zenodo.org/api/records/1204334/files/smart34_s96_10X_SAHA_GFP.TIF/content: 429 Client Error: TOO MANY REQUESTS for url: https://zenodo.org/api/records/1204334/files/smart34_s96_10X_SAHA_GFP.TIF/content
    [ERROR] download https://zenodo.org/api/records/1204334/files/smart35_s10_20X_TCR_BRIGHT.TIF/content: 429 Client Error: TOO MANY REQUESTS for url: https://zenodo.org/api/records/1204334/files/smart35_s10_20X_TCR_BRIGHT.TIF/content
    [ERROR] download https://zenodo.org/api/records/1204334/files/smart35_s10_20X_TCR_GFP.TIF/content: 429 Client Error: TOO MANY REQUESTS for url: https://zenodo.org/api/records/1204334/files/smart35_s10_20X_TCR_GFP.TIF/content
    [ERROR] download https://zenodo.org/api/records/1204334/files/smart35_s11_20X_TCR_BRIGHT.TIF/content: 429 Client Error: TOO MANY REQUESTS for url: https://zenodo.org/api/records/1204334/files/smart35_s11_20X_TCR_BRIGHT.TIF/content
    [ERROR] download https://zenodo.org/api/records/1204334/files/smart35_s11_20X_TCR_GFP.TIF/content: 429 Client Error: TOO MANY REQUESTS for url: https://zenodo.org/api/records/1204334/files/smart35_s11_20X_TCR_GFP.TIF/content
    [ERROR] download https://zenodo.org/api/records/1204334/files/smart35_s1_20X_TCR_BRIGHT.TIF/content: 429 Client Error: TOO MANY REQUESTS for url: https://zenodo.org/api/records/1204334/files/smart35_s1_20X_TCR_BRIGHT.TIF/content
    [ERROR] download https://zenodo.org/api/records/1204334/files/smart35_s12_20X_TCR_GFP.TIF/content: 429 Client Error: TOO MANY REQUESTS for url: https://zenodo.org/api/records/1204334/files/smart35_s12_20X_TCR_GFP.TIF/content
    [ERROR] download https://zenodo.org/api/records/1204334/files/smart35_s13_20X_TCR_BRIGHT.TIF/content: 429 Client Error: TOO MANY REQUESTS for url: https://zenodo.org/api/records/1204334/files/smart35_s13_20X_TCR_BRIGHT.TIF/content
    [ERROR] download https://zenodo.org/api/records/1204334/files/smart35_s13_20X_TCR_GFP.TIF/content: 429 Client Error: TOO MANY REQUESTS for url: https://zenodo.org/api/records/1204334/files/smart35_s13_20X_TCR_GFP.TIF/content
    [ERROR] download https://zenodo.org/api/records/1204334/files/smart35_s14_20X_TCR_BRIGHT.TIF/content: 429 Client Error: TOO MANY REQUESTS for url: https://zenodo.org/api/records/1204334/files/smart35_s14_20X_TCR_BRIGHT.TIF/content
    [ERROR] download https://zenodo.org/api/records/1204334/files/smart35_s14_20X_TCR_GFP.TIF/content: 429 Client Error: TOO MANY REQUESTS for url: https://zenodo.org/api/records/1204334/files/smart35_s14_20X_TCR_GFP.TIF/content
    [ERROR] download https://zenodo.org/api/records/1204334/files/smart35_s15_20X_TCR_BRIGHT.TIF/content: 429 Client Error: TOO MANY REQUESTS for url: https://zenodo.org/api/records/1204334/files/smart35_s15_20X_TCR_BRIGHT.TIF/content
    [ERROR] download https://zenodo.org/api/records/1204334/files/smart35_s15_20X_TCR_GFP.TIF/content: 429 Client Error: TOO MANY REQUESTS for url: https://zenodo.org/api/records/1204334/files/smart35_s15_20X_TCR_GFP.TIF/content
    [ERROR] download https://zenodo.org/api/records/1204334/files/smart35_s16_20X_TCR_BRIGHT.TIF/content: 429 Client Error: TOO MANY REQUESTS for url: https://zenodo.org/api/records/1204334/files/smart35_s16_20X_TCR_BRIGHT.TIF/content
    [ERROR] download https://zenodo.org/api/records/1204334/files/smart35_s16_20X_TCR_GFP.TIF/content: 429 Client Error: TOO MANY REQUESTS for url: https://zenodo.org/api/records/1204334/files/smart35_s16_20X_TCR_GFP.TIF/content
    [ERROR] download https://zenodo.org/api/records/1204334/files/smart35_s18_20X_TCR_BRIGHT.TIF/content: 429 Client Error: TOO MANY REQUESTS for url: https://zenodo.org/api/records/1204334/files/smart35_s18_20X_TCR_BRIGHT.TIF/content
    [ERROR] download https://zenodo.org/api/records/1204334/files/smart35_s18_20X_TCR_GFP.TIF/content: 429 Client Error: TOO MANY REQUESTS for url: https://zenodo.org/api/records/1204334/files/smart35_s18_20X_TCR_GFP.TIF/content
    [ERROR] download https://zenodo.org/api/records/1204334/files/smart35_s19_20X_TCR_BRIGHT.TIF/content: 429 Client Error: TOO MANY REQUESTS for url: https://zenodo.org/api/records/1204334/files/smart35_s19_20X_TCR_BRIGHT.TIF/content
    [ERROR] download https://zenodo.org/api/records/1204334/files/smart35_s19_20X_TCR_GFP.TIF/content: 429 Client Error: TOO MANY REQUESTS for url: https://zenodo.org/api/records/1204334/files/smart35_s19_20X_TCR_GFP.TIF/content
    [ERROR] download https://zenodo.org/api/records/1204334/files/smart35_s20_20X_TCR_BRIGHT.TIF/content: 429 Client Error: TOO MANY REQUESTS for url: https://zenodo.org/api/records/1204334/files/smart35_s20_20X_TCR_BRIGHT.TIF/content
    [ERROR] download https://zenodo.org/api/records/1204334/files/smart35_s20_20X_TCR_GFP.TIF/content: 429 Client Error: TOO MANY REQUESTS for url: https://zenodo.org/api/records/1204334/files/smart35_s20_20X_TCR_GFP.TIF/content
    [ERROR] download https://zenodo.org/api/records/1204334/files/smart35_s21_20X_TCR_BRIGHT.TIF/content: 429 Client Error: TOO MANY REQUESTS for url: https://zenodo.org/api/records/1204334/files/smart35_s21_20X_TCR_BRIGHT.TIF/content
    [ERROR] download https://zenodo.org/api/records/1204334/files/smart35_s21_20X_TCR_GFP.TIF/content: 429 Client Error: TOO MANY REQUESTS for url: https://zenodo.org/api/records/1204334/files/smart35_s21_20X_TCR_GFP.TIF/content
    [ERROR] download https://zenodo.org/api/records/1204334/files/smart35_s2_20X_TCR_BRIGHT.TIF/content: 429 Client Error: TOO MANY REQUESTS for url: https://zenodo.org/api/records/1204334/files/smart35_s2_20X_TCR_BRIGHT.TIF/content
    [ERROR] download https://zenodo.org/api/records/1204334/files/smart35_s2_20X_TCR_GFP.TIF/content: 429 Client Error: TOO MANY REQUESTS for url: https://zenodo.org/api/records/1204334/files/smart35_s2_20X_TCR_GFP.TIF/content
    [ERROR] download https://zenodo.org/api/records/1204334/files/smart35_s22_20X_TCR_BRIGHT.TIF/content: 429 Client Error: TOO MANY REQUESTS for url: https://zenodo.org/api/records/1204334/files/smart35_s22_20X_TCR_BRIGHT.TIF/content
    [ERROR] download https://zenodo.org/api/records/1204334/files/smart35_s22_20X_TCR_GFP.TIF/content: 429 Client Error: TOO MANY REQUESTS for url: https://zenodo.org/api/records/1204334/files/smart35_s22_20X_TCR_GFP.TIF/content
    [ERROR] download https://zenodo.org/api/records/1204334/files/smart35_s23_20X_TCR_BRIGHT.TIF/content: 429 Client Error: TOO MANY REQUESTS for url: https://zenodo.org/api/records/1204334/files/smart35_s23_20X_TCR_BRIGHT.TIF/content
    [ERROR] download https://zenodo.org/api/records/1204334/files/smart35_s23_20X_TCR_GFP.TIF/content: 429 Client Error: TOO MANY REQUESTS for url: https://zenodo.org/api/records/1204334/files/smart35_s23_20X_TCR_GFP.TIF/content
    [ERROR] download https://zenodo.org/api/records/1204334/files/smart35_s24_20X_TCR_BRIGHT.TIF/content: 429 Client Error: TOO MANY REQUESTS for url: https://zenodo.org/api/records/1204334/files/smart35_s24_20X_TCR_BRIGHT.TIF/content
    [ERROR] download https://zenodo.org/api/records/1204334/files/smart35_s24_20X_TCR_GFP.TIF/content: 429 Client Error: TOO MANY REQUESTS for url: https://zenodo.org/api/records/1204334/files/smart35_s24_20X_TCR_GFP.TIF/content
    [ERROR] download https://zenodo.org/api/records/1204334/files/smart35_s25_20X_TCR_BRIGHT.TIF/content: 429 Client Error: TOO MANY REQUESTS for url: https://zenodo.org/api/records/1204334/files/smart35_s25_20X_TCR_BRIGHT.TIF/content
    [ERROR] download https://zenodo.org/api/records/1204334/files/smart35_s26_20X_TCR_BRIGHT.TIF/content: 429 Client Error: TOO MANY REQUESTS for url: https://zenodo.org/api/records/1204334/files/smart35_s26_20X_TCR_BRIGHT.TIF/content
    [ERROR] download https://zenodo.org/api/records/1204334/files/smart35_s27_20X_TCR_BRIGHT.TIF/content: 429 Client Error: TOO MANY REQUESTS for url: https://zenodo.org/api/records/1204334/files/smart35_s27_20X_TCR_BRIGHT.TIF/content
    [ERROR] download https://zenodo.org/api/records/1204334/files/smart35_s27_20X_TCR_GFP.TIF/content: 429 Client Error: TOO MANY REQUESTS for url: https://zenodo.org/api/records/1204334/files/smart35_s27_20X_TCR_GFP.TIF/content
    [ERROR] download https://zenodo.org/api/records/1204334/files/smart35_s28_20X_TCR_BRIGHT.TIF/content: 429 Client Error: TOO MANY REQUESTS for url: https://zenodo.org/api/records/1204334/files/smart35_s28_20X_TCR_BRIGHT.TIF/content
    [ERROR] download https://zenodo.org/api/records/1204334/files/smart35_s28_20X_TCR_GFP.TIF/content: 429 Client Error: TOO MANY REQUESTS for url: https://zenodo.org/api/records/1204334/files/smart35_s28_20X_TCR_GFP.TIF/content
    [ERROR] download https://zenodo.org/api/records/1204334/files/smart35_s29_20X_TCR_BRIGHT.TIF/content: 429 Client Error: TOO MANY REQUESTS for url: https://zenodo.org/api/records/1204334/files/smart35_s29_20X_TCR_BRIGHT.TIF/content
    [ERROR] download https://zenodo.org/api/records/1204334/files/smart35_s30_20X_TCR_BRIGHT.TIF/content: 429 Client Error: TOO MANY REQUESTS for url: https://zenodo.org/api/records/1204334/files/smart35_s30_20X_TCR_BRIGHT.TIF/content
    [ERROR] download https://zenodo.org/api/records/1204334/files/smart35_s30_20X_TCR_GFP.TIF/content: 429 Client Error: TOO MANY REQUESTS for url: https://zenodo.org/api/records/1204334/files/smart35_s30_20X_TCR_GFP.TIF/content
    [ERROR] download https://zenodo.org/api/records/1204334/files/smart35_s3_20X_TCR_BRIGHT.TIF/content: 429 Client Error: TOO MANY REQUESTS for url: https://zenodo.org/api/records/1204334/files/smart35_s3_20X_TCR_BRIGHT.TIF/content
    [ERROR] download https://zenodo.org/api/records/1204334/files/smart35_s3_20X_TCR_GFP.TIF/content: 429 Client Error: TOO MANY REQUESTS for url: https://zenodo.org/api/records/1204334/files/smart35_s3_20X_TCR_GFP.TIF/content
    [ERROR] download https://zenodo.org/api/records/1204334/files/smart35_s32_20X_TCR_BRIGHT.TIF/content: 429 Client Error: TOO MANY REQUESTS for url: https://zenodo.org/api/records/1204334/files/smart35_s32_20X_TCR_BRIGHT.TIF/content
    [ERROR] download https://zenodo.org/api/records/1204334/files/smart35_s33_20X_TCR_GFP.TIF/content: 429 Client Error: TOO MANY REQUESTS for url: https://zenodo.org/api/records/1204334/files/smart35_s33_20X_TCR_GFP.TIF/content
    [ERROR] download https://zenodo.org/api/records/1204334/files/smart35_s34_20X_TCR_BRIGHT.TIF/content: 429 Client Error: TOO MANY REQUESTS for url: https://zenodo.org/api/records/1204334/files/smart35_s34_20X_TCR_BRIGHT.TIF/content
    [ERROR] download https://zenodo.org/api/records/1204334/files/smart35_s38_20X_TCR_BRIGHT.TIF/content: 429 Client Error: TOO MANY REQUESTS for url: https://zenodo.org/api/records/1204334/files/smart35_s38_20X_TCR_BRIGHT.TIF/content
    [ERROR] download https://zenodo.org/api/records/1204334/files/smart35_s38_20X_TCR_GFP.TIF/content: 429 Client Error: TOO MANY REQUESTS for url: https://zenodo.org/api/records/1204334/files/smart35_s38_20X_TCR_GFP.TIF/content
    [ERROR] download https://zenodo.org/api/records/1204334/files/smart35_s39_20X_TCR_BRIGHT.TIF/content: 429 Client Error: TOO MANY REQUESTS for url: https://zenodo.org/api/records/1204334/files/smart35_s39_20X_TCR_BRIGHT.TIF/content
    [ERROR] download https://zenodo.org/api/records/1204334/files/smart35_s40_20X_TCR_BRIGHT.TIF/content: 429 Client Error: TOO MANY REQUESTS for url: https://zenodo.org/api/records/1204334/files/smart35_s40_20X_TCR_BRIGHT.TIF/content
    [ERROR] download https://zenodo.org/api/records/1204334/files/smart35_s40_20X_TCR_GFP.TIF/content: 429 Client Error: TOO MANY REQUESTS for url: https://zenodo.org/api/records/1204334/files/smart35_s40_20X_TCR_GFP.TIF/content
    [ERROR] download https://zenodo.org/api/records/1204334/files/smart35_s41_20X_TCR_BRIGHT.TIF/content: 429 Client Error: TOO MANY REQUESTS for url: https://zenodo.org/api/records/1204334/files/smart35_s41_20X_TCR_BRIGHT.TIF/content
    [ERROR] download https://zenodo.org/api/records/1204334/files/smart35_s41_20X_TCR_GFP.TIF/content: 429 Client Error: TOO MANY REQUESTS for url: https://zenodo.org/api/records/1204334/files/smart35_s41_20X_TCR_GFP.TIF/content
    [ERROR] download https://zenodo.org/api/records/1204334/files/smart35_s4_20X_TCR_BRIGHT.TIF/content: 429 Client Error: TOO MANY REQUESTS for url: https://zenodo.org/api/records/1204334/files/smart35_s4_20X_TCR_BRIGHT.TIF/content
    [ERROR] download https://zenodo.org/api/records/1204334/files/smart35_s4_20X_TCR_GFP.TIF/content: 429 Client Error: TOO MANY REQUESTS for url: https://zenodo.org/api/records/1204334/files/smart35_s4_20X_TCR_GFP.TIF/content
    [ERROR] download https://zenodo.org/api/records/1204334/files/smart35_s43_20X_TCR_BRIGHT.TIF/content: 429 Client Error: TOO MANY REQUESTS for url: https://zenodo.org/api/records/1204334/files/smart35_s43_20X_TCR_BRIGHT.TIF/content
    [ERROR] download https://zenodo.org/api/records/1204334/files/smart35_s43_20X_TCR_GFP.TIF/content: 429 Client Error: TOO MANY REQUESTS for url: https://zenodo.org/api/records/1204334/files/smart35_s43_20X_TCR_GFP.TIF/content
    [ERROR] download https://zenodo.org/api/records/1204334/files/smart35_s44_20X_TCR_BRIGHT.TIF/content: 429 Client Error: TOO MANY REQUESTS for url: https://zenodo.org/api/records/1204334/files/smart35_s44_20X_TCR_BRIGHT.TIF/content
    [ERROR] download https://zenodo.org/api/records/1204334/files/smart35_s44_20X_TCR_GFP.TIF/content: 429 Client Error: TOO MANY REQUESTS for url: https://zenodo.org/api/records/1204334/files/smart35_s44_20X_TCR_GFP.TIF/content
    [ERROR] download https://zenodo.org/api/records/1204334/files/smart35_s45_20X_TCR_GFP.TIF/content: 429 Client Error: TOO MANY REQUESTS for url: https://zenodo.org/api/records/1204334/files/smart35_s45_20X_TCR_GFP.TIF/content
    [ERROR] download https://zenodo.org/api/records/1204334/files/smart35_s46_20X_TCR_BRIGHT.TIF/content: 429 Client Error: TOO MANY REQUESTS for url: https://zenodo.org/api/records/1204334/files/smart35_s46_20X_TCR_BRIGHT.TIF/content
    [ERROR] download https://zenodo.org/api/records/1204334/files/smart35_s46_20X_TCR_GFP.TIF/content: 429 Client Error: TOO MANY REQUESTS for url: https://zenodo.org/api/records/1204334/files/smart35_s46_20X_TCR_GFP.TIF/content
    [ERROR] download https://zenodo.org/api/records/1204334/files/smart35_s47_20X_TCR_BRIGHT.TIF/content: 429 Client Error: TOO MANY REQUESTS for url: https://zenodo.org/api/records/1204334/files/smart35_s47_20X_TCR_BRIGHT.TIF/content
    [ERROR] download https://zenodo.org/api/records/1204334/files/smart35_s47_20X_TCR_GFP.TIF/content: 429 Client Error: TOO MANY REQUESTS for url: https://zenodo.org/api/records/1204334/files/smart35_s47_20X_TCR_GFP.TIF/content
    [ERROR] download https://zenodo.org/api/records/1204334/files/smart35_s48_20X_TCR_GFP.TIF/content: 429 Client Error: TOO MANY REQUESTS for url: https://zenodo.org/api/records/1204334/files/smart35_s48_20X_TCR_GFP.TIF/content
    [ERROR] download https://zenodo.org/api/records/1204334/files/smart35_s49_20X_TCR_BRIGHT.TIF/content: 429 Client Error: TOO MANY REQUESTS for url: https://zenodo.org/api/records/1204334/files/smart35_s49_20X_TCR_BRIGHT.TIF/content
    [ERROR] download https://zenodo.org/api/records/1204334/files/smart35_s49_20X_TCR_GFP.TIF/content: 429 Client Error: TOO MANY REQUESTS for url: https://zenodo.org/api/records/1204334/files/smart35_s49_20X_TCR_GFP.TIF/content
    [ERROR] download https://zenodo.org/api/records/1204334/files/smart35_s50_20X_TCR_BRIGHT.TIF/content: 429 Client Error: TOO MANY REQUESTS for url: https://zenodo.org/api/records/1204334/files/smart35_s50_20X_TCR_BRIGHT.TIF/content
    [ERROR] download https://zenodo.org/api/records/1204334/files/smart35_s50_20X_TCR_GFP.TIF/content: 429 Client Error: TOO MANY REQUESTS for url: https://zenodo.org/api/records/1204334/files/smart35_s50_20X_TCR_GFP.TIF/content
    [ERROR] download https://zenodo.org/api/records/1204334/files/smart35_s5_20X_TCR_BRIGHT.TIF/content: 429 Client Error: TOO MANY REQUESTS for url: https://zenodo.org/api/records/1204334/files/smart35_s5_20X_TCR_BRIGHT.TIF/content
    [ERROR] download https://zenodo.org/api/records/1204334/files/smart35_s5_20X_TCR_GFP.TIF/content: 429 Client Error: TOO MANY REQUESTS for url: https://zenodo.org/api/records/1204334/files/smart35_s5_20X_TCR_GFP.TIF/content
    [ERROR] download https://zenodo.org/api/records/1204334/files/smart35_s52_20X_TCR_BRIGHT.TIF/content: 429 Client Error: TOO MANY REQUESTS for url: https://zenodo.org/api/records/1204334/files/smart35_s52_20X_TCR_BRIGHT.TIF/content
    [ERROR] download https://zenodo.org/api/records/1204334/files/smart35_s52_20X_TCR_GFP.TIF/content: 429 Client Error: TOO MANY REQUESTS for url: https://zenodo.org/api/records/1204334/files/smart35_s52_20X_TCR_GFP.TIF/content
    [ERROR] download https://zenodo.org/api/records/1204334/files/smart35_s54_20X_TCR_BRIGHT.TIF/content: 429 Client Error: TOO MANY REQUESTS for url: https://zenodo.org/api/records/1204334/files/smart35_s54_20X_TCR_BRIGHT.TIF/content
    [ERROR] download https://zenodo.org/api/records/1204334/files/smart35_s54_20X_TCR_GFP.TIF/content: 429 Client Error: TOO MANY REQUESTS for url: https://zenodo.org/api/records/1204334/files/smart35_s54_20X_TCR_GFP.TIF/content
    [ERROR] download https://zenodo.org/api/records/1204334/files/smart35_s55_20X_TCR_BRIGHT.TIF/content: 429 Client Error: TOO MANY REQUESTS for url: https://zenodo.org/api/records/1204334/files/smart35_s55_20X_TCR_BRIGHT.TIF/content
    [ERROR] download https://zenodo.org/api/records/1204334/files/smart35_s55_20X_TCR_GFP.TIF/content: 429 Client Error: TOO MANY REQUESTS for url: https://zenodo.org/api/records/1204334/files/smart35_s55_20X_TCR_GFP.TIF/content
    [ERROR] download https://zenodo.org/api/records/1204334/files/smart35_s56_20X_TCR_BRIGHT.TIF/content: 429 Client Error: TOO MANY REQUESTS for url: https://zenodo.org/api/records/1204334/files/smart35_s56_20X_TCR_BRIGHT.TIF/content
    [ERROR] download https://zenodo.org/api/records/1204334/files/smart35_s56_20X_TCR_GFP.TIF/content: 429 Client Error: TOO MANY REQUESTS for url: https://zenodo.org/api/records/1204334/files/smart35_s56_20X_TCR_GFP.TIF/content
    [ERROR] download https://zenodo.org/api/records/1204334/files/smart35_s58_20X_TCR_BRIGHT.TIF/content: 429 Client Error: TOO MANY REQUESTS for url: https://zenodo.org/api/records/1204334/files/smart35_s58_20X_TCR_BRIGHT.TIF/content
    [ERROR] download https://zenodo.org/api/records/1204334/files/smart35_s58_20X_TCR_GFP.TIF/content: 429 Client Error: TOO MANY REQUESTS for url: https://zenodo.org/api/records/1204334/files/smart35_s58_20X_TCR_GFP.TIF/content
    [ERROR] download https://zenodo.org/api/records/1204334/files/smart35_s59_20X_TCR_BRIGHT.TIF/content: 429 Client Error: TOO MANY REQUESTS for url: https://zenodo.org/api/records/1204334/files/smart35_s59_20X_TCR_BRIGHT.TIF/content
    [ERROR] download https://zenodo.org/api/records/1204334/files/smart35_s59_20X_TCR_GFP.TIF/content: 429 Client Error: TOO MANY REQUESTS for url: https://zenodo.org/api/records/1204334/files/smart35_s59_20X_TCR_GFP.TIF/content
    [ERROR] download https://zenodo.org/api/records/1204334/files/smart35_s60_20X_TCR_BRIGHT.TIF/content: 429 Client Error: TOO MANY REQUESTS for url: https://zenodo.org/api/records/1204334/files/smart35_s60_20X_TCR_BRIGHT.TIF/content
    [ERROR] download https://zenodo.org/api/records/1204334/files/smart35_s61_20X_TCR_GFP.TIF/content: 429 Client Error: TOO MANY REQUESTS for url: https://zenodo.org/api/records/1204334/files/smart35_s61_20X_TCR_GFP.TIF/content
    [ERROR] download https://zenodo.org/api/records/1204334/files/smart35_s6_20X_TCR_BRIGHT.TIF/content: 429 Client Error: TOO MANY REQUESTS for url: https://zenodo.org/api/records/1204334/files/smart35_s6_20X_TCR_BRIGHT.TIF/content
    [ERROR] download https://zenodo.org/api/records/1204334/files/smart35_s6_20X_TCR_GFP.TIF/content: 429 Client Error: TOO MANY REQUESTS for url: https://zenodo.org/api/records/1204334/files/smart35_s6_20X_TCR_GFP.TIF/content
    [ERROR] download https://zenodo.org/api/records/1204334/files/smart35_s62_20X_TCR_BRIGHT.TIF/content: 429 Client Error: TOO MANY REQUESTS for url: https://zenodo.org/api/records/1204334/files/smart35_s62_20X_TCR_BRIGHT.TIF/content
    [ERROR] download https://zenodo.org/api/records/1204334/files/smart35_s62_20X_TCR_GFP.TIF/content: 429 Client Error: TOO MANY REQUESTS for url: https://zenodo.org/api/records/1204334/files/smart35_s62_20X_TCR_GFP.TIF/content
    [ERROR] download https://zenodo.org/api/records/1204334/files/smart35_s63_20X_TCR_BRIGHT.TIF/content: 429 Client Error: TOO MANY REQUESTS for url: https://zenodo.org/api/records/1204334/files/smart35_s63_20X_TCR_BRIGHT.TIF/content
    [ERROR] download https://zenodo.org/api/records/1204334/files/smart35_s63_20X_TCR_GFP.TIF/content: 429 Client Error: TOO MANY REQUESTS for url: https://zenodo.org/api/records/1204334/files/smart35_s63_20X_TCR_GFP.TIF/content
    [ERROR] download https://zenodo.org/api/records/1204334/files/smart35_s65_20X_TCR_BRIGHT.TIF/content: 429 Client Error: TOO MANY REQUESTS for url: https://zenodo.org/api/records/1204334/files/smart35_s65_20X_TCR_BRIGHT.TIF/content
    [ERROR] download https://zenodo.org/api/records/1204334/files/smart35_s65_20X_TCR_GFP.TIF/content: 429 Client Error: TOO MANY REQUESTS for url: https://zenodo.org/api/records/1204334/files/smart35_s65_20X_TCR_GFP.TIF/content
    [ERROR] download https://zenodo.org/api/records/1204334/files/smart35_s66_20X_TCR_BRIGHT.TIF/content: 429 Client Error: TOO MANY REQUESTS for url: https://zenodo.org/api/records/1204334/files/smart35_s66_20X_TCR_BRIGHT.TIF/content
    [ERROR] download https://zenodo.org/api/records/1204334/files/smart35_s66_20X_TCR_GFP.TIF/content: 429 Client Error: TOO MANY REQUESTS for url: https://zenodo.org/api/records/1204334/files/smart35_s66_20X_TCR_GFP.TIF/content
    [ERROR] download https://zenodo.org/api/records/1204334/files/smart35_s67_20X_TCR_BRIGHT.TIF/content: 429 Client Error: TOO MANY REQUESTS for url: https://zenodo.org/api/records/1204334/files/smart35_s67_20X_TCR_BRIGHT.TIF/content
    [ERROR] download https://zenodo.org/api/records/1204334/files/smart35_s67_20X_TCR_GFP.TIF/content: 429 Client Error: TOO MANY REQUESTS for url: https://zenodo.org/api/records/1204334/files/smart35_s67_20X_TCR_GFP.TIF/content
    [ERROR] download https://zenodo.org/api/records/1204334/files/smart35_s69_20X_TCR_BRIGHT.TIF/content: 429 Client Error: TOO MANY REQUESTS for url: https://zenodo.org/api/records/1204334/files/smart35_s69_20X_TCR_BRIGHT.TIF/content
    [ERROR] download https://zenodo.org/api/records/1204334/files/smart35_s69_20X_TCR_GFP.TIF/content: 429 Client Error: TOO MANY REQUESTS for url: https://zenodo.org/api/records/1204334/files/smart35_s69_20X_TCR_GFP.TIF/content
    [ERROR] download https://zenodo.org/api/records/1204334/files/smart35_s70_20X_TCR_BRIGHT.TIF/content: 429 Client Error: TOO MANY REQUESTS for url: https://zenodo.org/api/records/1204334/files/smart35_s70_20X_TCR_BRIGHT.TIF/content
    [ERROR] download https://zenodo.org/api/records/1204334/files/smart35_s70_20X_TCR_GFP.TIF/content: 429 Client Error: TOO MANY REQUESTS for url: https://zenodo.org/api/records/1204334/files/smart35_s70_20X_TCR_GFP.TIF/content
    [ERROR] download https://zenodo.org/api/records/1204334/files/smart35_s71_20X_TCR_BRIGHT.TIF/content: 429 Client Error: TOO MANY REQUESTS for url: https://zenodo.org/api/records/1204334/files/smart35_s71_20X_TCR_BRIGHT.TIF/content
    [ERROR] download https://zenodo.org/api/records/1204334/files/smart35_s71_20X_TCR_GFP.TIF/content: 429 Client Error: TOO MANY REQUESTS for url: https://zenodo.org/api/records/1204334/files/smart35_s71_20X_TCR_GFP.TIF/content
    [ERROR] download https://zenodo.org/api/records/1204334/files/smart35_s7_20X_TCR_BRIGHT.TIF/content: 429 Client Error: TOO MANY REQUESTS for url: https://zenodo.org/api/records/1204334/files/smart35_s7_20X_TCR_BRIGHT.TIF/content
    [ERROR] download https://zenodo.org/api/records/1204334/files/smart35_s7_20X_TCR_GFP.TIF/content: 429 Client Error: TOO MANY REQUESTS for url: https://zenodo.org/api/records/1204334/files/smart35_s7_20X_TCR_GFP.TIF/content
    [ERROR] download https://zenodo.org/api/records/1204334/files/smart35_s72_20X_TCR_BRIGHT.TIF/content: 429 Client Error: TOO MANY REQUESTS for url: https://zenodo.org/api/records/1204334/files/smart35_s72_20X_TCR_BRIGHT.TIF/content
    [ERROR] download https://zenodo.org/api/records/1204334/files/smart35_s72_20X_TCR_GFP.TIF/content: 429 Client Error: TOO MANY REQUESTS for url: https://zenodo.org/api/records/1204334/files/smart35_s72_20X_TCR_GFP.TIF/content
    [ERROR] download https://zenodo.org/api/records/1204334/files/smart35_s74_20X_TCR_BRIGHT.TIF/content: 429 Client Error: TOO MANY REQUESTS for url: https://zenodo.org/api/records/1204334/files/smart35_s74_20X_TCR_BRIGHT.TIF/content
    [ERROR] download https://zenodo.org/api/records/1204334/files/smart35_s75_20X_TCR_GFP.TIF/content: 429 Client Error: TOO MANY REQUESTS for url: https://zenodo.org/api/records/1204334/files/smart35_s75_20X_TCR_GFP.TIF/content
    [ERROR] download https://zenodo.org/api/records/1204334/files/smart35_s76_20X_TCR_BRIGHT.TIF/content: 429 Client Error: TOO MANY REQUESTS for url: https://zenodo.org/api/records/1204334/files/smart35_s76_20X_TCR_BRIGHT.TIF/content
    [ERROR] download https://zenodo.org/api/records/1204334/files/smart35_s76_20X_TCR_GFP.TIF/content: 429 Client Error: TOO MANY REQUESTS for url: https://zenodo.org/api/records/1204334/files/smart35_s76_20X_TCR_GFP.TIF/content
    [ERROR] download https://zenodo.org/api/records/1204334/files/smart35_s77_20X_TCR_BRIGHT.TIF/content: 429 Client Error: TOO MANY REQUESTS for url: https://zenodo.org/api/records/1204334/files/smart35_s77_20X_TCR_BRIGHT.TIF/content
    [ERROR] download https://zenodo.org/api/records/1204334/files/smart35_s77_20X_TCR_GFP.TIF/content: 429 Client Error: TOO MANY REQUESTS for url: https://zenodo.org/api/records/1204334/files/smart35_s77_20X_TCR_GFP.TIF/content
    [ERROR] download https://zenodo.org/api/records/1204334/files/smart35_s79_20X_TCR_BRIGHT.TIF/content: 429 Client Error: TOO MANY REQUESTS for url: https://zenodo.org/api/records/1204334/files/smart35_s79_20X_TCR_BRIGHT.TIF/content
    [ERROR] download https://zenodo.org/api/records/1204334/files/smart35_s79_20X_TCR_GFP.TIF/content: 429 Client Error: TOO MANY REQUESTS for url: https://zenodo.org/api/records/1204334/files/smart35_s79_20X_TCR_GFP.TIF/content
    [ERROR] download https://zenodo.org/api/records/1204334/files/smart35_s80_20X_TCR_BRIGHT.TIF/content: 429 Client Error: TOO MANY REQUESTS for url: https://zenodo.org/api/records/1204334/files/smart35_s80_20X_TCR_BRIGHT.TIF/content
    [ERROR] download https://zenodo.org/api/records/1204334/files/smart35_s80_20X_TCR_GFP.TIF/content: 429 Client Error: TOO MANY REQUESTS for url: https://zenodo.org/api/records/1204334/files/smart35_s80_20X_TCR_GFP.TIF/content
    [ERROR] download https://zenodo.org/api/records/1204334/files/smart35_s81_20X_TCR_BRIGHT.TIF/content: 429 Client Error: TOO MANY REQUESTS for url: https://zenodo.org/api/records/1204334/files/smart35_s81_20X_TCR_BRIGHT.TIF/content
    [ERROR] download https://zenodo.org/api/records/1204334/files/smart35_s81_20X_TCR_GFP.TIF/content: 429 Client Error: TOO MANY REQUESTS for url: https://zenodo.org/api/records/1204334/files/smart35_s81_20X_TCR_GFP.TIF/content
    [ERROR] download https://zenodo.org/api/records/1204334/files/smart35_s8_20X_TCR_BRIGHT.TIF/content: 429 Client Error: TOO MANY REQUESTS for url: https://zenodo.org/api/records/1204334/files/smart35_s8_20X_TCR_BRIGHT.TIF/content
    [ERROR] download https://zenodo.org/api/records/1204334/files/smart35_s8_20X_TCR_GFP.TIF/content: 429 Client Error: TOO MANY REQUESTS for url: https://zenodo.org/api/records/1204334/files/smart35_s8_20X_TCR_GFP.TIF/content
    [ERROR] download https://zenodo.org/api/records/1204334/files/smart35_s82_20X_TCR_BRIGHT.TIF/content: 429 Client Error: TOO MANY REQUESTS for url: https://zenodo.org/api/records/1204334/files/smart35_s82_20X_TCR_BRIGHT.TIF/content
    [ERROR] download https://zenodo.org/api/records/1204334/files/smart35_s82_20X_TCR_GFP.TIF/content: 429 Client Error: TOO MANY REQUESTS for url: https://zenodo.org/api/records/1204334/files/smart35_s82_20X_TCR_GFP.TIF/content
    [ERROR] download https://zenodo.org/api/records/1204334/files/smart35_s84_20X_TCR_BRIGHT.TIF/content: 429 Client Error: TOO MANY REQUESTS for url: https://zenodo.org/api/records/1204334/files/smart35_s84_20X_TCR_BRIGHT.TIF/content
    [ERROR] download https://zenodo.org/api/records/1204334/files/smart35_s84_20X_TCR_GFP.TIF/content: 429 Client Error: TOO MANY REQUESTS for url: https://zenodo.org/api/records/1204334/files/smart35_s84_20X_TCR_GFP.TIF/content
    [ERROR] download https://zenodo.org/api/records/1204334/files/smart35_s85_20X_TCR_BRIGHT.TIF/content: 429 Client Error: TOO MANY REQUESTS for url: https://zenodo.org/api/records/1204334/files/smart35_s85_20X_TCR_BRIGHT.TIF/content
    [ERROR] download https://zenodo.org/api/records/1204334/files/smart35_s85_20X_TCR_GFP.TIF/content: 429 Client Error: TOO MANY REQUESTS for url: https://zenodo.org/api/records/1204334/files/smart35_s85_20X_TCR_GFP.TIF/content
    [ERROR] download https://zenodo.org/api/records/1204334/files/smart35_s86_20X_TCR_GFP.TIF/content: 429 Client Error: TOO MANY REQUESTS for url: https://zenodo.org/api/records/1204334/files/smart35_s86_20X_TCR_GFP.TIF/content
    [ERROR] download https://zenodo.org/api/records/1204334/files/smart35_s87_20X_TCR_BRIGHT.TIF/content: 429 Client Error: TOO MANY REQUESTS for url: https://zenodo.org/api/records/1204334/files/smart35_s87_20X_TCR_BRIGHT.TIF/content
    [ERROR] download https://zenodo.org/api/records/1204334/files/smart35_s88_20X_TCR_BRIGHT.TIF/content: 429 Client Error: TOO MANY REQUESTS for url: https://zenodo.org/api/records/1204334/files/smart35_s88_20X_TCR_BRIGHT.TIF/content
    [ERROR] download https://zenodo.org/api/records/1204334/files/smart35_s89_20X_TCR_BRIGHT.TIF/content: 429 Client Error: TOO MANY REQUESTS for url: https://zenodo.org/api/records/1204334/files/smart35_s89_20X_TCR_BRIGHT.TIF/content
    [ERROR] download https://zenodo.org/api/records/1204334/files/smart35_s89_20X_TCR_GFP.TIF/content: 429 Client Error: TOO MANY REQUESTS for url: https://zenodo.org/api/records/1204334/files/smart35_s89_20X_TCR_GFP.TIF/content
    [ERROR] download https://zenodo.org/api/records/1204334/files/smart35_s90_20X_TCR_BRIGHT.TIF/content: 429 Client Error: TOO MANY REQUESTS for url: https://zenodo.org/api/records/1204334/files/smart35_s90_20X_TCR_BRIGHT.TIF/content
    [ERROR] download https://zenodo.org/api/records/1204334/files/smart35_s90_20X_TCR_GFP.TIF/content: 429 Client Error: TOO MANY REQUESTS for url: https://zenodo.org/api/records/1204334/files/smart35_s90_20X_TCR_GFP.TIF/content
    [ERROR] download https://zenodo.org/api/records/1204334/files/smart35_s91_20X_TCR_BRIGHT.TIF/content: 429 Client Error: TOO MANY REQUESTS for url: https://zenodo.org/api/records/1204334/files/smart35_s91_20X_TCR_BRIGHT.TIF/content
    [ERROR] download https://zenodo.org/api/records/1204334/files/smart35_s9_20X_TCR_GFP.TIF/content: 429 Client Error: TOO MANY REQUESTS for url: https://zenodo.org/api/records/1204334/files/smart35_s9_20X_TCR_GFP.TIF/content
    [ERROR] download https://zenodo.org/api/records/1204334/files/smart35_s92_20X_TCR_BRIGHT.TIF/content: 429 Client Error: TOO MANY REQUESTS for url: https://zenodo.org/api/records/1204334/files/smart35_s92_20X_TCR_BRIGHT.TIF/content
    [ERROR] download https://zenodo.org/api/records/1204334/files/smart35_s92_20X_TCR_GFP.TIF/content: 429 Client Error: TOO MANY REQUESTS for url: https://zenodo.org/api/records/1204334/files/smart35_s92_20X_TCR_GFP.TIF/content
    [ERROR] download https://zenodo.org/api/records/1204334/files/smart35_s93_20X_TCR_BRIGHT.TIF/content: 429 Client Error: TOO MANY REQUESTS for url: https://zenodo.org/api/records/1204334/files/smart35_s93_20X_TCR_BRIGHT.TIF/content
    [ERROR] download https://zenodo.org/api/records/1204334/files/smart35_s93_20X_TCR_GFP.TIF/content: 429 Client Error: TOO MANY REQUESTS for url: https://zenodo.org/api/records/1204334/files/smart35_s93_20X_TCR_GFP.TIF/content
    [ERROR] download https://zenodo.org/api/records/1204334/files/smart35_s94_20X_TCR_BRIGHT.TIF/content: 429 Client Error: TOO MANY REQUESTS for url: https://zenodo.org/api/records/1204334/files/smart35_s94_20X_TCR_BRIGHT.TIF/content
    [ERROR] download https://zenodo.org/api/records/1204334/files/smart35_s94_20X_TCR_GFP.TIF/content: 429 Client Error: TOO MANY REQUESTS for url: https://zenodo.org/api/records/1204334/files/smart35_s94_20X_TCR_GFP.TIF/content
    [ERROR] download https://zenodo.org/api/records/1204334/files/smart35_s96_20X_TCR_BRIGHT.TIF/content: 429 Client Error: TOO MANY REQUESTS for url: https://zenodo.org/api/records/1204334/files/smart35_s96_20X_TCR_BRIGHT.TIF/content
    [ERROR] download https://zenodo.org/api/records/1204334/files/smart35_s96_20X_TCR_GFP.TIF/content: 429 Client Error: TOO MANY REQUESTS for url: https://zenodo.org/api/records/1204334/files/smart35_s96_20X_TCR_GFP.TIF/content
    [ERROR] download https://zenodo.org/api/records/1204334/files/Zenodo_Data_S1_HIV_GFP_VSVG_sequence.fa/content: 429 Client Error: TOO MANY REQUESTS for url: https://zenodo.org/api/records/1204334/files/Zenodo_Data_S1_HIV_GFP_VSVG_sequence.fa/content
  [1204334] 113 media file(s) saved
  [1204399] 1 media file(s) saved
  [1204467] 1 media file(s) saved
  [1204879] 1 media file(s) saved
  [1204916] 2 media file(s) saved
  [1205015] 1 media file(s) saved
  [1205511] 1 media file(s) saved
  [1207236] 1 media file(s) saved
  [12073502] 1 media file(s) saved
    [ERROR] download https://zenodo.org/api/records/1207355/files/ETASR_V8_N1_pp2532-2536.pdf/content: 429 Client Error: TOO MANY REQUESTS for url: https://zenodo.org/api/records/1207355/files/ETASR_V8_N1_pp2532-2536.pdf/content
  Rate limited — sleeping 60s
  [1207703] 1 media file(s) saved
  [12078109] 14 media file(s) saved
  [12086774] 1 media file(s) saved
  [12087626] 1 media file(s) saved
  [12088344] 2 media file(s) saved
  [1209974] 1 media file(s) saved
  [12100242] 1 media file(s) saved
  [12102505] 1 media file(s) saved
  [12104031] 1 media file(s) saved
  [12104052] 1 media file(s) saved
  [12106294] 2 media file(s) saved
  [1212394] 1 media file(s) saved
  [1213029] 1 media file(s) saved
  [1213273] 1 media file(s) saved
  [1213578] 1 media file(s) saved
  [1215128] 1 media file(s) saved
  [1215268] 2 media file(s) saved
  [1215430] 1 media file(s) saved
  [1215523] 1 media file(s) saved
  [1215613] 1 media file(s) saved
  [12158513] 1 media file(s) saved
  [1216020] 1 media file(s) saved
  [12165964] 1 media file(s) saved
  [12166614] 1 media file(s) saved
  [12167327] 1 media file(s) saved
  [12168307] 7 media file(s) saved
  [12171220] 1 media file(s) saved
  [1217186] 1 media file(s) saved
  [1217331] 1 media file(s) saved
  [12175404] 1 media file(s) saved
  [12175458] 1 media file(s) saved
  [12175464] 1 media file(s) saved
  [12175559] 1 media file(s) saved
  [12175723] 1 media file(s) saved
  [12175729] 1 media file(s) saved
  [12177092] 1 media file(s) saved
  [1217737] 1 media file(s) saved
  [12177518] 1 media file(s) saved
  [12179126] 1 media file(s) saved
  [1217930] 1 media file(s) saved
  [1217954] 1 media file(s) saved
  [12179581] 1 media file(s) saved
  [12179681] 1 media file(s) saved
  [1218207] 1 media file(s) saved
  [1218637] 1 media file(s) saved
  [1218751] 6 media file(s) saved
  [1218767] 2 media file(s) saved
  [12187724] 1 media file(s) saved
  [12188200] 1 media file(s) saved
    [ERROR] download https://zenodo.org/api/records/1218883/files/8117sipij04.pdf/content: 429 Client Error: TOO MANY REQUESTS for url: https://zenodo.org/api/records/1218883/files/8117sipij04.pdf/content
  Rate limited — sleeping 60s
  [12192108] 1 media file(s) saved
  [1219329] 1 media file(s) saved
  [12194220] 1 media file(s) saved
  [12194597] 1 media file(s) saved
  [1219634] 1 media file(s) saved
  [12196637] 1 media file(s) saved
  [12196639] 1 media file(s) saved
  [12198873] 1 media file(s) saved
  [12199991] 1 media file(s) saved
  [12200364] 1 media file(s) saved
  [12200828] 1 media file(s) saved
  [12202267] 1 media file(s) saved
  [12204410] 1 media file(s) saved
  [1220679] 1 media file(s) saved
  [12206892] 1 media file(s) saved
  [12207065] 1 media file(s) saved
  [12207300] 2 media file(s) saved
  [1220825] 1 media file(s) saved
  [12208832] 1 media file(s) saved
  [12214807] 1 media file(s) saved
  [12214948] 1 media file(s) saved
  [12214952] 1 media file(s) saved
  [12216507] 1 media file(s) saved
  [1222132] 1 media file(s) saved
  [1222549] 2 media file(s) saved
  [1222687] 2 media file(s) saved
  [12228858] 1 media file(s) saved
  [12237943] 7 media file(s) saved
  [12240154] 25 media file(s) saved
  [12250382] 2 media file(s) saved
  [1226186] 1 media file(s) saved
  [1226188] 1 media file(s) saved
  [1226190] 1 media file(s) saved
  [1226192] 1 media file(s) saved
  [1226194] 1 media file(s) saved
  [1226196] 1 media file(s) saved
  [1226198] 1 media file(s) saved
  [1226200] 1 media file(s) saved
  [1226202] 1 media file(s) saved
  [1226204] 1 media file(s) saved
  [1226686] 1 media file(s) saved
  [1226785] 3 media file(s) saved
  [1227438] 1 media file(s) saved
  [1227684] 1 media file(s) saved
  [1229133] 1 media file(s) saved
  [1229156] 1 media file(s) saved
  [1229176] 1 media file(s) saved
  [1229241] 1 media file(s) saved
  [1229247] 1 media file(s) saved
  [1229420] 1 media file(s) saved
  [1229480] 1 media file(s) saved
  [1229556] 1 media file(s) saved
  [1229616] 1 media file(s) saved
  [1229691] 1 media file(s) saved
  [1229707] 1 media file(s) saved
  [1229729] 1 media file(s) saved
  [1229776] 1 media file(s) saved
    [ERROR] download https://zenodo.org/api/records/1230457/files/0709s6.pdf/content: 429 Client Error: TOO MANY REQUESTS for url: https://zenodo.org/api/records/1230457/files/0709s6.pdf/content
  [1230475] 1 media file(s) saved
  [1230520] 1 media file(s) saved
  [1230619] 1 media file(s) saved
    [ERROR] download https://zenodo.org/api/records/1230936/files/article.pdf/content: 429 Client Error: TOO MANY REQUESTS for url: https://zenodo.org/api/records/1230936/files/article.pdf/content
    [ERROR] download https://zenodo.org/api/records/1230950/files/article.pdf/content: 429 Client Error: TOO MANY REQUESTS for url: https://zenodo.org/api/records/1230950/files/article.pdf/content
  [1231104] 1 media file(s) saved
    [ERROR] download https://zenodo.org/api/records/1231137/files/article.pdf/content: 429 Client Error: TOO MANY REQUESTS for url: https://zenodo.org/api/records/1231137/files/article.pdf/content
  [1231167] 1 media file(s) saved
  [1231213] 1 media file(s) saved
  [1231460] 1 media file(s) saved
  [1232185] 1 media file(s) saved
  [1232397] 1 media file(s) saved
  [1232484] 1 media file(s) saved
  [1232512] 1 media file(s) saved
  [1232564] 1 media file(s) saved
  [1232566] 1 media file(s) saved
  [1232574] 1 media file(s) saved
  [1232675] 1 media file(s) saved
  [1232679] 1 media file(s) saved
  [1232751] 1 media file(s) saved
  [1232856] 1 media file(s) saved
  [1232956] 1 media file(s) saved
  [1233091] 1 media file(s) saved
  [1233317] 1 media file(s) saved
  [1233397] 1 media file(s) saved
  [1233484] 1 media file(s) saved
  [1234291] 1 media file(s) saved
  [1234327] 1 media file(s) saved
  [1234349] 1 media file(s) saved
  [1234433] 1 media file(s) saved
  [1234471] 1 media file(s) saved
  [12346689] 1 media file(s) saved
  [1234822] 1 media file(s) saved
  [1235265] 1 media file(s) saved
  [1235327] 1 media file(s) saved
  [1235416] 1 media file(s) saved
  [1235476] 1 media file(s) saved
  [1235516] 1 media file(s) saved
  [1235554] 1 media file(s) saved
  [1235764] 1 media file(s) saved
  [1235901] 1 media file(s) saved
  [1236214] 1 media file(s) saved
  [1237825] 1 media file(s) saved
  [1238190] 1 media file(s) saved
  [1238837] 1 media file(s) saved
  [1239668] 1 media file(s) saved
  [1239931] 1 media file(s) saved
  [1240990] 1 media file(s) saved
  [1241258] 1 media file(s) saved
  [1244529] 1 media file(s) saved
    [ERROR] download https://zenodo.org/api/records/1244662/files/121.png/content: 429 Client Error: TOO MANY REQUESTS for url: https://zenodo.org/api/records/1244662/files/121.png/content
    [ERROR] download https://zenodo.org/api/records/1244662/files/138.png/content: 429 Client Error: TOO MANY REQUESTS for url: https://zenodo.org/api/records/1244662/files/138.png/content
    [ERROR] download https://zenodo.org/api/records/1244662/files/126.png/content: 429 Client Error: TOO MANY REQUESTS for url: https://zenodo.org/api/records/1244662/files/126.png/content
    [ERROR] download https://zenodo.org/api/records/1244662/files/137.jpg/content: 429 Client Error: TOO MANY REQUESTS for url: https://zenodo.org/api/records/1244662/files/137.jpg/content
    [ERROR] download https://zenodo.org/api/records/1244662/files/107.png/content: 429 Client Error: TOO MANY REQUESTS for url: https://zenodo.org/api/records/1244662/files/107.png/content
    [ERROR] download https://zenodo.org/api/records/1244662/files/129.png/content: 429 Client Error: TOO MANY REQUESTS for url: https://zenodo.org/api/records/1244662/files/129.png/content
    [ERROR] download https://zenodo.org/api/records/1244662/files/137.png/content: 429 Client Error: TOO MANY REQUESTS for url: https://zenodo.org/api/records/1244662/files/137.png/content
    [ERROR] download https://zenodo.org/api/records/1244662/files/85.jpg/content: 429 Client Error: TOO MANY REQUESTS for url: https://zenodo.org/api/records/1244662/files/85.jpg/content
    [ERROR] download https://zenodo.org/api/records/1244662/files/143.jpg/content: 429 Client Error: TOO MANY REQUESTS for url: https://zenodo.org/api/records/1244662/files/143.jpg/content
    [ERROR] download https://zenodo.org/api/records/1244662/files/107.jpg/content: 429 Client Error: TOO MANY REQUESTS for url: https://zenodo.org/api/records/1244662/files/107.jpg/content
    [ERROR] download https://zenodo.org/api/records/1244662/files/136.png/content: 429 Client Error: TOO MANY REQUESTS for url: https://zenodo.org/api/records/1244662/files/136.png/content
    [ERROR] download https://zenodo.org/api/records/1244662/files/143.png/content: 429 Client Error: TOO MANY REQUESTS for url: https://zenodo.org/api/records/1244662/files/143.png/content
    [ERROR] download https://zenodo.org/api/records/1244662/files/123.png/content: 429 Client Error: TOO MANY REQUESTS for url: https://zenodo.org/api/records/1244662/files/123.png/content
    [ERROR] download https://zenodo.org/api/records/1244662/files/122.png/content: 429 Client Error: TOO MANY REQUESTS for url: https://zenodo.org/api/records/1244662/files/122.png/content
    [ERROR] download https://zenodo.org/api/records/1244662/files/112.jpg/content: 429 Client Error: TOO MANY REQUESTS for url: https://zenodo.org/api/records/1244662/files/112.jpg/content
    [ERROR] download https://zenodo.org/api/records/1244662/files/125.png/content: 429 Client Error: TOO MANY REQUESTS for url: https://zenodo.org/api/records/1244662/files/125.png/content
    [ERROR] download https://zenodo.org/api/records/1244662/files/131.png/content: 429 Client Error: TOO MANY REQUESTS for url: https://zenodo.org/api/records/1244662/files/131.png/content
    [ERROR] download https://zenodo.org/api/records/1244662/files/132.png/content: 429 Client Error: TOO MANY REQUESTS for url: https://zenodo.org/api/records/1244662/files/132.png/content
    [ERROR] download https://zenodo.org/api/records/1244662/files/124.png/content: 429 Client Error: TOO MANY REQUESTS for url: https://zenodo.org/api/records/1244662/files/124.png/content
    [ERROR] download https://zenodo.org/api/records/1244662/files/142.png/content: 429 Client Error: TOO MANY REQUESTS for url: https://zenodo.org/api/records/1244662/files/142.png/content
    [ERROR] download https://zenodo.org/api/records/1244662/files/142.jpg/content: 429 Client Error: TOO MANY REQUESTS for url: https://zenodo.org/api/records/1244662/files/142.jpg/content
    [ERROR] download https://zenodo.org/api/records/1244662/files/141.png/content: 429 Client Error: TOO MANY REQUESTS for url: https://zenodo.org/api/records/1244662/files/141.png/content
    [ERROR] download https://zenodo.org/api/records/1244662/files/89.png/content: 429 Client Error: TOO MANY REQUESTS for url: https://zenodo.org/api/records/1244662/files/89.png/content
    [ERROR] download https://zenodo.org/api/records/1244662/files/139.png/content: 429 Client Error: TOO MANY REQUESTS for url: https://zenodo.org/api/records/1244662/files/139.png/content
    [ERROR] download https://zenodo.org/api/records/1244662/files/113.png/content: 429 Client Error: TOO MANY REQUESTS for url: https://zenodo.org/api/records/1244662/files/113.png/content
  [1244662] 52 media file(s) saved
  [1245312] 1 media file(s) saved
  Rate limited — sleeping 60s
  [1246280] 1 media file(s) saved
  [1246483] 1 media file(s) saved
  [1246948] 1 media file(s) saved
  [1247971] 1 media file(s) saved
  [1248027] 1 media file(s) saved
  [1248191] 1 media file(s) saved
  [1248646] 1 media file(s) saved
  [12492956] 1 media file(s) saved
  [12492960] 1 media file(s) saved
  [1249908] 1 media file(s) saved
  [1249910] 1 media file(s) saved
  [1249996] 1 media file(s) saved
  [1250105] 1 media file(s) saved
  [1250588] 1 media file(s) saved
  [12506986] 1 media file(s) saved
  [12510495] 1 media file(s) saved
  [12512012] 1 media file(s) saved
  [1251235] 1 media file(s) saved
  [12513856] 1 media file(s) saved
  [12516311] 1 media file(s) saved
  [12516746] 1 media file(s) saved
  [12516842] 1 media file(s) saved
  [12517650] 9 media file(s) saved
  [1251798] 1 media file(s) saved
  [1251881] 1 media file(s) saved
  [12520535] 1 media file(s) saved
  [1252058] 1 media file(s) saved
  [12521781] 1 media file(s) saved
  [12523053] 1 media file(s) saved
  [1252357] 1 media file(s) saved
  [12524168] 1 media file(s) saved
  [12524170] 1 media file(s) saved
  [12524172] 1 media file(s) saved
  [12524174] 1 media file(s) saved
  [12524176] 1 media file(s) saved
  [12524178] 1 media file(s) saved
  [12524180] 1 media file(s) saved
  [12524182] 1 media file(s) saved
  [12524287] 1 media file(s) saved
  [12526791] 2 media file(s) saved
  [12526862] 1 media file(s) saved
  [12527498] 3 media file(s) saved
  [1252778] 1 media file(s) saved
  [1252814] 1 media file(s) saved
  [1252852] 1 media file(s) saved
  [1252876] 1 media file(s) saved
  [1252878] 1 media file(s) saved
  [1252880] 1 media file(s) saved
  [12529494] 1 media file(s) saved
  [12533037] 1 media file(s) saved
  [12536166] 2 media file(s) saved
  [12536715] 1 media file(s) saved
  [12536797] 1 media file(s) saved
  [12537024] 1 media file(s) saved
  [12537232] 1 media file(s) saved
  [12537506] 4 media file(s) saved
  [12538182] 5 media file(s) saved
  [1253934] 1 media file(s) saved
  [12540369] 3 media file(s) saved
    [ERROR] download https://zenodo.org/api/records/12540457/files/L7-cexu.dna/content: 429 Client Error: TOO MANY REQUESTS for url: https://zenodo.org/api/records/12540457/files/L7-cexu.dna/content
    [ERROR] download https://zenodo.org/api/records/12540457/files/0001_32023050402540_(L4)__T7_.ab1/content: 429 Client Error: TOO MANY REQUESTS for url: https://zenodo.org/api/records/12540457/files/0001_32023050402540_(L4)__T7_.ab1/content
    [ERROR] download https://zenodo.org/api/records/12540457/files/0003_32023050402542_(L6)__T7_.ab1/content: 429 Client Error: TOO MANY REQUESTS for url: https://zenodo.org/api/records/12540457/files/0003_32023050402542_(L6)__T7_.ab1/content
    [ERROR] download https://zenodo.org/api/records/12540457/files/L5-cexu.dna/content: 429 Client Error: TOO MANY REQUESTS for url: https://zenodo.org/api/records/12540457/files/L5-cexu.dna/content
    [ERROR] download https://zenodo.org/api/records/12540457/files/README.md/content: 429 Client Error: TOO MANY REQUESTS for url: https://zenodo.org/api/records/12540457/files/README.md/content
  [12540457] 4 media file(s) saved
    [ERROR] download https://zenodo.org/api/records/12540484/files/75%20ani_17%20iunie_macheta_Chiciuc.pdf/content: 429 Client Error: TOO MANY REQUESTS for url: https://zenodo.org/api/records/12540484/files/75%20ani_17%20iunie_macheta_Chiciuc.pdf/content
  [12540638] 1 media file(s) saved
  [12540779] 1 media file(s) saved
  [12540965] 1 media file(s) saved
  [12541129] 1 media file(s) saved
  [12541522] 1 media file(s) saved
  [1254327] 1 media file(s) saved
  [12543443] 1 media file(s) saved
  [12543454] 1 media file(s) saved
  [12547864] 1 media file(s) saved
  [12550207] 1 media file(s) saved
  [12553003] 1 media file(s) saved
  [12554597] 1 media file(s) saved
  [1255890] 1 media file(s) saved
  [1255952] 1 media file(s) saved
  [12560364] 1 media file(s) saved
  [12562585] 2 media file(s) saved
  [12563097] 1 media file(s) saved
  [1256311] 1 media file(s) saved
  [1256313] 1 media file(s) saved
  [12563280] 1 media file(s) saved
  [12566864] 1 media file(s) saved
  [1256737] 1 media file(s) saved
  [12568102] 1 media file(s) saved
  [12568415] 1 media file(s) saved
  [1256974] 2 media file(s) saved
  [12569768] 2 media file(s) saved
  [12570295] 1 media file(s) saved
  [12572492] 1 media file(s) saved
  [12572605] 1 media file(s) saved
  [12572986] 1 media file(s) saved
  [12573716] 1 media file(s) saved
  [12573890] 1 media file(s) saved
    [ERROR] download https://zenodo.org/api/records/12575381/files/QIIME2_CommandsUsedForAnalysis.txt/content: 429 Client Error: TOO MANY REQUESTS for url: https://zenodo.org/api/records/12575381/files/QIIME2_CommandsUsedForAnalysis.txt/content
    [ERROR] download https://zenodo.org/api/records/12575381/files/ITS.fasta/content: 429 Client Error: TOO MANY REQUESTS for url: https://zenodo.org/api/records/12575381/files/ITS.fasta/content
    [ERROR] download https://zenodo.org/api/records/12575381/files/Samtools_Script/content: 429 Client Error: TOO MANY REQUESTS for url: https://zenodo.org/api/records/12575381/files/Samtools_Script/content
    [ERROR] download https://zenodo.org/api/records/12575381/files/rbcL.fasta/content: 429 Client Error: TOO MANY REQUESTS for url: https://zenodo.org/api/records/12575381/files/rbcL.fasta/content
    [ERROR] download https://zenodo.org/api/records/12575381/files/BWA_Indices_and_AssemblyScripts/content: 429 Client Error: TOO MANY REQUESTS for url: https://zenodo.org/api/records/12575381/files/BWA_Indices_and_AssemblyScripts/content
  [12575381] 4 media file(s) saved
  [12576710] 2 media file(s) saved
  [1257684] 1 media file(s) saved
  [12577073] 1 media file(s) saved
  [12579290] 1 media file(s) saved
  [12579485] 1 media file(s) saved
  [12579526] 1 media file(s) saved
  [12582023] 1 media file(s) saved
  [12582632] 1 media file(s) saved
  [12583352] 1 media file(s) saved
  [12583882] 1 media file(s) saved
    [ERROR] download https://zenodo.org/api/records/12584620/files/figure.png/content: 429 Client Error: TOO MANY REQUESTS for url: https://zenodo.org/api/records/12584620/files/figure.png/content
  [12584624] 1 media file(s) saved
  [12587906] 1 media file(s) saved
  [12588200] 1 media file(s) saved
  [12591264] 1 media file(s) saved
  [12591661] 1 media file(s) saved
  [12591846] 1 media file(s) saved
  [12591859] 1 media file(s) saved
  [12592210] 2 media file(s) saved
  [12592400] 1 media file(s) saved
  [12592696] 1 media file(s) saved
  [12593007] 1 media file(s) saved
  [12593793] 1 media file(s) saved
  [12594625] 1 media file(s) saved
  [1259625] 1 media file(s) saved
  [12598960] 1 media file(s) saved
  [1259897] 1 media file(s) saved
  [12599065] 1 media file(s) saved
  [1259913] 1 media file(s) saved
  [12599317] 1 media file(s) saved
  [1260063] 1 media file(s) saved
  [12600724] 1 media file(s) saved
  [1260075] 1 media file(s) saved
  [12600982] 1 media file(s) saved
  [12601070] 2 media file(s) saved
  [12601314] 1 media file(s) saved
  [1260240] 1 media file(s) saved
  [12602640] 1 media file(s) saved
  [12603863] 3 media file(s) saved
  [12605775] 1 media file(s) saved
  [1260589] 1 media file(s) saved
  [12608905] 7 media file(s) saved
  [12609243] 5 media file(s) saved
  [12611426] 4 media file(s) saved
  [12624039] 1 media file(s) saved
  [1262565] 1 media file(s) saved
  [12626789] 1 media file(s) saved
  [12628611] 1 media file(s) saved
  [12628613] 1 media file(s) saved
  [12628615] 1 media file(s) saved
  [12628617] 1 media file(s) saved
  [12628887] 1 media file(s) saved
  [12631353] 1 media file(s) saved
  [12632467] 2 media file(s) saved
  [1263676] 1 media file(s) saved
  [12636824] 1 media file(s) saved
  [12637004] 1 media file(s) saved
  [1263759] 1 media file(s) saved
  [12637754] 1 media file(s) saved
  [12637842] 1 media file(s) saved
  [12638086] 1 media file(s) saved
  [12638332] 1 media file(s) saved
    [ERROR] download https://zenodo.org/api/records/12639567/files/ECSA_Tele03.ngsfilter/content: 429 Client Error: TOO MANY REQUESTS for url: https://zenodo.org/api/records/12639567/files/ECSA_Tele03.ngsfilter/content
    [ERROR] download https://zenodo.org/api/records/12639567/files/README.md/content: 429 Client Error: TOO MANY REQUESTS for url: https://zenodo.org/api/records/12639567/files/README.md/content
  [12639567] 5 media file(s) saved
  [12640520] 1 media file(s) saved
    [ERROR] download https://zenodo.org/api/records/1264188/files/article.pdf/content: 429 Client Error: TOO MANY REQUESTS for url: https://zenodo.org/api/records/1264188/files/article.pdf/content
    [ERROR] download https://zenodo.org/api/records/12643596/files/IJMDES_V3_I2_2.pdf/content: 429 Client Error: TOO MANY REQUESTS for url: https://zenodo.org/api/records/12643596/files/IJMDES_V3_I2_2.pdf/content
    [ERROR] download https://zenodo.org/api/records/12644078/files/big_1083880.jpg/content: 429 Client Error: TOO MANY REQUESTS for url: https://zenodo.org/api/records/12644078/files/big_1083880.jpg/content
    [ERROR] download https://zenodo.org/api/records/12644083/files/big_1083882.jpg/content: 429 Client Error: TOO MANY REQUESTS for url: https://zenodo.org/api/records/12644083/files/big_1083882.jpg/content
  [12645134] 1 media file(s) saved
  [12645324] 1 media file(s) saved
    [ERROR] download https://zenodo.org/api/records/12645329/files/figure.png/content: 429 Client Error: TOO MANY REQUESTS for url: https://zenodo.org/api/records/12645329/files/figure.png/content
    [ERROR] download https://zenodo.org/api/records/12645331/files/figure.png/content: 429 Client Error: TOO MANY REQUESTS for url: https://zenodo.org/api/records/12645331/files/figure.png/content
  Rate limited — sleeping 60s
  [12645493] 1 media file(s) saved
  [12645633] 1 media file(s) saved
  [12645712] 1 media file(s) saved
  [12645827] 1 media file(s) saved
  [12646138] 1 media file(s) saved
  [12646313] 1 media file(s) saved
  [12646315] 1 media file(s) saved
  [12646763] 1 media file(s) saved
  [12647324] 1 media file(s) saved
  [12647447] 1 media file(s) saved
  [12647449] 1 media file(s) saved
  [12647469] 1 media file(s) saved
  [12647471] 1 media file(s) saved
  [12647475] 1 media file(s) saved
  [12648075] 1 media file(s) saved
  [12648077] 1 media file(s) saved
  [12648167] 1 media file(s) saved
  [12648285] 1 media file(s) saved
  [12649107] 1 media file(s) saved
  [12649111] 1 media file(s) saved
  [12649113] 1 media file(s) saved
  [12649117] 1 media file(s) saved
  [12649191] 1 media file(s) saved
  [12649278] 2 media file(s) saved
  [12649358] 1 media file(s) saved
  [12649360] 1 media file(s) saved
  [12649364] 1 media file(s) saved
  [12650028] 1 media file(s) saved
  [12650030] 1 media file(s) saved
  [12650034] 1 media file(s) saved
  [12650036] 1 media file(s) saved
  [12651894] 1 media file(s) saved
  [1265341] 1 media file(s) saved
  [12654228] 1 media file(s) saved
  [12654298] 1 media file(s) saved
  [1265438] 1 media file(s) saved
  [12655326] 1 media file(s) saved
  [12656143] 1 media file(s) saved
  [12656816] 1 media file(s) saved
  [1265724] 1 media file(s) saved
  [12657582] 1 media file(s) saved
  [1265798] 1 media file(s) saved
  [12658167] 1 media file(s) saved
  [1266133] 1 media file(s) saved
  [1266161] 1 media file(s) saved
  [12662356] 1 media file(s) saved
  [12662664] 1 media file(s) saved
  [12662858] 1 media file(s) saved
  [12663036] 1 media file(s) saved
  [12663719] 1 media file(s) saved
  [12665901] 1 media file(s) saved
  [12667152] 1 media file(s) saved
  [12667532] 1 media file(s) saved
  [12667860] 1 media file(s) saved
  [12667986] 1 media file(s) saved
  [12668495] 10 media file(s) saved
  [12668741] 5 media file(s) saved
  [12669265] 2 media file(s) saved
  [12671063] 1 media file(s) saved
  [12673246] 1 media file(s) saved
  [12674360] 1 media file(s) saved
  [12674810] 1 media file(s) saved
  [12675252] 2 media file(s) saved
  [1267784] 1 media file(s) saved
  [12677996] 1 media file(s) saved
  [12678347] 1 media file(s) saved
  [12678916] 1 media file(s) saved
  [12680210] 1 media file(s) saved
  [12680995] 1 media file(s) saved
  [12683247] 1 media file(s) saved
  [12683554] 2 media file(s) saved
  [12683703] 1 media file(s) saved
  [12684810] 1 media file(s) saved
  [12685139] 1 media file(s) saved
  [12685621] 1 media file(s) saved
  [12685932] 1 media file(s) saved
  [12687057] 1 media file(s) saved
  [12687945] 1 media file(s) saved
  [1268922] 1 media file(s) saved
  [1269024] 1 media file(s) saved
  [12692242] 1 media file(s) saved
  [12694429] 1 media file(s) saved
  [1269789] 1 media file(s) saved
    [ERROR] download https://zenodo.org/api/records/12698272/files/MiFish_Site3.csv/content: 429 Client Error: TOO MANY REQUESTS for url: https://zenodo.org/api/records/12698272/files/MiFish_Site3.csv/content
    [ERROR] download https://zenodo.org/api/records/12698272/files/MarVer1_Site5.csv/content: 429 Client Error: TOO MANY REQUESTS for url: https://zenodo.org/api/records/12698272/files/MarVer1_Site5.csv/content
    [ERROR] download https://zenodo.org/api/records/12698272/files/MarVer1_Site4.csv/content: 429 Client Error: TOO MANY REQUESTS for url: https://zenodo.org/api/records/12698272/files/MarVer1_Site4.csv/content
    [ERROR] download https://zenodo.org/api/records/12698272/files/README.md/content: 429 Client Error: TOO MANY REQUESTS for url: https://zenodo.org/api/records/12698272/files/README.md/content
    [ERROR] download https://zenodo.org/api/records/12698272/files/MarVer3_Site2.csv/content: 429 Client Error: TOO MANY REQUESTS for url: https://zenodo.org/api/records/12698272/files/MarVer3_Site2.csv/content
    [ERROR] download https://zenodo.org/api/records/12698272/files/MarVer3_Site7.csv/content: 429 Client Error: TOO MANY REQUESTS for url: https://zenodo.org/api/records/12698272/files/MarVer3_Site7.csv/content
    [ERROR] download https://zenodo.org/api/records/12698272/files/MiFish_Site7.csv/content: 429 Client Error: TOO MANY REQUESTS for url: https://zenodo.org/api/records/12698272/files/MiFish_Site7.csv/content
    [ERROR] download https://zenodo.org/api/records/12698272/files/MiFish_Site5.csv/content: 429 Client Error: TOO MANY REQUESTS for url: https://zenodo.org/api/records/12698272/files/MiFish_Site5.csv/content
    [ERROR] download https://zenodo.org/api/records/12698272/files/S1_SiteCoordinates_SiteSpecifics.csv/content: 429 Client Error: TOO MANY REQUESTS for url: https://zenodo.org/api/records/12698272/files/S1_SiteCoordinates_SiteSpecifics.csv/content
    [ERROR] download https://zenodo.org/api/records/12698272/files/MiFish_Site6.csv/content: 429 Client Error: TOO MANY REQUESTS for url: https://zenodo.org/api/records/12698272/files/MiFish_Site6.csv/content
    [ERROR] download https://zenodo.org/api/records/12698272/files/MiFish_Site4.csv/content: 429 Client Error: TOO MANY REQUESTS for url: https://zenodo.org/api/records/12698272/files/MiFish_Site4.csv/content
    [ERROR] download https://zenodo.org/api/records/12698272/files/MarVer3_Site5.csv/content: 429 Client Error: TOO MANY REQUESTS for url: https://zenodo.org/api/records/12698272/files/MarVer3_Site5.csv/content
  [12698272] 28 media file(s) saved
    [ERROR] download https://zenodo.org/api/records/12699137/files/README.md/content: 429 Client Error: TOO MANY REQUESTS for url: https://zenodo.org/api/records/12699137/files/README.md/content
  [12699137] 1 media file(s) saved
  Rate limited — sleeping 60s
  [12700632] 1 media file(s) saved
  [12702057] 3 media file(s) saved
  [12703445] 1 media file(s) saved
  [12704340] 1 media file(s) saved
  [1270539] 1 media file(s) saved
  [12705412] 1 media file(s) saved
  [1270584] 1 media file(s) saved
  [1270851] 1 media file(s) saved
  [12708779] 1 media file(s) saved
  [1271051] 1 media file(s) saved
  [12711489] 1 media file(s) saved
  [12716217] 1 media file(s) saved
  [12716219] 1 media file(s) saved
  [12716221] 1 media file(s) saved
  [12716410] 1 media file(s) saved
  [12718463] 1 media file(s) saved
  [12719885] 2 media file(s) saved
  [12719958] 1 media file(s) saved
  [12720099] 1 media file(s) saved
  [12720103] 1 media file(s) saved
  [12720105] 1 media file(s) saved
  [12721013] 1 media file(s) saved
  [12721790] 1 media file(s) saved
  [1272217] 1 media file(s) saved
  [1272219] 1 media file(s) saved
  [1272333] 1 media file(s) saved
  [12723421] 1 media file(s) saved
  [12725238] 1 media file(s) saved
  [12725246] 1 media file(s) saved
  [12725319] 1 media file(s) saved
  [12725543] 1 media file(s) saved
  [12726342] 1 media file(s) saved
  [12726660] 1 media file(s) saved
  [12726713] 1 media file(s) saved
  [12726740] 1 media file(s) saved
  [12726742] 1 media file(s) saved
  [12726873] 1 media file(s) saved
  [12727115] 1 media file(s) saved
  [12727117] 1 media file(s) saved
  [12727211] 1 media file(s) saved
  [12727215] 1 media file(s) saved
  [12727311] 1 media file(s) saved
  [12727361] 1 media file(s) saved
  [12727489] 1 media file(s) saved
  [12727491] 1 media file(s) saved
  [12727534] 1 media file(s) saved
  [12727727] 1 media file(s) saved
  [12728349] 1 media file(s) saved
  [12728351] 1 media file(s) saved
  [12728591] 1 media file(s) saved
  [12728593] 1 media file(s) saved
  [12728595] 1 media file(s) saved
  [12728597] 1 media file(s) saved
  [1272935] 1 media file(s) saved
  [12730175] 1 media file(s) saved
  [12730362] 1 media file(s) saved
  [12730431] 1 media file(s) saved
  [12730471] 1 media file(s) saved
  [12730492] 1 media file(s) saved
  [12730926] 1 media file(s) saved
  [12731189] 1 media file(s) saved
  [12731419] 1 media file(s) saved
  [12731515] 1 media file(s) saved
  [12731735] 1 media file(s) saved
  [12731814] 4 media file(s) saved
  [12731919] 1 media file(s) saved
  [12732228] 1 media file(s) saved
  [12732248] 1 media file(s) saved
  [12732583] 1 media file(s) saved
  [1273291] 1 media file(s) saved
  [1273313] 1 media file(s) saved
  [12733795] 1 media file(s) saved
  [12734829] 1 media file(s) saved
  [12735187] 1 media file(s) saved
  [12735279] 1 media file(s) saved
  [12735653] 6 media file(s) saved
  [12737230] 1 media file(s) saved
  [12737631] 1 media file(s) saved
  [12738957] 2 media file(s) saved
  [1273900] 1 media file(s) saved
  [12739698] 1 media file(s) saved
  [12739712] 1 media file(s) saved
  [12739857] 1 media file(s) saved
  [12740408] 1 media file(s) saved
  [12740512] 1 media file(s) saved
  [1274076] 1 media file(s) saved
  [12741207] 1 media file(s) saved
  [1274122] 1 media file(s) saved
  [1274136] 1 media file(s) saved
  [12742475] 1 media file(s) saved
  [12742504] 1 media file(s) saved
  [12742582] 1 media file(s) saved
  [12744715] 3 media file(s) saved
  [12744837] 1 media file(s) saved
  [1274562] 1 media file(s) saved
  [12745748] 1 media file(s) saved
  [12746953] 2 media file(s) saved
  [12746986] 1 media file(s) saved
  [12748362] 1 media file(s) saved
  [12749202] 1 media file(s) saved
  [12749253] 1 media file(s) saved
  [12750085] 1 media file(s) saved
  [12750270] 1 media file(s) saved
  [12751478] 1 media file(s) saved
  [12751536] 1 media file(s) saved
  [12752127] 1 media file(s) saved
  [12752921] 1 media file(s) saved
  [12753574] 1 media file(s) saved
  [12754444] 1 media file(s) saved
  [12754650] 1 media file(s) saved
  [1275483] 1 media file(s) saved
  [12755414] 1 media file(s) saved
  [12755524] 1 media file(s) saved
  [12755998] 1 media file(s) saved
  [1275679] 1 media file(s) saved
  [12757987] 1 media file(s) saved
  [12759730] 1 media file(s) saved
  [12759830] 11 media file(s) saved
  [12760664] 1 media file(s) saved
  [12760702] 1 media file(s) saved
  [12761387] 1 media file(s) saved
  [1276377] 1 media file(s) saved
  [12764107] 7 media file(s) saved
  [12765352] 1 media file(s) saved
  [12768070] 1 media file(s) saved
  [12768074] 1 media file(s) saved
  [12768269] 1 media file(s) saved
  [12768329] 1 media file(s) saved
  [12768341] 1 media file(s) saved
  [12768897] 1 media file(s) saved
  [12769089] 1 media file(s) saved
  [12769418] 1 media file(s) saved
  [12769478] 1 media file(s) saved
  [12769844] 1 media file(s) saved
  [12769848] 1 media file(s) saved
  [12769852] 1 media file(s) saved
  [12769854] 1 media file(s) saved
  [12770573] 1 media file(s) saved
  [12770577] 1 media file(s) saved
  [12770830] 1 media file(s) saved
  [12771035] 1 media file(s) saved
  [12771104] 1 media file(s) saved
  [12772085] 1 media file(s) saved
  [12772289] 1 media file(s) saved
  [12772749] 3 media file(s) saved
  [1277439] 1 media file(s) saved
  [12774571] 1 media file(s) saved
  [12778634] 1 media file(s) saved
  [12778758] 2 media file(s) saved
  [12778909] 1 media file(s) saved
  [12779102] 4 media file(s) saved
  [12780243] 1 media file(s) saved
  [12782738] 1 media file(s) saved
  [12786333] 1 media file(s) saved
  [1278666] 1 media file(s) saved
  [12787313] 1 media file(s) saved
  [12787385] 1 media file(s) saved
  [12788571] 4 media file(s) saved
  [12789325] 1 media file(s) saved
  [12789418] 1 media file(s) saved
  [12789957] 1 media file(s) saved
  [12789959] 1 media file(s) saved
  [12790237] 1 media file(s) saved
  [1279198] 1 media file(s) saved
  [1279224] 1 media file(s) saved
  [12793186] 34 media file(s) saved
  [12793778] 1 media file(s) saved
  [12794112] 1 media file(s) saved
  [12795316] 1 media file(s) saved
  [12795963] 1 media file(s) saved
  [1279698] 1 media file(s) saved
    [ERROR] download https://zenodo.org/api/records/1279704/files/article.pdf/content: 429 Client Error: TOO MANY REQUESTS for url: https://zenodo.org/api/records/1279704/files/article.pdf/content
  [12797546] 1 media file(s) saved
  [12799595] 1 media file(s) saved
  [1280084] 1 media file(s) saved
  [12801759] 1 media file(s) saved
    [ERROR] download https://zenodo.org/api/records/1280254/files/article.pdf/content: 429 Client Error: TOO MANY REQUESTS for url: https://zenodo.org/api/records/1280254/files/article.pdf/content
  [12802798] 1 media file(s) saved
    [ERROR] download https://zenodo.org/api/records/12803701/files/IJPCR,Vol16,Issue5,Article379.pdf/content: 429 Client Error: TOO MANY REQUESTS for url: https://zenodo.org/api/records/12803701/files/IJPCR,Vol16,Issue5,Article379.pdf/content
  [12803730] 1 media file(s) saved
  Rate limited — sleeping 60s
  [12804303] 1 media file(s) saved
  [12804357] 1 media file(s) saved
  [12805141] 2 media file(s) saved
  [12805227] 1 media file(s) saved
  [12806063] 1 media file(s) saved
  [12811835] 1 media file(s) saved
  [12811837] 1 media file(s) saved
  [12811839] 1 media file(s) saved
  [12811841] 1 media file(s) saved
  [12811845] 1 media file(s) saved
  [12811849] 1 media file(s) saved
  [12811861] 1 media file(s) saved
  [12811865] 1 media file(s) saved
  [12811867] 1 media file(s) saved
  [12811871] 1 media file(s) saved
  [12811873] 1 media file(s) saved
  [12813460] 1 media file(s) saved
  [12813462] 1 media file(s) saved
  [12813673] 1 media file(s) saved
  [12813679] 1 media file(s) saved
  [12813681] 1 media file(s) saved
  [12813703] 1 media file(s) saved
  [12814324] 1 media file(s) saved
  [12814404] 1 media file(s) saved
  [12814406] 1 media file(s) saved
  [12814408] 1 media file(s) saved
  [12814488] 1 media file(s) saved
  [12815426] 1 media file(s) saved
  [12818011] 1 media file(s) saved
  [12818313] 1 media file(s) saved
  [12818853] 1 media file(s) saved
  [12819377] 1 media file(s) saved
  [12819796] 1 media file(s) saved
  [12821115] 1 media file(s) saved
  [12821121] 1 media file(s) saved
  [12821324] 2 media file(s) saved
  [1282258] 1 media file(s) saved
  [12823243] 1 media file(s) saved
  [12823814] 1 media file(s) saved
  [12824573] 1 media file(s) saved
  [12825188] 1 media file(s) saved
  [1282664] 1 media file(s) saved
  [12827162] 1 media file(s) saved
  [1282771] 1 media file(s) saved
  [12828188] 1 media file(s) saved
  [12832501] 1 media file(s) saved
  [12832514] 1 media file(s) saved
  [12832518] 1 media file(s) saved
  [12834200] 1 media file(s) saved
  [12835637] 1 media file(s) saved
  [12836047] 1 media file(s) saved
  [12837408] 1 media file(s) saved
  [1284963] 1 media file(s) saved
  [1285280] 1 media file(s) saved
  [1285452] 1 media file(s) saved
  [1285591] 1 media file(s) saved
  [1285688] 1 media file(s) saved
  [1286636] 3 media file(s) saved
  [1286756] 1 media file(s) saved
  [1287214] 1 media file(s) saved
  [1289113] 1 media file(s) saved
  [1289323] 1 media file(s) saved
  [1289883] 1 media file(s) saved
  [12902960] 1 media file(s) saved
  [12919678] 1 media file(s) saved
  [1292463] 1 media file(s) saved
  [1292545] 1 media file(s) saved
  [1292671] 1 media file(s) saved
  [12927925] 1 media file(s) saved
  [12932380] 1 media file(s) saved
  [1293409] 1 media file(s) saved
  [12943179] 1 media file(s) saved
  [1294460] 2 media file(s) saved
  [1295407] 1 media file(s) saved
  [1296089] 1 media file(s) saved
  [1296139] 1 media file(s) saved
  [12967062] 1 media file(s) saved
  [1296835] 1 media file(s) saved
  [1297203] 2 media file(s) saved
  [1297211] 7 media file(s) saved
  [1297394] 1 media file(s) saved
  [12979450] 1 media file(s) saved
  [1299026] 1 media file(s) saved
  [13001213] 1 media file(s) saved
  [13001459] 1 media file(s) saved
  [13001745] 1 media file(s) saved
  [13005672] 1 media file(s) saved
  [13011681] 1 media file(s) saved
  [13011689] 1 media file(s) saved
  [1303464] 2 media file(s) saved
  [1303560] 1 media file(s) saved
  [1303562] 1 media file(s) saved
  [1303564] 1 media file(s) saved
  [1303566] 1 media file(s) saved
  [1303568] 1 media file(s) saved
  [1303570] 1 media file(s) saved
  [1303983] 1 media file(s) saved
  [13048512] 2 media file(s) saved
  [1305089] 1 media file(s) saved
  [1305101] 9 media file(s) saved
  [1307401] 4 media file(s) saved
  [1307505] 7 media file(s) saved
  [1308660] 1 media file(s) saved
  [1309164] 1 media file(s) saved
  [1309220] 1 media file(s) saved
  [13094694] 1 media file(s) saved
  [13095852] 1 media file(s) saved
  [1310104] 1 media file(s) saved
  [13103330] 1 media file(s) saved
  [1311294] 2 media file(s) saved
  [1311685] 1 media file(s) saved
  [13118385] 1 media file(s) saved
  [13120902] 1 media file(s) saved
  [13121240] 1 media file(s) saved
  [13121366] 1 media file(s) saved
  [1312149] 1 media file(s) saved
  [13123896] 1 media file(s) saved
  [1312512] 1 media file(s) saved
  [13127488] 1 media file(s) saved
    [ERROR] download https://zenodo.org/api/records/13131819/files/IJPCR,Vol15,Issue1,Article19.pdf/content: 429 Client Error: TOO MANY REQUESTS for url: https://zenodo.org/api/records/13131819/files/IJPCR,Vol15,Issue1,Article19.pdf/content
    [ERROR] download https://zenodo.org/api/records/13132205/files/IJPCR,Vol15,Issue1,Article48.pdf/content: 429 Client Error: TOO MANY REQUESTS for url: https://zenodo.org/api/records/13132205/files/IJPCR,Vol15,Issue1,Article48.pdf/content
  [13133066] 1 media file(s) saved
  [13134441] 1 media file(s) saved
  [13134844] 1 media file(s) saved
  [13135076] 1 media file(s) saved
  [13135078] 1 media file(s) saved
  [13136] 1 media file(s) saved
  [13136811] 1 media file(s) saved
  [13137255] 1 media file(s) saved
  [13137315] 1 media file(s) saved
  [13137654] 1 media file(s) saved
  [13139609] 1 media file(s) saved
  [13139710] 1 media file(s) saved
  [13139876] 1 media file(s) saved
  [13140216] 1 media file(s) saved
  [13140226] 1 media file(s) saved
  [13140253] 1 media file(s) saved
  [13140756] 1 media file(s) saved
  [13141570] 1 media file(s) saved
  [13141578] 1 media file(s) saved
  [13142176] 1 media file(s) saved
  [13142225] 1 media file(s) saved
  [13143100] 1 media file(s) saved
  [13143597] 1 media file(s) saved
  [13144161] 1 media file(s) saved
  [13144704] 1 media file(s) saved
  [13149265] 1 media file(s) saved
  [13149685] 1 media file(s) saved
  [13150180] 1 media file(s) saved
  [13150628] 1 media file(s) saved
  [1315384] 1 media file(s) saved
  [13155899] 1 media file(s) saved
  [1315817] 1 media file(s) saved
  [13160988] 1 media file(s) saved
  [13160992] 1 media file(s) saved
  [13163225] 1 media file(s) saved
  [13163831] 1 media file(s) saved
    [ERROR] download https://zenodo.org/api/records/13165877/files/FFL,%20FlowArt,%20water,%2024%20h,%2037%C2%B0C.xlsx/content: 429 Client Error: TOO MANY REQUESTS for url: https://zenodo.org/api/records/13165877/files/FFL,%20FlowArt,%20water,%2024%20h,%2037%C2%B0C.xlsx/content
    [ERROR] download https://zenodo.org/api/records/13165877/files/DTS,%20FlowArt,%20%20water,%207500%20thermo%20cycles,%205%C2%B0C_55%C2%B0C%20and%200.1M%20NaOH,%207%20days,%2060%C2%B0C.xlsx/content: 429 Client Error: TOO MANY REQUESTS for url: https://zenodo.org/api/records/13165877/files/DTS,%20FlowArt,%20%20water,%207500%20thermo%20cycles,%205%C2%B0C_55%C2%B0C%20and%200.1M%20NaOH,%207%20days,%2060%C2%B0C.xlsx/content
    [ERROR] download https://zenodo.org/api/records/13165877/files/FS,%20FlowArt,%20water,%205%20days,%2055%C2%B0C%20and%200.1M%20NaOH,%207%20days,%2060%C2%B0C.xlsx/content: 429 Client Error: TOO MANY REQUESTS for url: https://zenodo.org/api/records/13165877/files/FS,%20FlowArt,%20water,%205%20days,%2055%C2%B0C%20and%200.1M%20NaOH,%207%20days,%2060%C2%B0C.xlsx/content
    [ERROR] download https://zenodo.org/api/records/13165877/files/FS,%20Resin%20F,%20water,%207500%20thermo%20cycles,%205%C2%B0C_55%C2%B0C%20and%200.1M%20NaOH,%207%20days,%2060%C2%B0C.xlsx/content: 429 Client Error: TOO MANY REQUESTS for url: https://zenodo.org/api/records/13165877/files/FS,%20Resin%20F,%20water,%207500%20thermo%20cycles,%205%C2%B0C_55%C2%B0C%20and%200.1M%20NaOH,%207%20days,%2060%C2%B0C.xlsx/content
    [ERROR] download https://zenodo.org/api/records/13165877/files/DTS,%20FlowArt,%20water,%2024%20h,%2037%C2%B0C.xlsx/content: 429 Client Error: TOO MANY REQUESTS for url: https://zenodo.org/api/records/13165877/files/DTS,%20FlowArt,%20water,%2024%20h,%2037%C2%B0C.xlsx/content
    [ERROR] download https://zenodo.org/api/records/13165877/files/DTS,%20Resin%20F,%20water,%2024%20h,%2037%C2%B0C.xlsx/content: 429 Client Error: TOO MANY REQUESTS for url: https://zenodo.org/api/records/13165877/files/DTS,%20Resin%20F,%20water,%2024%20h,%2037%C2%B0C.xlsx/content
    [ERROR] download https://zenodo.org/api/records/13165877/files/DTS,%20Arkon,%20%200.1M%20NaOH,%207%20days,%2060%C2%B0C.xlsx/content: 429 Client Error: TOO MANY REQUESTS for url: https://zenodo.org/api/records/13165877/files/DTS,%20Arkon,%20%200.1M%20NaOH,%207%20days,%2060%C2%B0C.xlsx/content
    [ERROR] download https://zenodo.org/api/records/13165877/files/FFL,%20FlowArt,%20%20water,%205%20days,%2055%C2%B0C%20and%200.1M%20NaOH,%207%20days,%2060%C2%B0C.xlsx/content: 429 Client Error: TOO MANY REQUESTS for url: https://zenodo.org/api/records/13165877/files/FFL,%20FlowArt,%20%20water,%205%20days,%2055%C2%B0C%20and%200.1M%20NaOH,%207%20days,%2060%C2%B0C.xlsx/content
    [ERROR] download https://zenodo.org/api/records/13165877/files/HV,%20Arkon,%20%20water,%207500%20thermo%20cycles,%205%C2%B0C_55%C2%B0C%20and%200.1M%20NaOH,%207%20days,%2060%C2%B0C.xlsx/content: 429 Client Error: TOO MANY REQUESTS for url: https://zenodo.org/api/records/13165877/files/HV,%20Arkon,%20%20water,%207500%20thermo%20cycles,%205%C2%B0C_55%C2%B0C%20and%200.1M%20NaOH,%207%20days,%2060%C2%B0C.xlsx/content
    [ERROR] download https://zenodo.org/api/records/13165877/files/FS,%20FlowArt,%20water,%2024%20h,%2037%C2%B0C.xlsx/content: 429 Client Error: TOO MANY REQUESTS for url: https://zenodo.org/api/records/13165877/files/FS,%20FlowArt,%20water,%2024%20h,%2037%C2%B0C.xlsx/content
    [ERROR] download https://zenodo.org/api/records/13165877/files/FS,%20Resin%20F,%20water,%2024%20h,%2037%C2%B0C.xlsx/content: 429 Client Error: TOO MANY REQUESTS for url: https://zenodo.org/api/records/13165877/files/FS,%20Resin%20F,%20water,%2024%20h,%2037%C2%B0C.xlsx/content
    [ERROR] download https://zenodo.org/api/records/13165877/files/FS,%20Arkon,%20%200.1M%20NaOH,%207%20days,%2060%C2%B0C.xlsx/content: 429 Client Error: TOO MANY REQUESTS for url: https://zenodo.org/api/records/13165877/files/FS,%20Arkon,%20%200.1M%20NaOH,%207%20days,%2060%C2%B0C.xlsx/content
    [ERROR] download https://zenodo.org/api/records/13165877/files/FT,%20Resin%20F,%20water,%2024%20h,%2037%C2%B0C.xlsx/content: 429 Client Error: TOO MANY REQUESTS for url: https://zenodo.org/api/records/13165877/files/FT,%20Resin%20F,%20water,%2024%20h,%2037%C2%B0C.xlsx/content
    [ERROR] download https://zenodo.org/api/records/13165877/files/FS,%20Arkon,%20%20water,%207500%20thermo%20cycles,%205%C2%B0C_55%C2%B0C%20and%200.1M%20NaOH,%207%20days,%2060%C2%B0C.xlsx/content: 429 Client Error: TOO MANY REQUESTS for url: https://zenodo.org/api/records/13165877/files/FS,%20Arkon,%20%20water,%207500%20thermo%20cycles,%205%C2%B0C_55%C2%B0C%20and%200.1M%20NaOH,%207%20days,%2060%C2%B0C.xlsx/content
    [ERROR] download https://zenodo.org/api/records/13165877/files/FT,%20Flow%20Art,%200.1M%20NaOH,%207%20days,%2060%C2%B0C.xlsx/content: 429 Client Error: TOO MANY REQUESTS for url: https://zenodo.org/api/records/13165877/files/FT,%20Flow%20Art,%200.1M%20NaOH,%207%20days,%2060%C2%B0C.xlsx/content
    [ERROR] download https://zenodo.org/api/records/13165877/files/FT,%20Resin%20F,%20water,%207500%20thermo%20cycles,%205%C2%B0C_55%C2%B0C%20and%200.1M%20NaOH,%207%20days,%2060%C2%B0C.xlsx/content: 429 Client Error: TOO MANY REQUESTS for url: https://zenodo.org/api/records/13165877/files/FT,%20Resin%20F,%20water,%207500%20thermo%20cycles,%205%C2%B0C_55%C2%B0C%20and%200.1M%20NaOH,%207%20days,%2060%C2%B0C.xlsx/content
    [ERROR] download https://zenodo.org/api/records/13165877/files/FT,%20Arkon,%20water,%2024%20h,%2037%C2%B0C.xlsx/content: 429 Client Error: TOO MANY REQUESTS for url: https://zenodo.org/api/records/13165877/files/FT,%20Arkon,%20water,%2024%20h,%2037%C2%B0C.xlsx/content
    [ERROR] download https://zenodo.org/api/records/13165877/files/HV,%20Resin%20F,%200.1M%20NaOH,%207%20days,%2060%C2%B0C.xlsx/content: 429 Client Error: TOO MANY REQUESTS for url: https://zenodo.org/api/records/13165877/files/HV,%20Resin%20F,%200.1M%20NaOH,%207%20days,%2060%C2%B0C.xlsx/content
    [ERROR] download https://zenodo.org/api/records/13165877/files/HV,%20Resin%20F,%20water,%205%20days,%2055%C2%B0C%20and%200.1M%20NaOH,%207%20days,%2060%C2%B0C.xlsx/content: 429 Client Error: TOO MANY REQUESTS for url: https://zenodo.org/api/records/13165877/files/HV,%20Resin%20F,%20water,%205%20days,%2055%C2%B0C%20and%200.1M%20NaOH,%207%20days,%2060%C2%B0C.xlsx/content
    [ERROR] download https://zenodo.org/api/records/13165877/files/FT,%20Flow%20Art,%20water,%207500%20thermo%20cycles,%205%C2%B0C_55%C2%B0C%20and%200.1M%20NaOH,%207%20days,%2060%C2%B0C.xlsx/content: 429 Client Error: TOO MANY REQUESTS for url: https://zenodo.org/api/records/13165877/files/FT,%20Flow%20Art,%20water,%207500%20thermo%20cycles,%205%C2%B0C_55%C2%B0C%20and%200.1M%20NaOH,%207%20days,%2060%C2%B0C.xlsx/content
    [ERROR] download https://zenodo.org/api/records/13165877/files/HV,%20Arkon,%20water,%2024%20h,%2037%C2%B0C.xlsx/content: 429 Client Error: TOO MANY REQUESTS for url: https://zenodo.org/api/records/13165877/files/HV,%20Arkon,%20water,%2024%20h,%2037%C2%B0C.xlsx/content
    [ERROR] download https://zenodo.org/api/records/13165877/files/FT,%20Resin%20F,%20water,%205%20days,%2055%C2%B0C%20and%200.1M%20NaOH,%207%20days,%2060%C2%B0C.xlsx/content: 429 Client Error: TOO MANY REQUESTS for url: https://zenodo.org/api/records/13165877/files/FT,%20Resin%20F,%20water,%205%20days,%2055%C2%B0C%20and%200.1M%20NaOH,%207%20days,%2060%C2%B0C.xlsx/content
    [ERROR] download https://zenodo.org/api/records/13165877/files/FT,%20Resin%20F,%200.1M%20NaOH,%207%20days,%2060%C2%B0C.xlsx/content: 429 Client Error: TOO MANY REQUESTS for url: https://zenodo.org/api/records/13165877/files/FT,%20Resin%20F,%200.1M%20NaOH,%207%20days,%2060%C2%B0C.xlsx/content
    [ERROR] download https://zenodo.org/api/records/13165877/files/HV,%20Flow%20Art,%20water,%205%20days,%2055%C2%B0C%20and%200.1M%20NaOH,%207%20days,%2060%C2%B0C.xlsx/content: 429 Client Error: TOO MANY REQUESTS for url: https://zenodo.org/api/records/13165877/files/HV,%20Flow%20Art,%20water,%205%20days,%2055%C2%B0C%20and%200.1M%20NaOH,%207%20days,%2060%C2%B0C.xlsx/content
    [ERROR] download https://zenodo.org/api/records/13165877/files/HV,%20Arkon,%20%200.1M%20NaOH,%207%20days,%2060%C2%B0C.xlsx/content: 429 Client Error: TOO MANY REQUESTS for url: https://zenodo.org/api/records/13165877/files/HV,%20Arkon,%20%200.1M%20NaOH,%207%20days,%2060%C2%B0C.xlsx/content
    [ERROR] download https://zenodo.org/api/records/13165877/files/HV,%20Flow%20Art,%20water,%207500%20thermo%20cycles,%205%C2%B0C_55%C2%B0C%20and%200.1M%20NaOH,%207%20days,%2060%C2%B0C.xlsx/content: 429 Client Error: TOO MANY REQUESTS for url: https://zenodo.org/api/records/13165877/files/HV,%20Flow%20Art,%20water,%207500%20thermo%20cycles,%205%C2%B0C_55%C2%B0C%20and%200.1M%20NaOH,%207%20days,%2060%C2%B0C.xlsx/content
    [ERROR] download https://zenodo.org/api/records/13165877/files/HV,%20FlowArt,%200.1M%20NaOH,%207%20days,%2060%C2%B0C.xlsx/content: 429 Client Error: TOO MANY REQUESTS for url: https://zenodo.org/api/records/13165877/files/HV,%20FlowArt,%200.1M%20NaOH,%207%20days,%2060%C2%B0C.xlsx/content
    [ERROR] download https://zenodo.org/api/records/13165877/files/HV,%20Resin%20F,%20water,%2024%20h,%2037%C2%B0C.xlsx/content: 429 Client Error: TOO MANY REQUESTS for url: https://zenodo.org/api/records/13165877/files/HV,%20Resin%20F,%20water,%2024%20h,%2037%C2%B0C.xlsx/content
  [13165877] 33 media file(s) saved
  [13169265] 1 media file(s) saved
  [13172311] 1 media file(s) saved
  Rate limited — sleeping 60s
  [13172958] 6 media file(s) saved
  [1317452] 1 media file(s) saved
  [13176549] 1 media file(s) saved
  [1318340] 1 media file(s) saved
  [13184948] 1 media file(s) saved
  [1318499] 11 media file(s) saved
  [1318501] 11 media file(s) saved
  [13187001] 1 media file(s) saved
  [13188810] 1 media file(s) saved
  [13188876] 1 media file(s) saved
  [13188878] 1 media file(s) saved
  [13188880] 1 media file(s) saved
  [13189137] 1 media file(s) saved
  [13189362] 1 media file(s) saved
  [1319127] 8 media file(s) saved
  [13191591] 1 media file(s) saved
  [1319255] 1 media file(s) saved
  [13192761] 1 media file(s) saved
  [13192958] 1 media file(s) saved
  [13193330] 1 media file(s) saved
  [13193882] 1 media file(s) saved
  [13194973] 1 media file(s) saved
  [13195077] 1 media file(s) saved
  [13198183] 1 media file(s) saved
  [13198281] 1 media file(s) saved
  [13198283] 1 media file(s) saved
  [13198285] 1 media file(s) saved
  [13198466] 1 media file(s) saved
  [13199447] 1 media file(s) saved
  [13199451] 1 media file(s) saved
  [13199453] 1 media file(s) saved
  [13200147] 1 media file(s) saved
  [1320141] 1 media file(s) saved
  [13201788] 1 media file(s) saved
  [13202228] 1 media file(s) saved
  [13202230] 1 media file(s) saved
  [13202234] 1 media file(s) saved
  [13202236] 1 media file(s) saved
  [13202238] 1 media file(s) saved
  [13202715] 1 media file(s) saved
  [13208113] 1 media file(s) saved
  [13208941] 1 media file(s) saved
  [1321146] 1 media file(s) saved
  [13214257] 1 media file(s) saved
  [13218890] 1 media file(s) saved
  [13219763] 1 media file(s) saved
  [13220990] 1 media file(s) saved
  [13221046] 1 media file(s) saved
  [13221263] 1 media file(s) saved
    [ERROR] download https://zenodo.org/api/records/1322135/files/10.1109TAC.2018.2811469.pdf/content: 429 Client Error: TOO MANY REQUESTS for url: https://zenodo.org/api/records/1322135/files/10.1109TAC.2018.2811469.pdf/content
  Rate limited — sleeping 60s
  [13221388] 1 media file(s) saved
  [13221582] 1 media file(s) saved
  [13221676] 1 media file(s) saved
  [13222856] 1 media file(s) saved
  [13223653] 1 media file(s) saved
  [13223793] 1 media file(s) saved
  [13224516] 1 media file(s) saved
  [13224558] 1 media file(s) saved
  [13225613] 1 media file(s) saved
  [13225652] 1 media file(s) saved
  [13226277] 1 media file(s) saved
  [13226279] 1 media file(s) saved
  [13226281] 1 media file(s) saved
  [13226283] 1 media file(s) saved
  [13226285] 1 media file(s) saved
  [13226300] 1 media file(s) saved
  [13226302] 1 media file(s) saved
  [13226304] 1 media file(s) saved
  [13226306] 1 media file(s) saved
  [13227377] 1 media file(s) saved
  [13228447] 1 media file(s) saved
  [1323387] 5 media file(s) saved
  [13234412] 1 media file(s) saved
  [13235450] 1 media file(s) saved
  [13237097] 1 media file(s) saved
  [1323877] 1 media file(s) saved
  [13238873] 1 media file(s) saved
  [13239104] 1 media file(s) saved
  [13241471] 1 media file(s) saved
  [13241473] 1 media file(s) saved
  [13241915] 1 media file(s) saved
  [13241993] 1 media file(s) saved
  [13241995] 1 media file(s) saved
  [13242083] 1 media file(s) saved
  [13242154] 1 media file(s) saved
  [13242156] 1 media file(s) saved
  [13242200] 1 media file(s) saved
  [13242204] 1 media file(s) saved
  [13242208] 2 media file(s) saved
  [13242222] 1 media file(s) saved
  [13242224] 2 media file(s) saved
  [13242412] 1 media file(s) saved
  [13242426] 1 media file(s) saved
  [13242494] 1 media file(s) saved
  [13242594] 1 media file(s) saved
  [13242596] 1 media file(s) saved
  [13242598] 1 media file(s) saved
  [13242600] 1 media file(s) saved
  [13242604] 1 media file(s) saved
  [13242606] 1 media file(s) saved
  [13248196] 1 media file(s) saved
  [13251083] 1 media file(s) saved
  [13253169] 2 media file(s) saved
  [13253959] 1 media file(s) saved
  [13254224] 1 media file(s) saved
  [13255917] 3 media file(s) saved
  [13256020] 1 media file(s) saved
  [13256022] 1 media file(s) saved
  [13256024] 1 media file(s) saved
  [13258017] 1 media file(s) saved
  [13259329] 1 media file(s) saved
  [13260009] 1 media file(s) saved
  [13262801] 1 media file(s) saved
  [1326319] 1 media file(s) saved
  [1326341] 1 media file(s) saved
  [13263893] 1 media file(s) saved
  [13264057] 1 media file(s) saved
  [13264418] 1 media file(s) saved
  [1326443] 1 media file(s) saved
  [1326453] 1 media file(s) saved
  [13264542] 1 media file(s) saved
  [13266816] 1 media file(s) saved
  [13267408] 1 media file(s) saved
  [13267607] 1 media file(s) saved
  [13267936] 1 media file(s) saved
  [1327056] 1 media file(s) saved
  [1327228] 1 media file(s) saved
  [1327272] 1 media file(s) saved
  [1327358] 1 media file(s) saved
  [13275506] 1 media file(s) saved
  [13276070] 1 media file(s) saved
  [13276468] 1 media file(s) saved
  [13277252] 1 media file(s) saved
  [13278020] 1 media file(s) saved
  [13282446] 1 media file(s) saved
  [13283572] 1 media file(s) saved
  [13283576] 1 media file(s) saved
  [13283578] 1 media file(s) saved
  [13283582] 1 media file(s) saved
  [13284115] 1 media file(s) saved
  [13284408] 1 media file(s) saved
  [13285147] 1 media file(s) saved
  [13287241] 1 media file(s) saved
  [13287304] 1 media file(s) saved
  [13287618] 1 media file(s) saved
  [13288004] 1 media file(s) saved
  [13288008] 1 media file(s) saved
  [13288046] 1 media file(s) saved
  [13288080] 1 media file(s) saved
  [13288802] 1 media file(s) saved
  [13288900] 1 media file(s) saved
  [13289647] 1 media file(s) saved
  [13289868] 1 media file(s) saved
  [13289870] 1 media file(s) saved
  [13291716] 1 media file(s) saved
  [13291752] 1 media file(s) saved
  [13291754] 1 media file(s) saved
  [13291756] 1 media file(s) saved
  [13291812] 1 media file(s) saved
  [13291814] 1 media file(s) saved
  [13292880] 1 media file(s) saved
  [13293071] 1 media file(s) saved
  [13293511] 1 media file(s) saved
  [13294311] 1 media file(s) saved
  [13299525] 1 media file(s) saved
  [13299572] 1 media file(s) saved
  [13303253] 1 media file(s) saved
  [13304474] 1 media file(s) saved
  [13304486] 1 media file(s) saved
    [ERROR] download https://zenodo.org/api/records/13306898/files/MO%20infection%20at%20UNICAMP%20-%20RAW%20264.7.xlsx/content: 429 Client Error: TOO MANY REQUESTS for url: https://zenodo.org/api/records/13306898/files/MO%20infection%20at%20UNICAMP%20-%20RAW%20264.7.xlsx/content
    [ERROR] download https://zenodo.org/api/records/13306898/files/Sanger%20-%20Sequencing%20alignment%20-%20LmTERKO.pdf/content: 429 Client Error: TOO MANY REQUESTS for url: https://zenodo.org/api/records/13306898/files/Sanger%20-%20Sequencing%20alignment%20-%20LmTERKO.pdf/content
    [ERROR] download https://zenodo.org/api/records/13306898/files/Alignment%20Lm007-nanopore,%20LmWT%20from%20Tritryp,%20LmTERKO-nanopore,%20Donor.fasta/content: 429 Client Error: TOO MANY REQUESTS for url: https://zenodo.org/api/records/13306898/files/Alignment%20Lm007-nanopore,%20LmWT%20from%20Tritryp,%20LmTERKO-nanopore,%20Donor.fasta/content
  [13306898] 18 media file(s) saved
  [13307030] 1 media file(s) saved
  [13308277] 1 media file(s) saved
  [13310069] 1 media file(s) saved
  [13310755] 1 media file(s) saved
  [13311578] 1 media file(s) saved
  [13314011] 1 media file(s) saved
  [13318485] 1 media file(s) saved
    [ERROR] download https://zenodo.org/api/records/13318819/files/dcr_FAT_0124_ADI_alpha%20copy.tsv.gz/content: 429 Client Error: TOO MANY REQUESTS for url: https://zenodo.org/api/records/13318819/files/dcr_FAT_0124_ADI_alpha%20copy.tsv.gz/content
    [ERROR] download https://zenodo.org/api/records/13318819/files/dcr_AF_P209_AA_1_alpha.tsv.gz/content: 429 Client Error: TOO MANY REQUESTS for url: https://zenodo.org/api/records/13318819/files/dcr_AF_P209_AA_1_alpha.tsv.gz/content
    [ERROR] download https://zenodo.org/api/records/13318819/files/dcr_AF_P180_AA_1_alpha.tsv.gz/content: 429 Client Error: TOO MANY REQUESTS for url: https://zenodo.org/api/records/13318819/files/dcr_AF_P180_AA_1_alpha.tsv.gz/content
    [ERROR] download https://zenodo.org/api/records/13318819/files/dcr_AF_P199_AA_1_alpha.tsv.gz/content: 429 Client Error: TOO MANY REQUESTS for url: https://zenodo.org/api/records/13318819/files/dcr_AF_P199_AA_1_alpha.tsv.gz/content
    [ERROR] download https://zenodo.org/api/records/13318819/files/dcr_AF_P191_AA_1_alpha.tsv.gz/content: 429 Client Error: TOO MANY REQUESTS for url: https://zenodo.org/api/records/13318819/files/dcr_AF_P191_AA_1_alpha.tsv.gz/content
    [ERROR] download https://zenodo.org/api/records/13318819/files/dcr_AF_P209_EAT_1_beta.tsv.gz/content: 429 Client Error: TOO MANY REQUESTS for url: https://zenodo.org/api/records/13318819/files/dcr_AF_P209_EAT_1_beta.tsv.gz/content
    [ERROR] download https://zenodo.org/api/records/13318819/files/dcr_AF_P199_BLD_1_alpha.tsv.gz/content: 429 Client Error: TOO MANY REQUESTS for url: https://zenodo.org/api/records/13318819/files/dcr_AF_P199_BLD_1_alpha.tsv.gz/content
    [ERROR] download https://zenodo.org/api/records/13318819/files/dcr_FAT_0124_ADI_beta%20copy.tsv.gz/content: 429 Client Error: TOO MANY REQUESTS for url: https://zenodo.org/api/records/13318819/files/dcr_FAT_0124_ADI_beta%20copy.tsv.gz/content
    [ERROR] download https://zenodo.org/api/records/13318819/files/dcr_AF_P199_AA_1_beta.tsv.gz/content: 429 Client Error: TOO MANY REQUESTS for url: https://zenodo.org/api/records/13318819/files/dcr_AF_P199_AA_1_beta.tsv.gz/content
    [ERROR] download https://zenodo.org/api/records/13318819/files/dcr_AF_P180_AA_1_beta.tsv.gz/content: 429 Client Error: TOO MANY REQUESTS for url: https://zenodo.org/api/records/13318819/files/dcr_AF_P180_AA_1_beta.tsv.gz/content
    [ERROR] download https://zenodo.org/api/records/13318819/files/dcr_AF_P191_EAT_1_alpha.tsv.gz/content: 429 Client Error: TOO MANY REQUESTS for url: https://zenodo.org/api/records/13318819/files/dcr_AF_P191_EAT_1_alpha.tsv.gz/content
    [ERROR] download https://zenodo.org/api/records/13318819/files/dcr_AF_P209_EAT_1_alpha.tsv.gz/content: 429 Client Error: TOO MANY REQUESTS for url: https://zenodo.org/api/records/13318819/files/dcr_AF_P209_EAT_1_alpha.tsv.gz/content
    [ERROR] download https://zenodo.org/api/records/13318819/files/dcr_AF_P191_AA_1_beta.tsv.gz/content: 429 Client Error: TOO MANY REQUESTS for url: https://zenodo.org/api/records/13318819/files/dcr_AF_P191_AA_1_beta.tsv.gz/content
  [13318819] 14 media file(s) saved
  [13318868] 1 media file(s) saved
  [13318884] 1 media file(s) saved
  [13319603] 1 media file(s) saved
    [ERROR] download https://zenodo.org/api/records/13319739/files/Fig%20S1b.tif/content: 429 Client Error: TOO MANY REQUESTS for url: https://zenodo.org/api/records/13319739/files/Fig%20S1b.tif/content
    [ERROR] download https://zenodo.org/api/records/13319739/files/Fig%203a.tif/content: 429 Client Error: TOO MANY REQUESTS for url: https://zenodo.org/api/records/13319739/files/Fig%203a.tif/content
  [13319739] 4 media file(s) saved
    [ERROR] download https://zenodo.org/api/records/13321156/files/source.pdf/content: 429 Client Error: TOO MANY REQUESTS for url: https://zenodo.org/api/records/13321156/files/source.pdf/content
  [13322375] 1 media file(s) saved
  [13323665] 4 media file(s) saved
  [13323860] 1 media file(s) saved
  [13323908] 1 media file(s) saved
    [ERROR] download https://zenodo.org/api/records/13323917/files/Simulation%20of%20Vapor%20Extraction%20with%20Hydrocarbon%20Solvent%20for%20In-Situ%20Asphaltene%20Precipitation%20Mitigation.pdf/content: 429 Client Error: TOO MANY REQUESTS for url: https://zenodo.org/api/records/13323917/files/Simulation%20of%20Vapor%20Extraction%20with%20Hydrocarbon%20Solvent%20for%20In-Situ%20Asphaltene%20Precipitation%20Mitigation.pdf/content
  [13324112] 1 media file(s) saved
  [13324530] 1 media file(s) saved
  [13325237] 1 media file(s) saved
  [13325291] 1 media file(s) saved
  [13326052] 1 media file(s) saved
  [13327770] 1 media file(s) saved
    [ERROR] download https://zenodo.org/api/records/13328107/files/RMSD-All_vs_All_particles-20240808.xlsx/content: 429 Client Error: TOO MANY REQUESTS for url: https://zenodo.org/api/records/13328107/files/RMSD-All_vs_All_particles-20240808.xlsx/content
  Rate limited — sleeping 60s
  [13331471] 1 media file(s) saved
  [13333978] 1 media file(s) saved
  [13335727] 1 media file(s) saved
  [13336763] 1 media file(s) saved
  [13337172] 1 media file(s) saved
  [13342235] 1 media file(s) saved
  [13342845] 1 media file(s) saved
  [13342931] 1 media file(s) saved
  [13343353] 1 media file(s) saved
  [13346377] 1 media file(s) saved
  [13347779] 1 media file(s) saved
  [13348472] 1 media file(s) saved
  [13350276] 1 media file(s) saved
  [13350488] 1 media file(s) saved
  [13350497] 2 media file(s) saved
  [13351272] 1 media file(s) saved
  [13352600] 1 media file(s) saved
  [13352811] 1 media file(s) saved
  [13353013] 1 media file(s) saved
  [13354123] 1 media file(s) saved
  [13354245] 1 media file(s) saved
  [13355446] 1 media file(s) saved
  [13356924] 1 media file(s) saved
  [13358845] 5 media file(s) saved
  [13360381] 1 media file(s) saved
  [13360594] 1 media file(s) saved
  [13361249] 1 media file(s) saved
  [13361251] 1 media file(s) saved
  [13361253] 1 media file(s) saved
  [13361255] 1 media file(s) saved
  [13361257] 1 media file(s) saved
  [13361259] 1 media file(s) saved
  [13361261] 1 media file(s) saved
  [13361385] 2 media file(s) saved
  [13361626] 1 media file(s) saved
  [13361654] 1 media file(s) saved
  [13361677] 1 media file(s) saved
  [13361758] 1 media file(s) saved
  [13363154] 1 media file(s) saved
  [13364335] 1 media file(s) saved
  [13365695] 1 media file(s) saved
  [13367175] 1 media file(s) saved
  [1336729] 1 media file(s) saved
  [13367851] 1 media file(s) saved
  [1336838] 1 media file(s) saved
  [13368890] 1 media file(s) saved
  [13369998] 1 media file(s) saved
  [13370810] 1 media file(s) saved
  [13372708] 1 media file(s) saved
  [13372738] 1 media file(s) saved
  [13372911] 1 media file(s) saved
  [13375846] 3 media file(s) saved
  [13376073] 2 media file(s) saved
  [13377093] 1 media file(s) saved
  [13377573] 1 media file(s) saved
  [13377629] 1 media file(s) saved
  [13377756] 1 media file(s) saved
  [13377910] 1 media file(s) saved
  [13378465] 1 media file(s) saved
  [13378486] 1 media file(s) saved
  [13378541] 3 media file(s) saved
  [13379191] 1 media file(s) saved
  [13379593] 1 media file(s) saved
  [13380554] 1 media file(s) saved
  [13381637] 1 media file(s) saved
  [13381645] 1 media file(s) saved
  [13382641] 1 media file(s) saved
  [13382724] 1 media file(s) saved
  [13382821] 1 media file(s) saved
  [13383581] 1 media file(s) saved
  [13383986] 1 media file(s) saved
  [13384123] 1 media file(s) saved
  [13384234] 1 media file(s) saved
  [13384377] 1 media file(s) saved
  [13386443] 2 media file(s) saved
  [13394585] 2 media file(s) saved
  [1340926] 1 media file(s) saved
  [1342339] 1 media file(s) saved
  [13428272] 1 media file(s) saved
  [1343577] 1 media file(s) saved
  [1344280] 2 media file(s) saved
  [1344846] 1 media file(s) saved
  [1345633] 1 media file(s) saved
  [13465721] 8 media file(s) saved
  [1346809] 1 media file(s) saved
  [13472817] 1 media file(s) saved
  [13477050] 4 media file(s) saved
  [13488852] 1 media file(s) saved
  [13504] 1 media file(s) saved
  [13505774] 2 media file(s) saved
  [13508765] 1 media file(s) saved
  [13517] 1 media file(s) saved
  [13522] 1 media file(s) saved
  [13524] 1 media file(s) saved
  [13531756] 1 media file(s) saved
  [13533307] 1 media file(s) saved
  [13535] 1 media file(s) saved
  [13537] 1 media file(s) saved
  [13546] 1 media file(s) saved
  [13548] 1 media file(s) saved
  [13549] 1 media file(s) saved
  [13554] 1 media file(s) saved
  [13554864] 1 media file(s) saved
  [13556] 1 media file(s) saved
  [13556291] 7 media file(s) saved
  [13560] 1 media file(s) saved
  [13571] 1 media file(s) saved
  [13571333] 1 media file(s) saved
  [13572] 1 media file(s) saved
  [13574] 1 media file(s) saved
  Rate limited — sleeping 60s
  [13577] 1 media file(s) saved
  [13579] 1 media file(s) saved
  [13581] 1 media file(s) saved
  [13583] 1 media file(s) saved
  [13584] 1 media file(s) saved
  [13586] 1 media file(s) saved
  [13591038] 1 media file(s) saved
  [13593] 1 media file(s) saved
  [13594] 1 media file(s) saved
  [13595] 1 media file(s) saved
  [13600] 1 media file(s) saved
  [13602] 1 media file(s) saved
  [13605] 1 media file(s) saved
  [13607] 1 media file(s) saved
  [13608] 1 media file(s) saved
  [13609] 1 media file(s) saved
  [13610] 1 media file(s) saved
  [13611] 1 media file(s) saved
  [13615] 1 media file(s) saved
  [13618104] 1 media file(s) saved
  [13618772] 1 media file(s) saved
  [13619] 1 media file(s) saved
  [13620066] 1 media file(s) saved
  [13620762] 18 media file(s) saved
  [13621717] 1 media file(s) saved
  [13622059] 1 media file(s) saved
  [13622619] 1 media file(s) saved
  [13622868] 1 media file(s) saved
  [13623316] 1 media file(s) saved
  [13624146] 1 media file(s) saved
  [13624404] 1 media file(s) saved
  [13624975] 1 media file(s) saved
  [13625] 1 media file(s) saved
  [13625175] 1 media file(s) saved
  [13626] 1 media file(s) saved
  [13626356] 1 media file(s) saved
  [13627385] 1 media file(s) saved
  [13634] 1 media file(s) saved
  [13635] 1 media file(s) saved
  [13635670] 3 media file(s) saved
  [13636436] 1 media file(s) saved
  [13636811] 1 media file(s) saved
  [13637041] 1 media file(s) saved
  [13638] 1 media file(s) saved
  [13638441] 1 media file(s) saved
  [13639492] 1 media file(s) saved
  [13640] 1 media file(s) saved
  [13640587] 1 media file(s) saved
  [13643419] 1 media file(s) saved
  [13643500] 1 media file(s) saved
  [13643569] 1 media file(s) saved
  [13643819] 1 media file(s) saved
  [13643967] 1 media file(s) saved
  [13646] 1 media file(s) saved
    [ERROR] download https://zenodo.org/api/records/13648/files/protocol.md/content: 429 Client Error: TOO MANY REQUESTS for url: https://zenodo.org/api/records/13648/files/protocol.md/content
  Rate limited — sleeping 60s
  [13651] 1 media file(s) saved
  [13652] 1 media file(s) saved
  [13655] 1 media file(s) saved
  [13656] 1 media file(s) saved
  [13659] 1 media file(s) saved
  [13661] 1 media file(s) saved
  [13664] 1 media file(s) saved
  [13665649] 1 media file(s) saved
  [13667] 1 media file(s) saved
  [13668] 1 media file(s) saved
  [13669] 1 media file(s) saved
  [13669311] 1 media file(s) saved
  [13671] 1 media file(s) saved
  [13677543] 1 media file(s) saved
  [13681325] 1 media file(s) saved
  [13683125] 1 media file(s) saved
  [13683454] 1 media file(s) saved
  [13690105] 1 media file(s) saved
  [13690443] 1 media file(s) saved
  [13693660] 1 media file(s) saved
  [13693875] 1 media file(s) saved
  [13694394] 1 media file(s) saved
  [13699087] 1 media file(s) saved
  [13699099] 1 media file(s) saved
  [13699210] 1 media file(s) saved
  [13699874] 1 media file(s) saved
  [13699928] 1 media file(s) saved
  [13699980] 1 media file(s) saved
  [13700792] 1 media file(s) saved
  [13701566] 1 media file(s) saved
  [13706165] 1 media file(s) saved
  [13707921] 1 media file(s) saved
  [13708163] 1 media file(s) saved
  [13708900] 1 media file(s) saved
  [13708904] 1 media file(s) saved
  [13708908] 1 media file(s) saved
  [13708910] 1 media file(s) saved
  [13709591] 1 media file(s) saved
  [13712612] 1 media file(s) saved
  [13713314] 1 media file(s) saved
  [13716989] 1 media file(s) saved
  [13725] 1 media file(s) saved
  [13726] 1 media file(s) saved
  [13727723] 1 media file(s) saved
  [13731741] 1 media file(s) saved
  [13732031] 1 media file(s) saved
  [13732064] 16 media file(s) saved
  [13732659] 1 media file(s) saved
  [13734147] 2 media file(s) saved
  [13734205] 1 media file(s) saved
  [13734570] 1 media file(s) saved
  [13736742] 1 media file(s) saved
  [13737661] 2 media file(s) saved
  [13737669] 2 media file(s) saved
  [13737962] 1 media file(s) saved
  [13737989] 1 media file(s) saved
  [13739246] 3 media file(s) saved
  [13740268] 1 media file(s) saved
  [13742023] 4 media file(s) saved
  [13744256] 1 media file(s) saved
  [13745286] 1 media file(s) saved
  [13748416] 1 media file(s) saved
  [13749289] 1 media file(s) saved
  [13753054] 1 media file(s) saved
  [13754336] 1 media file(s) saved
  [13754398] 1 media file(s) saved
  [13754927] 1 media file(s) saved
  [13756620] 1 media file(s) saved
  [13758229] 1 media file(s) saved
  [13758887] 1 media file(s) saved
  [13759049] 1 media file(s) saved
  [13760083] 1 media file(s) saved
  [13760737] 8 media file(s) saved
  [13761348] 1 media file(s) saved
  [13761878] 1 media file(s) saved
  [13761979] 1 media file(s) saved
  [13761981] 1 media file(s) saved
  [13762] 1 media file(s) saved
  [13762469] 1 media file(s) saved
  [13763] 1 media file(s) saved
  [13763604] 1 media file(s) saved
  [13764141] 1 media file(s) saved
  [13764617] 1 media file(s) saved
  [13765139] 1 media file(s) saved
  [13765995] 3 media file(s) saved
    [ERROR] download https://zenodo.org/api/records/13766233/files/stardist_raw_and_segmentation.jpg/content: 429 Client Error: TOO MANY REQUESTS for url: https://zenodo.org/api/records/13766233/files/stardist_raw_and_segmentation.jpg/content
  [13766233] 4 media file(s) saved
  [13766795] 1 media file(s) saved
    [ERROR] download https://zenodo.org/api/records/13766941/files/DMP_Novel_peptide_nucleic_acids_for_recognition_of_doublestranded_RNA_0.pdf/content: 429 Client Error: TOO MANY REQUESTS for url: https://zenodo.org/api/records/13766941/files/DMP_Novel_peptide_nucleic_acids_for_recognition_of_doublestranded_RNA_0.pdf/content
  [13766941] 1 media file(s) saved
    [ERROR] download https://zenodo.org/api/records/13767437/files/September%20Editted.pdf/content: 429 Client Error: TOO MANY REQUESTS for url: https://zenodo.org/api/records/13767437/files/September%20Editted.pdf/content
    [ERROR] download https://zenodo.org/api/records/13767801/files/Bioinfo-Ming/RiceEndospermRNAEditing-v1.0.0.zip/content: 429 Client Error: TOO MANY REQUESTS for url: https://zenodo.org/api/records/13767801/files/Bioinfo-Ming/RiceEndospermRNAEditing-v1.0.0.zip/content
  Rate limited — sleeping 60s
  [13767816] 3 media file(s) saved
  [13768704] 1 media file(s) saved
  [13769846] 2 media file(s) saved
  [13771109] 1 media file(s) saved
  [13771133] 1 media file(s) saved
  [13771424] 1 media file(s) saved
  [13772166] 1 media file(s) saved
  [13774764] 1 media file(s) saved
  [13777] 1 media file(s) saved
  [13777314] 1 media file(s) saved
  [13778492] 1 media file(s) saved
  [13780452] 19 media file(s) saved
  [13780585] 1 media file(s) saved
  [13785323] 1 media file(s) saved
  [13792870] 1 media file(s) saved
  [13796] 1 media file(s) saved
  [13797] 1 media file(s) saved
  [13798743] 1 media file(s) saved
  [13799094] 1 media file(s) saved
  [13804556] 1 media file(s) saved
  [13820927] 1 media file(s) saved
  [13821093] 3 media file(s) saved
  [13821827] 1 media file(s) saved
  [13823422] 1 media file(s) saved
  [13824533] 1 media file(s) saved
  [13825054] 1 media file(s) saved
  [13825362] 1 media file(s) saved
  [13825869] 1 media file(s) saved
  [13826889] 1 media file(s) saved
  [13827653] 2 media file(s) saved
  [13828011] 1 media file(s) saved
  [13828042] 1 media file(s) saved
  [13828914] 1 media file(s) saved
  [13829126] 6 media file(s) saved
  [13829153] 1 media file(s) saved
  [13829346] 1 media file(s) saved
  [13830111] 1 media file(s) saved
  [13830674] 9 media file(s) saved
  [13832159] 1 media file(s) saved
  [13832893] 11 media file(s) saved
  [13834037] 1 media file(s) saved
  [13835084] 1 media file(s) saved
  [13836234] 1 media file(s) saved
  [13836711] 1 media file(s) saved
  [13836720] 1 media file(s) saved
  [13837] 1 media file(s) saved
  [13837350] 2 media file(s) saved
  [13837572] 1 media file(s) saved
  [13837686] 1 media file(s) saved
  [13837791] 1 media file(s) saved
  [13837893] 1 media file(s) saved
  [13838099] 1 media file(s) saved
  [13838251] 2 media file(s) saved
  [13838383] 1 media file(s) saved
  [13838396] 1 media file(s) saved
  [13838557] 1 media file(s) saved
  [13838810] 1 media file(s) saved
  [13839061] 1 media file(s) saved
  [13840295] 1 media file(s) saved
  [13841755] 1 media file(s) saved
  [13842] 1 media file(s) saved
  [13842500] 1 media file(s) saved
  [13842663] 1 media file(s) saved
  [13843] 1 media file(s) saved
  [13843285] 1 media file(s) saved
  [13844] 1 media file(s) saved
  [13844630] 2 media file(s) saved
  [13845387] 1 media file(s) saved
  [13846618] 1 media file(s) saved
  [13846970] 2 media file(s) saved
  [13847201] 1 media file(s) saved
  [13848455] 6 media file(s) saved
  [13850408] 1 media file(s) saved
  [13851059] 1 media file(s) saved
  [13851102] 1 media file(s) saved
  [13851290] 1 media file(s) saved
  [13851820] 1 media file(s) saved
  [13852] 1 media file(s) saved
  [13852370] 1 media file(s) saved
  [13852587] 1 media file(s) saved
  [13852849] 2 media file(s) saved
  [13853919] 1 media file(s) saved
  [13854183] 1 media file(s) saved
  [13854801] 1 media file(s) saved
  [13855677] 1 media file(s) saved
  [13856389] 1 media file(s) saved
  [13858878] 1 media file(s) saved
  [13859284] 1 media file(s) saved
  [13859304] 1 media file(s) saved
  [13859373] 1 media file(s) saved
  [13859494] 1 media file(s) saved
  [13860] 1 media file(s) saved
  [13862492] 1 media file(s) saved
  [13863861] 1 media file(s) saved
  [13863994] 1 media file(s) saved
  [13864731] 1 media file(s) saved
  [13865] 1 media file(s) saved
  [13868076] 1 media file(s) saved
  [13868910] 1 media file(s) saved
  [13870] 1 media file(s) saved
  [13871] 1 media file(s) saved
  [13872] 1 media file(s) saved
  [13874157] 1 media file(s) saved
  [13876] 1 media file(s) saved
  [13879519] 1 media file(s) saved
  [13879944] 1 media file(s) saved
  [13880022] 1 media file(s) saved
  [13880733] 1 media file(s) saved
  [13880870] 1 media file(s) saved
  [13881] 1 media file(s) saved
  [13881665] 47 media file(s) saved
  [13881839] 1 media file(s) saved
  [13883214] 1 media file(s) saved
  [13883892] 1 media file(s) saved
  [13884776] 1 media file(s) saved
  [13886164] 1 media file(s) saved
  [13886222] 1 media file(s) saved
  [13886315] 1 media file(s) saved
  [13886424] 1 media file(s) saved
  [13888919] 1 media file(s) saved
  [13888921] 1 media file(s) saved
  [13888925] 1 media file(s) saved
  [13889268] 3 media file(s) saved
  [13890133] 1 media file(s) saved
  [13890167] 1 media file(s) saved
  [13891687] 3 media file(s) saved
  [13895812] 4 media file(s) saved
  [13896090] 1 media file(s) saved
  [13896196] 1 media file(s) saved
  [13896204] 1 media file(s) saved
  [13897903] 2 media file(s) saved
  [13898126] 5 media file(s) saved
  [13899820] 1 media file(s) saved
  [13901924] 1 media file(s) saved
  [13902937] 1 media file(s) saved
  [13904256] 2 media file(s) saved
  [13904409] 1 media file(s) saved
  [13904564] 1 media file(s) saved
  [13904830] 1 media file(s) saved
  [13906378] 1 media file(s) saved
  [13906792] 1 media file(s) saved
  [13906873] 4 media file(s) saved
  [13907046] 1 media file(s) saved
  [13907402] 1 media file(s) saved
  [13908943] 4 media file(s) saved
  [13909150] 1 media file(s) saved
  [13909524] 1 media file(s) saved
  [13910410] 1 media file(s) saved
  [13912094] 1 media file(s) saved
    [ERROR] download https://zenodo.org/api/records/13913891/files/R156_R4.csv/content: 429 Client Error: TOO MANY REQUESTS for url: https://zenodo.org/api/records/13913891/files/R156_R4.csv/content
    [ERROR] download https://zenodo.org/api/records/13913891/files/R154_R1.csv/content: 429 Client Error: TOO MANY REQUESTS for url: https://zenodo.org/api/records/13913891/files/R154_R1.csv/content
    [ERROR] download https://zenodo.org/api/records/13913891/files/Mismatches.csv/content: 429 Client Error: TOO MANY REQUESTS for url: https://zenodo.org/api/records/13913891/files/Mismatches.csv/content
    [ERROR] download https://zenodo.org/api/records/13913891/files/Analysis.data.csv/content: 429 Client Error: TOO MANY REQUESTS for url: https://zenodo.org/api/records/13913891/files/Analysis.data.csv/content
  [13913891] 10 media file(s) saved
  [13917793] 1 media file(s) saved
    [ERROR] download https://zenodo.org/api/records/13917899/files/1-s2.0-S0144861724007719-main.pdf/content: 429 Client Error: TOO MANY REQUESTS for url: https://zenodo.org/api/records/13917899/files/1-s2.0-S0144861724007719-main.pdf/content
  [13918323] 1 media file(s) saved
  Rate limited — sleeping 60s
  [13918675] 1 media file(s) saved
  [13919129] 1 media file(s) saved
  [13919248] 1 media file(s) saved
  [13919690] 1 media file(s) saved
  [13920510] 1 media file(s) saved
  [13921331] 1 media file(s) saved
  [13921991] 2 media file(s) saved
  [13922139] 3 media file(s) saved
  [13922642] 1 media file(s) saved
  [13924810] 1 media file(s) saved
  [13926294] 1 media file(s) saved
  [13927281] 1 media file(s) saved
  [13927389] 1 media file(s) saved
  [13927692] 32 media file(s) saved
  [13927957] 1 media file(s) saved
  [13932057] 13 media file(s) saved
  [13932889] 1 media file(s) saved
  [13933010] 1 media file(s) saved
  [13933606] 1 media file(s) saved
  [13934962] 1 media file(s) saved
  [13935686] 1 media file(s) saved
  [13936699] 1 media file(s) saved
  [13937804] 1 media file(s) saved
  [13939] 1 media file(s) saved
  [13939546] 1 media file(s) saved
  [13940] 1 media file(s) saved
  [13943231] 1 media file(s) saved
  [13943233] 1 media file(s) saved
  [13943506] 1 media file(s) saved
  [13943640] 1 media file(s) saved
  [13945086] 1 media file(s) saved
  [13945121] 1 media file(s) saved
  [13946042] 1 media file(s) saved
  [13946223] 1 media file(s) saved
  [13946862] 9 media file(s) saved
  Rate limited — sleeping 60s
  [13948433] 1 media file(s) saved
  [13949163] 1 media file(s) saved
  [13949165] 1 media file(s) saved
  [13949167] 1 media file(s) saved
  [13949205] 1 media file(s) saved
  [13951916] 1 media file(s) saved
  [13952785] 1 media file(s) saved
  [13954383] 1 media file(s) saved
  [13955] 1 media file(s) saved
  [13955436] 1 media file(s) saved
  [13957] 1 media file(s) saved
  [13957129] 1 media file(s) saved
  [13958987] 1 media file(s) saved
  [13959353] 1 media file(s) saved
  [13959583] 1 media file(s) saved
  [13959988] 8 media file(s) saved
  [13960600] 2 media file(s) saved
  [13963943] 1 media file(s) saved
  [13968307] 1 media file(s) saved
  [13968313] 1 media file(s) saved
  [13968735] 1 media file(s) saved
  [13969259] 1 media file(s) saved
  [13969485] 1 media file(s) saved
  [13970] 1 media file(s) saved
  [13970281] 1 media file(s) saved
  [13970759] 1 media file(s) saved
  [13971] 1 media file(s) saved
  [13972] 1 media file(s) saved
  [13973] 1 media file(s) saved
  [13974230] 1 media file(s) saved
  [13979510] 1 media file(s) saved
  [13980695] 1 media file(s) saved
  [13981272] 1 media file(s) saved
  [13981769] 1 media file(s) saved
  [13981796] 1 media file(s) saved
  [13983342] 1 media file(s) saved
  [13984762] 1 media file(s) saved
  [13984943] 1 media file(s) saved
  [13985153] 1 media file(s) saved
  [13985687] 1 media file(s) saved
  [13986327] 1 media file(s) saved
  [13986707] 1 media file(s) saved
  [13986979] 1 media file(s) saved
  [13987535] 1 media file(s) saved
  [13987743] 1 media file(s) saved
  [13988840] 1 media file(s) saved
  [13989036] 1 media file(s) saved
  [13989831] 1 media file(s) saved
  [13990054] 1 media file(s) saved
  [13991423] 1 media file(s) saved
  [13993658] 4 media file(s) saved
  [13994684] 1 media file(s) saved
  [13995704] 1 media file(s) saved
  [13995882] 1 media file(s) saved
  [13996909] 73 media file(s) saved
  [13998] 1 media file(s) saved
  [13999] 1 media file(s) saved
  [13999593] 1 media file(s) saved
  [13999639] 1 media file(s) saved
  [1400014] 2 media file(s) saved
  Rate limited — sleeping 60s
  [14000941] 1 media file(s) saved
  [14001485] 1 media file(s) saved
  [14001719] 1 media file(s) saved
  [1400238] 1 media file(s) saved
  [1400648] 6 media file(s) saved
  [14006780] 1 media file(s) saved
  [14007578] 1 media file(s) saved
  [14008495] 1 media file(s) saved
  [14008658] 3 media file(s) saved
  [14008816] 1 media file(s) saved
  [14009113] 2 media file(s) saved
  [14010440] 7 media file(s) saved
  [14011163] 1 media file(s) saved
  [14012] 1 media file(s) saved
  [14012562] 1 media file(s) saved
  [1401352] 1 media file(s) saved
  [14014125] 1 media file(s) saved
  [14014770] 1 media file(s) saved
  [14014917] 1 media file(s) saved
  [14015364] 1 media file(s) saved
  [1401539] 1 media file(s) saved
  [14015406] 4 media file(s) saved
  [14016015] 1 media file(s) saved
  [14016150] 1 media file(s) saved
  [14016207] 1 media file(s) saved
  [14018476] 3 media file(s) saved
  [14019187] 1 media file(s) saved
  [14019935] 1 media file(s) saved
  [14021179] 1 media file(s) saved
  [14022784] 1 media file(s) saved
  [14022788] 1 media file(s) saved
  [1402407] 1 media file(s) saved
  [14024475] 1 media file(s) saved
  [14024949] 2 media file(s) saved
  [14025280] 1 media file(s) saved
  [14025636] 1 media file(s) saved
  [14025716] 2 media file(s) saved
  [14026365] 1 media file(s) saved
  [14027059] 14 media file(s) saved
  [14027573] 1 media file(s) saved
  [14027600] 1 media file(s) saved
  [14027630] 1 media file(s) saved
  [14027712] 1 media file(s) saved
  [14027950] 2 media file(s) saved
  [14028799] 1 media file(s) saved
  [14029068] 2 media file(s) saved
  [14032826] 1 media file(s) saved
  [14033907] 1 media file(s) saved
  [14034156] 1 media file(s) saved
  [14034288] 1 media file(s) saved
  Rate limited — sleeping 60s
  [14034379] 1 media file(s) saved
  [14034484] 1 media file(s) saved
  [14035403] 1 media file(s) saved
  [14035923] 1 media file(s) saved
  [14035994] 1 media file(s) saved
  [1403611] 1 media file(s) saved
  [14036850] 4 media file(s) saved
  [14036878] 1 media file(s) saved
  [1403805] 3 media file(s) saved
  [14038145] 1 media file(s) saved
  [14038266] 1 media file(s) saved
  [14038350] 1 media file(s) saved
  [14038524] 1 media file(s) saved
  [14040096] 1 media file(s) saved
  [14041006] 1 media file(s) saved
  [14041330] 1 media file(s) saved
  [14041618] 1 media file(s) saved
  [1404184] 1 media file(s) saved
  [1404308] 1 media file(s) saved
  [14043762] 1 media file(s) saved
  [14043789] 1 media file(s) saved
  [14043859] 1 media file(s) saved
  [14044066] 1 media file(s) saved
  [14044888] 1 media file(s) saved
  [14046838] 1 media file(s) saved
  [14046998] 1 media file(s) saved
  [14047972] 1 media file(s) saved
  [14048291] 1 media file(s) saved
  [14048332] 1 media file(s) saved
  [14051156] 2 media file(s) saved
  [1405152] 1 media file(s) saved
  [14051559] 1 media file(s) saved
  [1405245] 1 media file(s) saved
  [14052588] 1 media file(s) saved
  [14052858] 1 media file(s) saved
  [14053051] 1 media file(s) saved
  [14053454] 1 media file(s) saved
  [14053711] 1 media file(s) saved
  [14054274] 1 media file(s) saved
  [14054308] 1 media file(s) saved
  [14056467] 1 media file(s) saved
  [14056906] 1 media file(s) saved
  [14057353] 1 media file(s) saved
  [1405794] 2 media file(s) saved
  [1405800] 1 media file(s) saved
  [14058304] 1 media file(s) saved
  [14060503] 1 media file(s) saved
  [14060702] 6 media file(s) saved
  [14061367] 1 media file(s) saved
  [1406214] 1 media file(s) saved
  [14062407] 1 media file(s) saved
  [14062951] 1 media file(s) saved
  [14063553] 1 media file(s) saved
  [14063716] 1 media file(s) saved
  [14063793] 1 media file(s) saved
  [14064676] 1 media file(s) saved
  [14065135] 1 media file(s) saved
  [14065542] 1 media file(s) saved
  [14065893] 1 media file(s) saved
  [1406739] 2 media file(s) saved
  [1406743] 1 media file(s) saved
  [1406753] 1 media file(s) saved
  [14069069] 1 media file(s) saved
  [1407521] 1 media file(s) saved
  [1407678] 1 media file(s) saved
  [1407812] 2 media file(s) saved
  [14079899] 11 media file(s) saved
  [1408508] 1 media file(s) saved
  [14085176] 1 media file(s) saved
  [1408795] 1 media file(s) saved
  [14090256] 1 media file(s) saved
  [14090634] 1 media file(s) saved
  [14090939] 1 media file(s) saved
  [14093175] 1 media file(s) saved
  [1409587] 1 media file(s) saved
  [14096507] 1 media file(s) saved
  [1409662] 1 media file(s) saved
  [14102] 1 media file(s) saved
  [14103] 1 media file(s) saved
  [14105] 1 media file(s) saved
  [1410536] 1 media file(s) saved
  [14107929] 3 media file(s) saved
  [1410981] 1 media file(s) saved
  [1412806] 1 media file(s) saved
  [14130219] 1 media file(s) saved
  [1413173] 1 media file(s) saved
    [ERROR] download https://zenodo.org/api/records/14131960/files/9517ijnsa03.pdf/content: 429 Client Error: TOO MANY REQUESTS for url: https://zenodo.org/api/records/14131960/files/9517ijnsa03.pdf/content
  Rate limited — sleeping 60s
  [1413323] 1 media file(s) saved
  [1413419] 1 media file(s) saved
  [14136138] 1 media file(s) saved
  [14137822] 4 media file(s) saved
  [1413845] 1 media file(s) saved
  [14141016] 2 media file(s) saved
  [14141211] 1 media file(s) saved
  [14144683] 1 media file(s) saved
  [14147534] 1 media file(s) saved
  [14158352] 1 media file(s) saved
  [14159807] 1 media file(s) saved
  [14160156] 1 media file(s) saved
  [14160378] 1 media file(s) saved
  [14160511] 1 media file(s) saved
  [14161001] 1 media file(s) saved
  [14161345] 1 media file(s) saved
  [1416322] 1 media file(s) saved
  [14163696] 1 media file(s) saved
  [14163912] 1 media file(s) saved
  [14165418] 1 media file(s) saved
  [14166943] 1 media file(s) saved
  [14168335] 1 media file(s) saved
  [14169697] 1 media file(s) saved
  [14171052] 1 media file(s) saved
  [14171076] 1 media file(s) saved
  [14171092] 1 media file(s) saved
  [14172391] 1 media file(s) saved
  [14172731] 1 media file(s) saved
  [14175899] 1 media file(s) saved
  [14176490] 1 media file(s) saved
  [14177380] 1 media file(s) saved
  [14177567] 1 media file(s) saved
  [14178241] 1 media file(s) saved
  [14178607] 1 media file(s) saved
  [14178732] 1 media file(s) saved
  [14178791] 1 media file(s) saved
  [1418161] 1 media file(s) saved
  [14181658] 7 media file(s) saved
  [14186792] 3 media file(s) saved
  [14186964] 1 media file(s) saved
  [14187007] 1 media file(s) saved
  [1418761] 1 media file(s) saved
  [14188030] 1 media file(s) saved
  [14189621] 1 media file(s) saved
  [14191666] 1 media file(s) saved
  [14194039] 1 media file(s) saved
  [14194263] 1 media file(s) saved
  [14194745] 1 media file(s) saved
  [14198] 1 media file(s) saved
  [14199232] 1 media file(s) saved
  [14199405] 1 media file(s) saved
  [14200098] 1 media file(s) saved
  [1420150] 1 media file(s) saved
  [14201682] 1 media file(s) saved
  [14202314] 3 media file(s) saved
  [14203008] 1 media file(s) saved
  [14203857] 1 media file(s) saved
  [14204352] 1 media file(s) saved
  [14204738] 1 media file(s) saved
  [14204908] 1 media file(s) saved
  [14205582] 1 media file(s) saved
  [14207247] 1 media file(s) saved
  [14208131] 1 media file(s) saved
  [14210489] 1 media file(s) saved
  [14212869] 1 media file(s) saved
  [14214768] 1 media file(s) saved
  [14215252] 1 media file(s) saved
  [14216180] 1 media file(s) saved
  [1421652] 1 media file(s) saved
  [14217697] 5 media file(s) saved
  [14218228] 1 media file(s) saved
  [14221972] 1 media file(s) saved
  [14222167] 1 media file(s) saved
  [14222169] 2 media file(s) saved
  [14222261] 1 media file(s) saved
  [14223704] 1 media file(s) saved
  [14223786] 1 media file(s) saved
  [14224538] 1 media file(s) saved
  [14224796] 1 media file(s) saved
  [14226531] 1 media file(s) saved
  [14227685] 1 media file(s) saved
  [14228293] 1 media file(s) saved
  [14228668] 1 media file(s) saved
  [14228682] 1 media file(s) saved
  [14229566] 12 media file(s) saved
  [14233069] 1 media file(s) saved
  [14233776] 1 media file(s) saved
  [14234521] 1 media file(s) saved
  [14235003] 1 media file(s) saved
  [14235551] 1 media file(s) saved
  [14235728] 1 media file(s) saved
  [14235997] 1 media file(s) saved
  [14236083] 1 media file(s) saved
  [14236623] 1 media file(s) saved
  [14236848] 1 media file(s) saved
  [14237254] 1 media file(s) saved
  [14237542] 1 media file(s) saved
  [14237563] 1 media file(s) saved
  [14237878] 1 media file(s) saved
  [14238241] 1 media file(s) saved
  [14248025] 1 media file(s) saved
  [14248333] 1 media file(s) saved
  [14249438] 1 media file(s) saved
  [14249502] 1 media file(s) saved
  [14249829] 1 media file(s) saved
  [14251052] 1 media file(s) saved
  [14251150] 36 media file(s) saved
  [14251347] 1 media file(s) saved
  [14251601] 1 media file(s) saved
  [14251819] 1 media file(s) saved
  [14252408] 1 media file(s) saved
  [14253528] 1 media file(s) saved
  [14253553] 1 media file(s) saved
  [14257869] 1 media file(s) saved
  [14258756] 1 media file(s) saved
  [14259643] 8 media file(s) saved
  [14265143] 1 media file(s) saved
  [14266399] 1 media file(s) saved
  [14267] 1 media file(s) saved
  [14270] 1 media file(s) saved
  [14272499] 1 media file(s) saved
  [14273460] 1 media file(s) saved
  [14275407] 1 media file(s) saved
  [14275503] 1 media file(s) saved
  [14275793] 13 media file(s) saved
  [14276568] 1 media file(s) saved
  [14278289] 1 media file(s) saved
  [14279887] 1 media file(s) saved
  [14280724] 1 media file(s) saved
  [1428084] 1 media file(s) saved
  [14282615] 1 media file(s) saved
  [14285465] 1 media file(s) saved
  [14285629] 2 media file(s) saved
    [ERROR] download https://zenodo.org/api/records/14285774/files/Phage-script-MPN-ANOVA.Rmd/content: 429 Client Error: TOO MANY REQUESTS for url: https://zenodo.org/api/records/14285774/files/Phage-script-MPN-ANOVA.Rmd/content
  [14285774] 17 media file(s) saved
    [ERROR] download https://zenodo.org/api/records/14287366/files/ZK_article_130546.pdf/content: 429 Client Error: TOO MANY REQUESTS for url: https://zenodo.org/api/records/14287366/files/ZK_article_130546.pdf/content
  Rate limited — sleeping 60s
  [14287610] 1 media file(s) saved
  [14288222] 1 media file(s) saved
  [14292091] 1 media file(s) saved
  [14293969] 1 media file(s) saved
  [14300] 1 media file(s) saved
  [14301] 1 media file(s) saved
  [14304] 1 media file(s) saved
  [14305] 1 media file(s) saved
  [1430654] 1 media file(s) saved
  [14307072] 1 media file(s) saved
  [14313944] 1 media file(s) saved
  [14316751] 1 media file(s) saved
  [14324766] 1 media file(s) saved
  [14327397] 5 media file(s) saved
  [14330192] 1 media file(s) saved
  [14334730] 4 media file(s) saved
  [14334920] 4 media file(s) saved
  [14349158] 1 media file(s) saved
  [1435056] 1 media file(s) saved
  [1435115] 1 media file(s) saved
  [1435137] 1 media file(s) saved
  [1435440] 1 media file(s) saved
  [14355819] 4 media file(s) saved
  [14357166] 1 media file(s) saved
  [14357953] 1 media file(s) saved
  [14360377] 1 media file(s) saved
  [14362613] 1 media file(s) saved
  [14364631] 1 media file(s) saved
  [14364825] 1 media file(s) saved
  [14364995] 1 media file(s) saved
  [14367370] 1 media file(s) saved
  [14371978] 1 media file(s) saved
  [14377415] 1 media file(s) saved
  [1437804] 2 media file(s) saved
  [14383554] 1 media file(s) saved
  [14388041] 1 media file(s) saved
  [1440368] 1 media file(s) saved
  [14409056] 1 media file(s) saved
  [14409435] 1 media file(s) saved
  [14409785] 1 media file(s) saved
  [14410333] 1 media file(s) saved
  [14410985] 1 media file(s) saved
  [14411681] 1 media file(s) saved
  [1441217] 1 media file(s) saved
  [14414711] 1 media file(s) saved
  [14417895] 1 media file(s) saved
  [14422266] 1 media file(s) saved
  [1442686] 1 media file(s) saved
  [1442748] 1 media file(s) saved
  [1442775] 1 media file(s) saved
  [1442789] 1 media file(s) saved
  [14427981] 1 media file(s) saved
    [ERROR] download https://zenodo.org/api/records/1442905/files/SupData17.csv/content: 429 Client Error: TOO MANY REQUESTS for url: https://zenodo.org/api/records/1442905/files/SupData17.csv/content
    [ERROR] download https://zenodo.org/api/records/1442905/files/SupData5.csv/content: 429 Client Error: TOO MANY REQUESTS for url: https://zenodo.org/api/records/1442905/files/SupData5.csv/content
    [ERROR] download https://zenodo.org/api/records/1442905/files/SupData21.csv/content: 429 Client Error: TOO MANY REQUESTS for url: https://zenodo.org/api/records/1442905/files/SupData21.csv/content
    [ERROR] download https://zenodo.org/api/records/1442905/files/SupData2.csv/content: 429 Client Error: TOO MANY REQUESTS for url: https://zenodo.org/api/records/1442905/files/SupData2.csv/content
    [ERROR] download https://zenodo.org/api/records/1442905/files/SupDAta19.csv/content: 429 Client Error: TOO MANY REQUESTS for url: https://zenodo.org/api/records/1442905/files/SupDAta19.csv/content
    [ERROR] download https://zenodo.org/api/records/1442905/files/SupData20.csv/content: 429 Client Error: TOO MANY REQUESTS for url: https://zenodo.org/api/records/1442905/files/SupData20.csv/content
    [ERROR] download https://zenodo.org/api/records/1442905/files/SupplementalFigures.docx/content: 429 Client Error: TOO MANY REQUESTS for url: https://zenodo.org/api/records/1442905/files/SupplementalFigures.docx/content
    [ERROR] download https://zenodo.org/api/records/1442905/files/SupData9.csv/content: 429 Client Error: TOO MANY REQUESTS for url: https://zenodo.org/api/records/1442905/files/SupData9.csv/content
    [ERROR] download https://zenodo.org/api/records/1442905/files/SupData6.csv/content: 429 Client Error: TOO MANY REQUESTS for url: https://zenodo.org/api/records/1442905/files/SupData6.csv/content
    [ERROR] download https://zenodo.org/api/records/1442905/files/SupData15.csv/content: 429 Client Error: TOO MANY REQUESTS for url: https://zenodo.org/api/records/1442905/files/SupData15.csv/content
    [ERROR] download https://zenodo.org/api/records/1442905/files/SupData8.csv/content: 429 Client Error: TOO MANY REQUESTS for url: https://zenodo.org/api/records/1442905/files/SupData8.csv/content
    [ERROR] download https://zenodo.org/api/records/1442905/files/SupData3.csv/content: 429 Client Error: TOO MANY REQUESTS for url: https://zenodo.org/api/records/1442905/files/SupData3.csv/content
    [ERROR] download https://zenodo.org/api/records/1442905/files/SupData1.csv/content: 429 Client Error: TOO MANY REQUESTS for url: https://zenodo.org/api/records/1442905/files/SupData1.csv/content
    [ERROR] download https://zenodo.org/api/records/1442905/files/SupData7.csv/content: 429 Client Error: TOO MANY REQUESTS for url: https://zenodo.org/api/records/1442905/files/SupData7.csv/content
    [ERROR] download https://zenodo.org/api/records/1442905/files/SupData18.csv/content: 429 Client Error: TOO MANY REQUESTS for url: https://zenodo.org/api/records/1442905/files/SupData18.csv/content
    [ERROR] download https://zenodo.org/api/records/1442905/files/SupData22.csv/content: 429 Client Error: TOO MANY REQUESTS for url: https://zenodo.org/api/records/1442905/files/SupData22.csv/content
    [ERROR] download https://zenodo.org/api/records/1442905/files/SupData16.csv/content: 429 Client Error: TOO MANY REQUESTS for url: https://zenodo.org/api/records/1442905/files/SupData16.csv/content
  [1442905] 6 media file(s) saved
  Rate limited — sleeping 60s
  [1442948] 2 media file(s) saved
  [1442990] 1 media file(s) saved
  [1442992] 1 media file(s) saved
  [1442994] 1 media file(s) saved
  [1442996] 1 media file(s) saved
  [1442998] 1 media file(s) saved
  [1443000] 1 media file(s) saved
  [1443002] 1 media file(s) saved
  [1443004] 1 media file(s) saved
  [1443006] 1 media file(s) saved
  [1443469] 1 media file(s) saved
  [14439081] 1 media file(s) saved
  [1444297] 2 media file(s) saved
  [1444307] 1 media file(s) saved
  [1444309] 1 media file(s) saved
  [1444313] 1 media file(s) saved
  [1444315] 1 media file(s) saved
  [14448975] 1 media file(s) saved
  [14452212] 1 media file(s) saved
  [1445363] 1 media file(s) saved
  [14460231] 1 media file(s) saved
  [14471285] 1 media file(s) saved
  [1447746] 1 media file(s) saved
  [1447948] 1 media file(s) saved
  [14497309] 1 media file(s) saved
  [1449797] 1 media file(s) saved
  [14498856] 1 media file(s) saved
  [14498924] 1 media file(s) saved
  [14499001] 1 media file(s) saved
  [14499014] 1 media file(s) saved
  [14499024] 1 media file(s) saved
  [14499178] 7 media file(s) saved
  [14499254] 1 media file(s) saved
  [14499559] 1 media file(s) saved
  [14500296] 1 media file(s) saved
  [14504673] 1 media file(s) saved
  [14505834] 5 media file(s) saved
  [1450668] 1 media file(s) saved
  [14506922] 1 media file(s) saved
  [14508538] 1 media file(s) saved
  [14509515] 2 media file(s) saved
  [14509694] 1 media file(s) saved
  [1451024] 7 media file(s) saved
  [14510368] 1 media file(s) saved
  [14510895] 1 media file(s) saved
  [14511048] 1 media file(s) saved
  [1451310] 1 media file(s) saved
  [14513108] 1 media file(s) saved
  [14513213] 1 media file(s) saved
  [14513285] 1 media file(s) saved
  [14514399] 1 media file(s) saved
  [14514788] 1 media file(s) saved
  [14515036] 1 media file(s) saved
  [14515450] 1 media file(s) saved
  Rate limited — sleeping 60s
  [1451679] 1 media file(s) saved
  [14517594] 1 media file(s) saved
  [14517976] 1 media file(s) saved
  [14518762] 5 media file(s) saved
  [14523597] 1 media file(s) saved
  [14523812] 1 media file(s) saved
  [14523894] 1 media file(s) saved
  [14523898] 1 media file(s) saved
  [14523949] 1 media file(s) saved
  [14531569] 1 media file(s) saved
  [14531684] 1 media file(s) saved
  [14532469] 1 media file(s) saved
  [14532655] 1 media file(s) saved
  [14532998] 1 media file(s) saved
  [14533078] 1 media file(s) saved
  [14534362] 1 media file(s) saved
  [14534835] 1 media file(s) saved
  [14535101] 1 media file(s) saved
  [14535136] 1 media file(s) saved
  [1453569] 1 media file(s) saved
  [14536114] 1 media file(s) saved
  [14536407] 1 media file(s) saved
  [14536534] 1 media file(s) saved
  [14536547] 1 media file(s) saved
  [1453656] 1 media file(s) saved
  [14536973] 1 media file(s) saved
  [14537304] 1 media file(s) saved
  [1453750] 1 media file(s) saved
  [14537569] 1 media file(s) saved
  [14537802] 1 media file(s) saved
  [14538723] 1 media file(s) saved
  [14538768] 1 media file(s) saved
  [14538932] 4 media file(s) saved
  [14538970] 1 media file(s) saved
  [14539339] 1 media file(s) saved
  [1453951] 1 media file(s) saved
  [14540881] 1 media file(s) saved
  [14541924] 1 media file(s) saved
  [14542623] 1 media file(s) saved
  [14542949] 1 media file(s) saved
  [14543044] 1 media file(s) saved
  [14543046] 1 media file(s) saved
  [14543192] 1 media file(s) saved
  [14543758] 6 media file(s) saved
  [14543980] 1 media file(s) saved
  [14544486] 1 media file(s) saved
  [14546053] 1 media file(s) saved
  [14546066] 1 media file(s) saved
  [14546776] 2 media file(s) saved
  [14547278] 1 media file(s) saved
  [14547314] 1 media file(s) saved
  [14548124] 1 media file(s) saved
  [14548487] 1 media file(s) saved
  [14549125] 1 media file(s) saved
  [14550127] 1 media file(s) saved
  [14550870] 1 media file(s) saved
  [14550883] 1 media file(s) saved
  [14551087] 1 media file(s) saved
  [14551549] 1 media file(s) saved
  [14551778] 1 media file(s) saved
  [14552149] 1 media file(s) saved
  [14552417] 1 media file(s) saved
  [14552423] 3 media file(s) saved
  [14553785] 1 media file(s) saved
  [14553884] 1 media file(s) saved
  [14554034] 1 media file(s) saved
  [14554770] 1 media file(s) saved
  [14555130] 1 media file(s) saved
  [14555441] 1 media file(s) saved
  [14555452] 1 media file(s) saved
  [14556827] 1 media file(s) saved
  [14557] 1 media file(s) saved
  [14557003] 1 media file(s) saved
  [14557077] 1 media file(s) saved
  [14557656] 1 media file(s) saved
  [14558065] 1 media file(s) saved
  [14558612] 1 media file(s) saved
  [14558841] 1 media file(s) saved
  [14560017] 1 media file(s) saved
  [14560058] 1 media file(s) saved
  [14560102] 1 media file(s) saved
  [14560457] 1 media file(s) saved
  [14560908] 1 media file(s) saved
  [14561022] 1 media file(s) saved
  [14561151] 1 media file(s) saved
  [14561431] 1 media file(s) saved
  [14562278] 2 media file(s) saved
  [1456264] 1 media file(s) saved
  [14563332] 7 media file(s) saved
  [14564859] 1 media file(s) saved
  [14565251] 1 media file(s) saved
  [14566172] 2 media file(s) saved
  [14566658] 1 media file(s) saved
  [14566745] 1 media file(s) saved
  [14566829] 1 media file(s) saved
  [14567767] 1 media file(s) saved
  [14567894] 1 media file(s) saved
  [1456813] 1 media file(s) saved
  [14568185] 1 media file(s) saved
  [14568920] 1 media file(s) saved
  [14571] 1 media file(s) saved
  [14574841] 1 media file(s) saved
  [14574886] 1 media file(s) saved
  [14576075] 1 media file(s) saved
  [14576353] 1 media file(s) saved
  [14580797] 1 media file(s) saved
  [14581078] 1 media file(s) saved
  [14581968] 1 media file(s) saved
  [14582315] 1 media file(s) saved
  [14582912] 1 media file(s) saved
  [14583163] 1 media file(s) saved
  [14583352] 1 media file(s) saved
  [14584207] 1 media file(s) saved
  [14585396] 1 media file(s) saved
  [14585505] 1 media file(s) saved
  [14585661] 1 media file(s) saved
  [14586121] 1 media file(s) saved
  [14586184] 1 media file(s) saved
  [14586224] 1 media file(s) saved
  [14586329] 1 media file(s) saved
  [14586339] 1 media file(s) saved
  [14586360] 1 media file(s) saved
  [14588106] 1 media file(s) saved
  [14589096] 1 media file(s) saved
  [14590593] 1 media file(s) saved
  [14590838] 1 media file(s) saved
  [1459094] 1 media file(s) saved
  [1459102] 1 media file(s) saved
  [14592077] 1 media file(s) saved
  [14592424] 1 media file(s) saved
  [14593345] 1 media file(s) saved
  [14596037] 1 media file(s) saved
  [14597796] 1 media file(s) saved
  [14597901] 1 media file(s) saved
  [14598463] 1 media file(s) saved
  [14598962] 1 media file(s) saved
  [14599232] 1 media file(s) saved
  [14599629] 1 media file(s) saved
  [14600210] 1 media file(s) saved
  [14600236] 1 media file(s) saved
  [14600903] 1 media file(s) saved
  [14601244] 1 media file(s) saved
  [14601898] 1 media file(s) saved
  [14602094] 1 media file(s) saved
  [14602123] 1 media file(s) saved
  [14602852] 1 media file(s) saved
  [14603002] 1 media file(s) saved
  [14603490] 1 media file(s) saved
  [14603529] 1 media file(s) saved
  [14603638] 1 media file(s) saved
  [14603809] 1 media file(s) saved
  [14604335] 1 media file(s) saved
  [14604670] 1 media file(s) saved
  [14605987] 2 media file(s) saved
  [14607123] 1 media file(s) saved
  [14607152] 1 media file(s) saved
  [14607418] 1 media file(s) saved
  [14608932] 1 media file(s) saved
  [14609311] 1 media file(s) saved
  [14610545] 1 media file(s) saved
  [14610592] 1 media file(s) saved
  [14610606] 1 media file(s) saved
  [1461084] 1 media file(s) saved
  [14610849] 14 media file(s) saved
  [14613590] 1 media file(s) saved
  [14613749] 1 media file(s) saved
  [14614507] 1 media file(s) saved
  [14614726] 1 media file(s) saved
  [14615233] 1 media file(s) saved
  [14615374] 1 media file(s) saved
  [14615423] 1 media file(s) saved
  [14615546] 1 media file(s) saved
  [14615734] 1 media file(s) saved
  [14616077] 1 media file(s) saved
  [14617446] 1 media file(s) saved
  [14619532] 1 media file(s) saved
  [14619890] 1 media file(s) saved
  [14619901] 1 media file(s) saved
  [14619917] 1 media file(s) saved
  [14619919] 1 media file(s) saved
  [14620013] 1 media file(s) saved
  [14620017] 1 media file(s) saved
  [14620019] 1 media file(s) saved
  [14620021] 1 media file(s) saved
  [14620023] 1 media file(s) saved
  [14620026] 1 media file(s) saved
  [14620126] 1 media file(s) saved
  [14620217] 1 media file(s) saved
  [14620773] 1 media file(s) saved
  [14621131] 1 media file(s) saved
  [14621748] 1 media file(s) saved
  [14622113] 1 media file(s) saved
  [14623254] 1 media file(s) saved
  [14624006] 1 media file(s) saved
  [14624072] 1 media file(s) saved
  [14624290] 1 media file(s) saved
  [14626839] 1 media file(s) saved
  [14627982] 1 media file(s) saved
  [14629424] 2 media file(s) saved
  [14629960] 1 media file(s) saved
  [14630304] 1 media file(s) saved
  [14631283] 1 media file(s) saved
  [14633805] 1 media file(s) saved
  [14634324] 1 media file(s) saved
  [14635127] 1 media file(s) saved
  [14636] 1 media file(s) saved
  [1463666] 1 media file(s) saved
  [1463712] 1 media file(s) saved
  [14638] 1 media file(s) saved
  [14642173] 1 media file(s) saved
  [14642546] 1 media file(s) saved
  [14642850] 1 media file(s) saved
  [14643326] 1 media file(s) saved
  [14645071] 1 media file(s) saved
  [14646180] 2 media file(s) saved
  [14646735] 1 media file(s) saved
  [14646742] 3 media file(s) saved
  [14648190] 3 media file(s) saved
  [1465260] 1 media file(s) saved
  [14653692] 1 media file(s) saved
  [14654181] 1 media file(s) saved
  [14654976] 1 media file(s) saved
  [14655198] 1 media file(s) saved
  [14655786] 1 media file(s) saved
  [14656037] 1 media file(s) saved
  [14656126] 1 media file(s) saved
  [14656543] 1 media file(s) saved
  [14658641] 1 media file(s) saved
  [14659463] 1 media file(s) saved
  [14659471] 1 media file(s) saved
  [1466192] 2 media file(s) saved
  [1466202] 1 media file(s) saved
  [14662082] 7 media file(s) saved
  [14662710] 1 media file(s) saved
  [14662712] 1 media file(s) saved
  [14662714] 1 media file(s) saved
  [14664071] 1 media file(s) saved
  [14665508] 1 media file(s) saved
  [14665645] 1 media file(s) saved
  [14665755] 13 media file(s) saved
  [14669523] 1 media file(s) saved
  [14669893] 1 media file(s) saved
  [14671347] 1 media file(s) saved
  [14672217] 1 media file(s) saved
  [14673558] 2 media file(s) saved
  [14674461] 1 media file(s) saved
  [14675310] 1 media file(s) saved
  [14675362] 1 media file(s) saved
  [14677617] 1 media file(s) saved
    [ERROR] download https://zenodo.org/api/records/14679119/files/698-Article%20Text-2615-1-10-20250116.pdf/content: 429 Client Error: TOO MANY REQUESTS for url: https://zenodo.org/api/records/14679119/files/698-Article%20Text-2615-1-10-20250116.pdf/content
  Rate limited — sleeping 60s
  [14679701] 1 media file(s) saved
  [14679990] 1 media file(s) saved
  [1468030] 1 media file(s) saved
  [14680538] 1 media file(s) saved
  [14683740] 1 media file(s) saved
  [14683782] 1 media file(s) saved
  [14683814] 1 media file(s) saved
  [14683935] 1 media file(s) saved
  [14683955] 1 media file(s) saved
  [14684007] 1 media file(s) saved
  [14684009] 1 media file(s) saved
  [14684142] 1 media file(s) saved
  [14684196] 1 media file(s) saved
  [14684271] 1 media file(s) saved
  [14684273] 1 media file(s) saved
  [14684327] 1 media file(s) saved
  [14684329] 1 media file(s) saved
  [14684377] 1 media file(s) saved
  [14684439] 2 media file(s) saved
  [14684483] 1 media file(s) saved
  [14684499] 1 media file(s) saved
  [14684965] 1 media file(s) saved
  [14686035] 1 media file(s) saved
  [14689104] 1 media file(s) saved
  [14689369] 1 media file(s) saved
  [14691117] 1 media file(s) saved
  [14691162] 1 media file(s) saved
  [14691167] 1 media file(s) saved
  [14691854] 1 media file(s) saved
  [14692793] 3 media file(s) saved
  [1469374] 1 media file(s) saved
  [14697212] 1 media file(s) saved
  [14697417] 1 media file(s) saved
  [14697843] 1 media file(s) saved
  [14698197] 1 media file(s) saved
  [14699070] 1 media file(s) saved
  [14699179] 1 media file(s) saved
  [1470047] 1 media file(s) saved
  [14700539] 1 media file(s) saved
  [14701081] 1 media file(s) saved
  [1470133] 1 media file(s) saved
  [1470163] 1 media file(s) saved
  [14702952] 1 media file(s) saved
  [14703166] 1 media file(s) saved
  [1470555] 1 media file(s) saved
  [14707963] 1 media file(s) saved
  [14707967] 1 media file(s) saved
  [14708781] 3 media file(s) saved
  [1470893] 1 media file(s) saved
  [14709473] 1 media file(s) saved
  [14710070] 1 media file(s) saved
  [14711631] 1 media file(s) saved
  [14712151] 1 media file(s) saved
  [1471288] 1 media file(s) saved
  [14713169] 1 media file(s) saved
  [1471342] 1 media file(s) saved
  [14714105] 2 media file(s) saved
  [14714334] 1 media file(s) saved
  [14715] 1 media file(s) saved
  [14715593] 1 media file(s) saved
  [14715785] 1 media file(s) saved
  [14715933] 1 media file(s) saved
  [14716971] 1 media file(s) saved
  [14717118] 1 media file(s) saved
  [14717883] 1 media file(s) saved
  [14718160] 1 media file(s) saved
  [14718338] 1 media file(s) saved
  [14718721] 1 media file(s) saved
  [14719205] 1 media file(s) saved
  [14719348] 1 media file(s) saved
  [14721129] 1 media file(s) saved
  [14721193] 1 media file(s) saved
  [1472130] 1 media file(s) saved
  [14723777] 1 media file(s) saved
  [14724942] 1 media file(s) saved
  [14725531] 1 media file(s) saved
  [1472593] 1 media file(s) saved
  [14726486] 1 media file(s) saved
  [14726717] 1 media file(s) saved
  [14726831] 1 media file(s) saved
  [14727967] 1 media file(s) saved
  [14728107] 1 media file(s) saved
  [14728161] 1 media file(s) saved
  [14728692] 1 media file(s) saved
  [14730000] 1 media file(s) saved
  [14730126] 1 media file(s) saved
  [14730128] 1 media file(s) saved
  [14730130] 1 media file(s) saved
  [1473042] 1 media file(s) saved
  [14730829] 1 media file(s) saved
  [1473088] 1 media file(s) saved
  [14731025] 1 media file(s) saved
  [14731065] 1 media file(s) saved
  [14731136] 1 media file(s) saved
  [14731160] 1 media file(s) saved
  [14731923] 1 media file(s) saved
  [14732100] 4 media file(s) saved
  [14732197] 1 media file(s) saved
  [14732418] 1 media file(s) saved
  [14732442] 1 media file(s) saved
  [1473264] 1 media file(s) saved
  [1473289] 1 media file(s) saved
  [14733275] 1 media file(s) saved
  [1473389] 1 media file(s) saved
  [14734777] 1 media file(s) saved
  [14735941] 1 media file(s) saved
  [1473615] 3 media file(s) saved
  [14737178] 1 media file(s) saved
  [14737245] 1 media file(s) saved
  [14737560] 1 media file(s) saved
  [14738517] 1 media file(s) saved
  [1473859] 9 media file(s) saved
  [14738667] 1 media file(s) saved
  [14738812] 1 media file(s) saved
  [14738884] 1 media file(s) saved
  [14739039] 1 media file(s) saved
  [14739562] 1 media file(s) saved
  [14739822] 1 media file(s) saved
  [14739988] 1 media file(s) saved
  [14740036] 1 media file(s) saved
  [14740038] 1 media file(s) saved
  [14741226] 1 media file(s) saved
  [14741363] 1 media file(s) saved
  [14743314] 1 media file(s) saved
  [14743517] 1 media file(s) saved
  [14744227] 1 media file(s) saved
  [14744958] 1 media file(s) saved
  [14745050] 1 media file(s) saved
  [14745287] 1 media file(s) saved
  [14747] 1 media file(s) saved
  [14747393] 1 media file(s) saved
  [14747828] 1 media file(s) saved
  [14748072] 1 media file(s) saved
  [14748369] 1 media file(s) saved
  [14748888] 1 media file(s) saved
  [14750] 1 media file(s) saved
  [14750181] 1 media file(s) saved
  [14750354] 2 media file(s) saved
  [14751849] 1 media file(s) saved
  [14755265] 1 media file(s) saved
  [14755708] 1 media file(s) saved
  [14755895] 1 media file(s) saved
  [14756824] 10 media file(s) saved
  [14757233] 1 media file(s) saved
  [14757325] 1 media file(s) saved
  [14757368] 1 media file(s) saved
  [14757667] 1 media file(s) saved
  [14760558] 1 media file(s) saved
  [14761384] 2 media file(s) saved
  [14762063] 1 media file(s) saved
  [14765370] 1 media file(s) saved
  [14765504] 1 media file(s) saved
  [14765795] 1 media file(s) saved
  [14765931] 1 media file(s) saved
  [14767806] 1 media file(s) saved
  [14767909] 1 media file(s) saved
  [14768491] 1 media file(s) savedFound 20493 Zenodo raw records.
  [14837656] 38 media file(s) saved
  [14838476] 2 media file(s) saved
  [14839191] 1 media file(s) saved
  [14840194] 1 media file(s) saved
  [14842397] 1 media file(s) saved
  [14843633] 8 media file(s) saved
  [14844489] 1 media file(s) saved
  [14844880] 11 media file(s) saved
  [14844920] 1 media file(s) saved
  [14844953] 7 media file(s) saved
  [1484512] 1 media file(s) saved
  [1484677] 2 media file(s) saved
    [ERROR] download https://zenodo.org/api/records/14846999/files/Ulianchenko%20A.,%20Duravkin%20P.%20CHARACTERISTICS%20OF%20TAX%20AUDITS%20UNDER%20THE%20TAX%20CONTROL%20PROCEDURE%20(PDF).pdf/content: HTTPSConnectionPool(host='zenodo.org', port=443): Read timed out.
  [14847980] 1 media file(s) saved
  [14848053] 1 media file(s) saved
  [14848530] 1 media file(s) saved
  [14848534] 1 media file(s) saved
  [14848545] 1 media file(s) saved
  [14849110] 1 media file(s) saved
  [14850135] 1 media file(s) saved
  [14853121] 2 media file(s) saved
  [14854508] 1 media file(s) saved
  [14854524] 1 media file(s) saved
  [14855097] 1 media file(s) saved
  [14857884] 1 media file(s) saved
  [14858936] 1 media file(s) saved
  [14859747] 1 media file(s) saved
  [14859934] 1 media file(s) saved
  [14860734] 3 media file(s) saved
  [1486075] 1 media file(s) saved
  [14862058] 1 media file(s) saved
  [14862626] 1 media file(s) saved
  [14863371] 1 media file(s) saved
  [14863562] 1 media file(s) saved
  [14864048] 1 media file(s) saved
  [14864054] 1 media file(s) saved
  [14864246] 1 media file(s) saved
  [14864269] 1 media file(s) saved
  [14864789] 1 media file(s) saved
  [14864945] 1 media file(s) saved
  [14865] 1 media file(s) saved
  [14865596] 1 media file(s) saved
  [14865820] 1 media file(s) saved
  [14865972] 1 media file(s) saved
  [14866570] 1 media file(s) saved
  [14866849] 1 media file(s) saved
  [14867745] 1 media file(s) saved
    [ERROR] download https://zenodo.org/api/records/14867955/files/Figure%203.jpg/content: HTTPSConnectionPool(host='zenodo.org', port=443): Read timed out.
  [14867955] 13 media file(s) saved
  [14868337] 1 media file(s) saved
  [14868418] 1 media file(s) saved
  [14869534] 1 media file(s) saved
  [14869906] 1 media file(s) saved
  [14870230] 1 media file(s) saved
  [14871818] 1 media file(s) saved
  [14872165] 1 media file(s) saved
  [14873214] 1 media file(s) saved
  [14874527] 1 media file(s) saved
  [14874666] 2 media file(s) saved
  [14874678] 1 media file(s) saved
  [14875426] 1 media file(s) saved
  [14875968] 2 media file(s) saved
  [14878026] 1 media file(s) saved
  [14880429] 1 media file(s) saved
  [14880694] 1 media file(s) saved
  [14881234] 1 media file(s) saved
  [14881846] 1 media file(s) saved
  [14881942] 1 media file(s) saved
  [1488276] 1 media file(s) saved
  [14883869] 1 media file(s) saved
  [14884310] 3 media file(s) saved
  [14885831] 1 media file(s) saved
  [14886228] 1 media file(s) saved
    [ERROR] download https://zenodo.org/api/records/14888213/files/WVJ14(4)%20626-636,%202024%20(1).pdf/content: HTTPSConnectionPool(host='zenodo.org', port=443): Read timed out.
  [14888845] 1 media file(s) saved
  [14889685] 1 media file(s) saved
  [14890254] 1 media file(s) saved
  [14890323] 1 media file(s) saved
  [14890467] 1 media file(s) saved
    [ERROR] download https://zenodo.org/api/records/14890976/files/INF1000250.pdf/content: HTTPSConnectionPool(host='zenodo.org', port=443): Read timed out.
  [14891263] 1 media file(s) saved
  [14891344] 1 media file(s) saved
  [14891356] 1 media file(s) saved
  [14891506] 1 media file(s) saved
  [14891706] 1 media file(s) saved
  [14892358] 1 media file(s) saved
  [14893944] 1 media file(s) saved
  [14894374] 1 media file(s) saved
  [14894562] 7 media file(s) saved
  [1489513] 1 media file(s) saved
  [14898552] 1 media file(s) saved
  [14898970] 1 media file(s) saved
  [14899219] 1 media file(s) saved
  [1489922] 1 media file(s) saved
  [14899877] 1 media file(s) saved
  [14900] 1 media file(s) saved
  [14902730] 1 media file(s) saved
  [14903984] 1 media file(s) saved
  [1490462] 1 media file(s) saved
  [14904630] 1 media file(s) saved
  [14904731] 1 media file(s) saved
  [14906878] 2 media file(s) saved
  [14906941] 1 media file(s) saved
  [14908277] 1 media file(s) saved
  [14908530] 1 media file(s) saved
  [14908877] 1 media file(s) saved
  [14908932] 2 media file(s) saved
  [14909265] 1 media file(s) saved
  [14912708] 1 media file(s) saved
  [14915517] 1 media file(s) saved
  [14916106] 1 media file(s) saved
  [14916660] 3 media file(s) saved
  [1491700] 1 media file(s) saved
  [14917069] 1 media file(s) saved
  [14917325] 17 media file(s) saved
  [1492105] 1 media file(s) saved
  [1492242] 1 media file(s) saved
  [14924765] 1 media file(s) saved
  [1492489] 1 media file(s) saved
  [14926190] 1 media file(s) saved
  [14927195] 1 media file(s) saved
  [14927636] 5 media file(s) saved
  [14928169] 1 media file(s) saved
  [14928239] 1 media file(s) saved
  [14928349] 1 media file(s) saved
  [14928866] 1 media file(s) saved
  [14929763] 1 media file(s) saved
  [1493014] 1 media file(s) saved
  [14930277] 1 media file(s) saved
  [14931653] 1 media file(s) saved
  [14932638] 1 media file(s) saved
  [14933337] 2 media file(s) saved
  [14934313] 1 media file(s) saved
  [14934404] 1 media file(s) saved
  [14934566] 1 media file(s) saved
  [14935] 1 media file(s) saved
  [1493528] 1 media file(s) saved
  [14936] 1 media file(s) saved
    [ERROR] download https://zenodo.org/api/records/1493611/files/Infectious%20characteristics%20of%20Ebola%20virus.pdf/content: HTTPSConnectionPool(host='zenodo.org', port=443): Read timed out.
  [14937256] 1 media file(s) saved
  [1493815] 1 media file(s) saved
  [14938173] 1 media file(s) saved
  [14938453] 1 media file(s) saved
  [14938588] 1 media file(s) saved
  [14939259] 1 media file(s) saved
  [14940373] 1 media file(s) saved
  [14940637] 1 media file(s) saved
  [14942922] 1 media file(s) saved
  [14942940] 1 media file(s) saved
  [14943110] 2 media file(s) saved
  [14943885] 2 media file(s) saved
  [14943963] 16 media file(s) saved
  [14944179] 1 media file(s) saved
  [14944830] 1 media file(s) saved
  [14944844] 1 media file(s) saved
  [14945009] 1 media file(s) saved
  [14945099] 1 media file(s) saved
  [14945357] 1 media file(s) saved
  [14946060] 2 media file(s) saved
  [14947260] 1 media file(s) saved
  [14947503] 2 media file(s) saved
  [14948704] 1 media file(s) saved
  [14949289] 2 media file(s) saved
  [14949450] 1 media file(s) saved
  [14949583] 1 media file(s) saved
  [14949812] 1 media file(s) saved
  [14950561] 1 media file(s) saved
  [14950587] 11 media file(s) saved
  [1495120] 1 media file(s) saved
  [1495248] 1 media file(s) saved
  [14952844] 1 media file(s) saved
  [14957967] 1 media file(s) saved
  [14958876] 1 media file(s) saved
  [14959227] 1 media file(s) saved
  [14959374] 4 media file(s) saved
  [14960397] 3 media file(s) saved
  [14960532] 1 media file(s) saved
  [14960704] 1 media file(s) saved
  [14960845] 1 media file(s) saved
  [14961140] 2 media file(s) saved
  [14961170] 1 media file(s) saved
  [14962724] 1 media file(s) saved
  [14964231] 1 media file(s) saved
  [14964705] 1 media file(s) saved
  [14964976] 1 media file(s) saved
  [14965510] 5 media file(s) saved
  [14966995] 1 media file(s) saved
  [1496730] 1 media file(s) saved
  [14969770] 1 media file(s) saved
  [1496988] 1 media file(s) saved
  [14970145] 1 media file(s) saved
  [14970274] 1 media file(s) saved
  [14970279] 1 media file(s) saved
  [14971] 1 media file(s) saved
  [14971281] 1 media file(s) saved
  [14972] 1 media file(s) saved
  [14972156] 1 media file(s) saved
  [14974042] 1 media file(s) saved
  [14974230] 1 media file(s) saved
  [14974987] 1 media file(s) saved
  [1497655] 1 media file(s) saved
  [14976662] 1 media file(s) saved
  [14976701] 1 media file(s) saved
  [14976735] 1 media file(s) saved
  [14976741] 1 media file(s) saved
  [14978607] 1 media file(s) saved
  [14978997] 1 media file(s) saved
  [14979735] 1 media file(s) saved
  [14982807] 1 media file(s) saved
  [14983697] 1 media file(s) saved
  [14983905] 1 media file(s) saved
  [14986026] 1 media file(s) saved
  [14986991] 1 media file(s) saved
  [14987771] 1 media file(s) saved
  [14989214] 1 media file(s) saved
  [1499124] 1 media file(s) saved
  [14996048] 9 media file(s) saved
  [14997960] 1 media file(s) saved
  [14998278] 1 media file(s) saved
  [14998333] 1 media file(s) saved
  [14998572] 1 media file(s) saved
  [14998705] 1 media file(s) saved
  [14999400] 2 media file(s) saved
  [14999600] 1 media file(s) saved
  [15004376] 1 media file(s) saved
  [15006623] 1 media file(s) saved
  [15008339] 1 media file(s) saved
  [15008529] 3 media file(s) saved
  [15008546] 1 media file(s) saved
  [15009251] 12 media file(s) saved
  [15009262] 16 media file(s) saved
  [15009590] 1 media file(s) saved
  [15009642] 1 media file(s) saved
  [15009767] 1 media file(s) saved
  [15009795] 1 media file(s) saved
  [15010232] 1 media file(s) saved
  [15010323] 1 media file(s) saved
  [15010452] 1 media file(s) saved
  [15010505] 1 media file(s) saved
  [15011237] 1 media file(s) saved
  [15012670] 1 media file(s) saved
  [15013506] 1 media file(s) saved
  [15013615] 1 media file(s) saved
  [15014513] 14 media file(s) saved
  [15014536] 16 media file(s) saved
    [ERROR] download https://zenodo.org/api/records/15014655/files/T375_b15_Liver_PCW15.features.tsv.gz/content: HTTPSConnectionPool(host='zenodo.org', port=443): Read timed out. (read timeout=30)
  [15014655] 13 media file(s) saved
  [15014660] 16 media file(s) saved
  [15014663] 10 media file(s) saved
  [15014665] 14 media file(s) saved
  [15014667] 11 media file(s) saved
  [15014669] 7 media file(s) saved
  [15014713] 10 media file(s) saved
  [15015193] 1 media file(s) saved
  [15015596] 1 media file(s) saved
  [15015835] 1 media file(s) saved
  [15016176] 1 media file(s) saved
  [15016255] 1 media file(s) saved
  [15016549] 1 media file(s) saved
  [15016713] 1 media file(s) saved
  [15016715] 1 media file(s) saved
  [15016717] 1 media file(s) saved
  [15016738] 1 media file(s) saved
  [15020597] 1 media file(s) saved
  [15021534] 1 media file(s) saved
  [15022230] 1 media file(s) saved
  [15023779] 1 media file(s) saved
  [15025546] 1 media file(s) saved
  [15030775] 1 media file(s) saved
  [15031246] 1 media file(s) saved
  [15033217] 1 media file(s) saved
  [15034024] 1 media file(s) saved
  [15034045] 1 media file(s) saved
  [15034082] 1 media file(s) saved
  [15034127] 1 media file(s) saved
  [15034244] 2 media file(s) saved
  [15034744] 1 media file(s) saved
  [15035297] 1 media file(s) saved
  [15035361] 1 media file(s) saved
  [15035367] 1 media file(s) saved
  [15035375] 1 media file(s) saved
  [15035440] 1 media file(s) saved
  [15037166] 1 media file(s) saved
  [15037589] 1 media file(s) saved
  [15038062] 1 media file(s) saved
  [15038148] 1 media file(s) saved
  [15038917] 24 media file(s) saved
    [ERROR] download https://zenodo.org/api/records/15039742/files/Figure%205A%20-%20DATA.xls/content: 429 Client Error: TOO MANY REQUESTS for url: https://zenodo.org/api/records/15039742/files/Figure%205A%20-%20DATA.xls/content
    [ERROR] download https://zenodo.org/api/records/15039742/files/Figure%204.tiff/content: 429 Client Error: TOO MANY REQUESTS for url: https://zenodo.org/api/records/15039742/files/Figure%204.tiff/content
    [ERROR] download https://zenodo.org/api/records/15039742/files/TOC%20cropisa.tif/content: 429 Client Error: TOO MANY REQUESTS for url: https://zenodo.org/api/records/15039742/files/TOC%20cropisa.tif/content
    [ERROR] download https://zenodo.org/api/records/15039742/files/Figure%201B.opju/content: 429 Client Error: TOO MANY REQUESTS for url: https://zenodo.org/api/records/15039742/files/Figure%201B.opju/content
    [ERROR] download https://zenodo.org/api/records/15039742/files/Figure%205D%20-%20DATA.xls/content: 429 Client Error: TOO MANY REQUESTS for url: https://zenodo.org/api/records/15039742/files/Figure%205D%20-%20DATA.xls/content
    [ERROR] download https://zenodo.org/api/records/15039742/files/Figure%203B.opju/content: 429 Client Error: TOO MANY REQUESTS for url: https://zenodo.org/api/records/15039742/files/Figure%203B.opju/content
    [ERROR] download https://zenodo.org/api/records/15039742/files/Manuscript.pdf/content: 429 Client Error: TOO MANY REQUESTS for url: https://zenodo.org/api/records/15039742/files/Manuscript.pdf/content
    [ERROR] download https://zenodo.org/api/records/15039742/files/Figure%201B%20-%20DATA.xls/content: 429 Client Error: TOO MANY REQUESTS for url: https://zenodo.org/api/records/15039742/files/Figure%201B%20-%20DATA.xls/content
    [ERROR] download https://zenodo.org/api/records/15039742/files/Figure%205B%20-%20DATA.xls/content: 429 Client Error: TOO MANY REQUESTS for url: https://zenodo.org/api/records/15039742/files/Figure%205B%20-%20DATA.xls/content
    [ERROR] download https://zenodo.org/api/records/15039742/files/Figure%201C%20-%20DATA.xls/content: 429 Client Error: TOO MANY REQUESTS for url: https://zenodo.org/api/records/15039742/files/Figure%201C%20-%20DATA.xls/content
    [ERROR] download https://zenodo.org/api/records/15039742/files/Figure%205C.opju/content: 429 Client Error: TOO MANY REQUESTS for url: https://zenodo.org/api/records/15039742/files/Figure%205C.opju/content
    [ERROR] download https://zenodo.org/api/records/15039742/files/Figure%202A%20-%20DATA.csv/content: 429 Client Error: TOO MANY REQUESTS for url: https://zenodo.org/api/records/15039742/files/Figure%202A%20-%20DATA.csv/content
    [ERROR] download https://zenodo.org/api/records/15039742/files/Figure%204%20-%20DATA.xls/content: 429 Client Error: TOO MANY REQUESTS for url: https://zenodo.org/api/records/15039742/files/Figure%204%20-%20DATA.xls/content
    [ERROR] download https://zenodo.org/api/records/15039742/files/Figure%202B.opju/content: 429 Client Error: TOO MANY REQUESTS for url: https://zenodo.org/api/records/15039742/files/Figure%202B.opju/content
    [ERROR] download https://zenodo.org/api/records/15039742/files/Figure%202.tif/content: 429 Client Error: TOO MANY REQUESTS for url: https://zenodo.org/api/records/15039742/files/Figure%202.tif/content
    [ERROR] download https://zenodo.org/api/records/15039742/files/Scheme%202.tiff/content: 429 Client Error: TOO MANY REQUESTS for url: https://zenodo.org/api/records/15039742/files/Scheme%202.tiff/content
    [ERROR] download https://zenodo.org/api/records/15039742/files/Figure%205.tiff/content: 429 Client Error: TOO MANY REQUESTS for url: https://zenodo.org/api/records/15039742/files/Figure%205.tiff/content
    [ERROR] download https://zenodo.org/api/records/15039742/files/Figure%203a%20TEM.tif/content: 429 Client Error: TOO MANY REQUESTS for url: https://zenodo.org/api/records/15039742/files/Figure%203a%20TEM.tif/content
  [15039742] 18 media file(s) saved
    [ERROR] download https://zenodo.org/api/records/15039966/files/Figure%204.JPG/content: 429 Client Error: TOO MANY REQUESTS for url: https://zenodo.org/api/records/15039966/files/Figure%204.JPG/content
    [ERROR] download https://zenodo.org/api/records/15039966/files/Figure%20S3.JPG/content: 429 Client Error: TOO MANY REQUESTS for url: https://zenodo.org/api/records/15039966/files/Figure%20S3.JPG/content
    [ERROR] download https://zenodo.org/api/records/15039966/files/Figure%20S1.JPG/content: 429 Client Error: TOO MANY REQUESTS for url: https://zenodo.org/api/records/15039966/files/Figure%20S1.JPG/content
    [ERROR] download https://zenodo.org/api/records/15039966/files/Figure%20S18%20data.zip/content: 429 Client Error: TOO MANY REQUESTS for url: https://zenodo.org/api/records/15039966/files/Figure%20S18%20data.zip/content
    [ERROR] download https://zenodo.org/api/records/15039966/files/Figure%20S10.JPG/content: 429 Client Error: TOO MANY REQUESTS for url: https://zenodo.org/api/records/15039966/files/Figure%20S10.JPG/content
    [ERROR] download https://zenodo.org/api/records/15039966/files/Figure%20S1%20data.zip/content: 429 Client Error: TOO MANY REQUESTS for url: https://zenodo.org/api/records/15039966/files/Figure%20S1%20data.zip/content
    [ERROR] download https://zenodo.org/api/records/15039966/files/Figure%20S9%20data.zip/content: 429 Client Error: TOO MANY REQUESTS for url: https://zenodo.org/api/records/15039966/files/Figure%20S9%20data.zip/content
    [ERROR] download https://zenodo.org/api/records/15039966/files/Figure%205.JPG/content: 429 Client Error: TOO MANY REQUESTS for url: https://zenodo.org/api/records/15039966/files/Figure%205.JPG/content
    [ERROR] download https://zenodo.org/api/records/15039966/files/Figure%204%20data.zip/content: 429 Client Error: TOO MANY REQUESTS for url: https://zenodo.org/api/records/15039966/files/Figure%204%20data.zip/content
    [ERROR] download https://zenodo.org/api/records/15039966/files/Figure%20S8%20data.zip/content: 429 Client Error: TOO MANY REQUESTS for url: https://zenodo.org/api/records/15039966/files/Figure%20S8%20data.zip/content
    [ERROR] download https://zenodo.org/api/records/15039966/files/Figure%20S13.JPG/content: 429 Client Error: TOO MANY REQUESTS for url: https://zenodo.org/api/records/15039966/files/Figure%20S13.JPG/content
    [ERROR] download https://zenodo.org/api/records/15039966/files/Figure%20S2%20data.zip/content: 429 Client Error: TOO MANY REQUESTS for url: https://zenodo.org/api/records/15039966/files/Figure%20S2%20data.zip/content
    [ERROR] download https://zenodo.org/api/records/15039966/files/Figure%20S14.JPG/content: 429 Client Error: TOO MANY REQUESTS for url: https://zenodo.org/api/records/15039966/files/Figure%20S14.JPG/content
    [ERROR] download https://zenodo.org/api/records/15039966/files/Figure%20S7.JPG/content: 429 Client Error: TOO MANY REQUESTS for url: https://zenodo.org/api/records/15039966/files/Figure%20S7.JPG/content
    [ERROR] download https://zenodo.org/api/records/15039966/files/Figure%20S8.JPG/content: 429 Client Error: TOO MANY REQUESTS for url: https://zenodo.org/api/records/15039966/files/Figure%20S8.JPG/content
    [ERROR] download https://zenodo.org/api/records/15039966/files/Figure%20S12.JPG/content: 429 Client Error: TOO MANY REQUESTS for url: https://zenodo.org/api/records/15039966/files/Figure%20S12.JPG/content
    [ERROR] download https://zenodo.org/api/records/15039966/files/Figure%20S16.JPG/content: 429 Client Error: TOO MANY REQUESTS for url: https://zenodo.org/api/records/15039966/files/Figure%20S16.JPG/content
    [ERROR] download https://zenodo.org/api/records/15039966/files/Table%20S2.JPG/content: 429 Client Error: TOO MANY REQUESTS for url: https://zenodo.org/api/records/15039966/files/Table%20S2.JPG/content
    [ERROR] download https://zenodo.org/api/records/15039966/files/Figure%20S17.JPG/content: 429 Client Error: TOO MANY REQUESTS for url: https://zenodo.org/api/records/15039966/files/Figure%20S17.JPG/content
  [15039966] 22 media file(s) saved
  [15044417] 1 media file(s) saved
    [ERROR] download https://zenodo.org/api/records/15044662/files/Figure%201.png/content: 429 Client Error: TOO MANY REQUESTS for url: https://zenodo.org/api/records/15044662/files/Figure%201.png/content
    [ERROR] download https://zenodo.org/api/records/15044662/files/qPCR2.xls/content: 429 Client Error: TOO MANY REQUESTS for url: https://zenodo.org/api/records/15044662/files/qPCR2.xls/content
    [ERROR] download https://zenodo.org/api/records/15044662/files/qPCR1.xls/content: 429 Client Error: TOO MANY REQUESTS for url: https://zenodo.org/api/records/15044662/files/qPCR1.xls/content
    [ERROR] download https://zenodo.org/api/records/15044662/files/Figure%204.png/content: 429 Client Error: TOO MANY REQUESTS for url: https://zenodo.org/api/records/15044662/files/Figure%204.png/content
  [15044662] 3 media file(s) saved
  Rate limited — sleeping 60s
  [15045597] 1 media file(s) saved
  [15045782] 3 media file(s) saved
  [15046993] 1 media file(s) saved
  [15049662] 1 media file(s) saved
  [15050086] 1 media file(s) saved
  [15050545] 1 media file(s) saved
  [15050859] 1 media file(s) saved
  [1505093] 1 media file(s) saved
  [15051376] 1 media file(s) saved
  [15052533] 1 media file(s) saved
  [15053385] 1 media file(s) saved
  [15054014] 2 media file(s) saved
  [15055982] 1 media file(s) saved
  [15056709] 1 media file(s) saved
  [15063812] 1 media file(s) saved
  [15064420] 1 media file(s) saved
  [15065548] 1 media file(s) saved
  [15067654] 1 media file(s) saved
  [15068030] 1 media file(s) saved
  [15068360] 1 media file(s) saved
  [15069022] 1 media file(s) saved
  [15069025] 2 media file(s) saved
  [1506978] 1 media file(s) saved
  [15070093] 1 media file(s) saved
  [15070300] 3 media file(s) saved
  [15070399] 1 media file(s) saved
  [15070478] 1 media file(s) saved
  [15074539] 1 media file(s) saved
  [15074651] 1 media file(s) saved
  [15074761] 1 media file(s) saved
  [15074832] 1 media file(s) saved
  [1507563] 1 media file(s) saved
  [15075732] 1 media file(s) saved
  [15075966] 2 media file(s) saved
  [15076820] 1 media file(s) saved
  [15076963] 1 media file(s) saved
  [15077109] 1 media file(s) saved
  [15077929] 1 media file(s) saved
  [15077932] 1 media file(s) saved
  [15078459] 1 media file(s) saved
  [15079575] 5 media file(s) saved
  [15082534] 1 media file(s) saved
  [1508376] 1 media file(s) saved
  [15084714] 2 media file(s) saved
  [15086854] 1 media file(s) saved
  [15087869] 2 media file(s) saved
  [15088581] 7 media file(s) saved
  [15089193] 1 media file(s) saved
  [1508992] 1 media file(s) saved
  [15090270] 1 media file(s) saved
  [15090470] 2 media file(s) saved
  [15092715] 1 media file(s) saved
  [15094542] 2 media file(s) saved
  [15094801] 2 media file(s) saved
  [15095893] 1 media file(s) saved
  [15096210] 1 media file(s) saved
  [15096278] 1 media file(s) saved
  [15097291] 1 media file(s) saved
  [15098039] 1 media file(s) saved
  [15100089] 1 media file(s) saved
  [15100613] 1 media file(s) saved
  [15100704] 1 media file(s) saved
  [15100953] 1 media file(s) saved
  [15101159] 2 media file(s) saved
  [15101538] 3 media file(s) saved
  [15102749] 1 media file(s) saved
  [15103544] 1 media file(s) saved
  [15104942] 1 media file(s) saved
  [15105783] 1 media file(s) saved
  [15106305] 9 media file(s) saved
  [15107847] 1 media file(s) saved
  [15107865] 1 media file(s) saved
  [15107881] 1 media file(s) saved
  [15108119] 1 media file(s) saved
  [15108169] 1 media file(s) saved
  [15109557] 1 media file(s) saved
  [15109837] 1 media file(s) saved
  [15110205] 1 media file(s) saved
  [15111414] 1 media file(s) saved
  [15112] 1 media file(s) saved
    [ERROR] download https://zenodo.org/api/records/15112152/files/CI_R1_Tensor_Translator_Addendum.md/content: 429 Client Error: TOO MANY REQUESTS for url: https://zenodo.org/api/records/15112152/files/CI_R1_Tensor_Translator_Addendum.md/content
    [ERROR] download https://zenodo.org/api/records/15112152/files/EG_Appendix_R1_Tensor_Extraction.md.ots/content: 429 Client Error: TOO MANY REQUESTS for url: https://zenodo.org/api/records/15112152/files/EG_Appendix_R1_Tensor_Extraction.md.ots/content
  [15112152] 8 media file(s) saved
  [15113] 1 media file(s) saved
    [ERROR] download https://zenodo.org/api/records/15113735/files/FlowCam_V8000_PIQv_User_Manual_PUBLISHED_20250331.pdf/content: 429 Client Error: TOO MANY REQUESTS for url: https://zenodo.org/api/records/15113735/files/FlowCam_V8000_PIQv_User_Manual_PUBLISHED_20250331.pdf/content
  Rate limited — sleeping 60s
  [15114] 1 media file(s) saved
  [15114783] 1 media file(s) saved
  [15114857] 1 media file(s) saved
  [1511558] 1 media file(s) saved
  [15116266] 1 media file(s) saved
  [15116687] 1 media file(s) saved
  [15116803] 1 media file(s) saved
  [15117771] 1 media file(s) saved
  [15119106] 1 media file(s) saved
  [15120306] 1 media file(s) saved
  [15121514] 1 media file(s) saved
  [15121812] 1 media file(s) saved
  [15122876] 1 media file(s) saved
  [15126935] 1 media file(s) saved
  [15127430] 1 media file(s) saved
  [15128760] 1 media file(s) saved
  [15128932] 1 media file(s) saved
  [15128941] 1 media file(s) saved
  [15129255] 1 media file(s) saved
  [15129624] 1 media file(s) saved
  [15129658] 1 media file(s) saved
  [15129950] 1 media file(s) saved
  [15130038] 1 media file(s) saved
  [15130731] 1 media file(s) saved
  [15131059] 1 media file(s) saved
  [15132270] 1 media file(s) saved
  [15132405] 1 media file(s) saved
  [15132481] 1 media file(s) saved
  [15135680] 1 media file(s) saved
  [15137966] 1 media file(s) saved
  [15138450] 1 media file(s) saved
  [15139720] 1 media file(s) saved
  [15139937] 1 media file(s) saved
  [15140016] 1 media file(s) saved
  [15141178] 1 media file(s) saved
  [15141183] 1 media file(s) saved
  [15145062] 1 media file(s) saved
  [15146639] 1 media file(s) saved
  [15146856] 1 media file(s) saved
  [15147317] 1 media file(s) saved
  [15148731] 1 media file(s) saved
  [15149296] 1 media file(s) saved
  [15150484] 3 media file(s) saved
  [15151156] 1 media file(s) saved
  [15152829] 1 media file(s) saved
  [15153054] 1 media file(s) saved
  [15153131] 1 media file(s) saved
  [15153635] 1 media file(s) saved
  [15153757] 5 media file(s) saved
  [15154547] 2 media file(s) saved
  [15154895] 1 media file(s) saved
  [15156447] 1 media file(s) saved
  [15156727] 1 media file(s) saved
  [15158915] 1 media file(s) saved
  [15158917] 1 media file(s) saved
  [15160446] 2 media file(s) saved
  [15160495] 1 media file(s) saved
  [15160497] 1 media file(s) saved
  [1516080] 1 media file(s) saved
  [15161875] 1 media file(s) saved
  [15162370] 1 media file(s) saved
  [15162679] 1 media file(s) saved
  [15163780] 1 media file(s) saved
  [15164992] 1 media file(s) saved
    [ERROR] download https://zenodo.org/api/records/15166136/files/chisq.R/content: 429 Client Error: TOO MANY REQUESTS for url: https://zenodo.org/api/records/15166136/files/chisq.R/content
    [ERROR] download https://zenodo.org/api/records/15166136/files/compareJaccard.R/content: 429 Client Error: TOO MANY REQUESTS for url: https://zenodo.org/api/records/15166136/files/compareJaccard.R/content
    [ERROR] download https://zenodo.org/api/records/15166136/files/dataAD.R/content: 429 Client Error: TOO MANY REQUESTS for url: https://zenodo.org/api/records/15166136/files/dataAD.R/content
    [ERROR] download https://zenodo.org/api/records/15166136/files/LR.Rd/content: 429 Client Error: TOO MANY REQUESTS for url: https://zenodo.org/api/records/15166136/files/LR.Rd/content
    [ERROR] download https://zenodo.org/api/records/15166136/files/phi.Rd/content: 429 Client Error: TOO MANY REQUESTS for url: https://zenodo.org/api/records/15166136/files/phi.Rd/content
    [ERROR] download https://zenodo.org/api/records/15166136/files/estimateCorrelation.R/content: 429 Client Error: TOO MANY REQUESTS for url: https://zenodo.org/api/records/15166136/files/estimateCorrelation.R/content
    [ERROR] download https://zenodo.org/api/records/15166136/files/fisher.R/content: 429 Client Error: TOO MANY REQUESTS for url: https://zenodo.org/api/records/15166136/files/fisher.R/content
    [ERROR] download https://zenodo.org/api/records/15166136/files/DESCRIPTION/content: 429 Client Error: TOO MANY REQUESTS for url: https://zenodo.org/api/records/15166136/files/DESCRIPTION/content
    [ERROR] download https://zenodo.org/api/records/15166136/files/README.md/content: 429 Client Error: TOO MANY REQUESTS for url: https://zenodo.org/api/records/15166136/files/README.md/content
    [ERROR] download https://zenodo.org/api/records/15166136/files/mcBDA.R/content: 429 Client Error: TOO MANY REQUESTS for url: https://zenodo.org/api/records/15166136/files/mcBDA.R/content
    [ERROR] download https://zenodo.org/api/records/15166136/files/scBDA.R/content: 429 Client Error: TOO MANY REQUESTS for url: https://zenodo.org/api/records/15166136/files/scBDA.R/content
    [ERROR] download https://zenodo.org/api/records/15166136/files/BDA.Rproj/content: 429 Client Error: TOO MANY REQUESTS for url: https://zenodo.org/api/records/15166136/files/BDA.Rproj/content
    [ERROR] download https://zenodo.org/api/records/15166136/files/BDA.R/content: 429 Client Error: TOO MANY REQUESTS for url: https://zenodo.org/api/records/15166136/files/BDA.R/content
  [15166136] 14 media file(s) saved
    [ERROR] download https://zenodo.org/api/records/15167579/files/SOP%20(sieving)_KAMP%20last%20version.pdf/content: 429 Client Error: TOO MANY REQUESTS for url: https://zenodo.org/api/records/15167579/files/SOP%20(sieving)_KAMP%20last%20version.pdf/content
    [ERROR] download https://zenodo.org/api/records/15169289/files/STDST_XPS_20241111_003.xy/content: 429 Client Error: TOO MANY REQUESTS for url: https://zenodo.org/api/records/15169289/files/STDST_XPS_20241111_003.xy/content
    [ERROR] download https://zenodo.org/api/records/15169289/files/STDST_IR_20241112.rar/content: 429 Client Error: TOO MANY REQUESTS for url: https://zenodo.org/api/records/15169289/files/STDST_IR_20241112.rar/content
    [ERROR] download https://zenodo.org/api/records/15169289/files/STDST_XPS_20241113_005.xy/content: 429 Client Error: TOO MANY REQUESTS for url: https://zenodo.org/api/records/15169289/files/STDST_XPS_20241113_005.xy/content
    [ERROR] download https://zenodo.org/api/records/15169289/files/STDST_XPS_20241111_005.xy/content: 429 Client Error: TOO MANY REQUESTS for url: https://zenodo.org/api/records/15169289/files/STDST_XPS_20241111_005.xy/content
    [ERROR] download https://zenodo.org/api/records/15169289/files/STDST_XPS_20241113_004.xy/content: 429 Client Error: TOO MANY REQUESTS for url: https://zenodo.org/api/records/15169289/files/STDST_XPS_20241113_004.xy/content
    [ERROR] download https://zenodo.org/api/records/15169289/files/STDST_XPS_20241113_001.xy/content: 429 Client Error: TOO MANY REQUESTS for url: https://zenodo.org/api/records/15169289/files/STDST_XPS_20241113_001.xy/content
    [ERROR] download https://zenodo.org/api/records/15169289/files/STDST_XPS_20241111_004.xy/content: 429 Client Error: TOO MANY REQUESTS for url: https://zenodo.org/api/records/15169289/files/STDST_XPS_20241111_004.xy/content
    [ERROR] download https://zenodo.org/api/records/15169289/files/STDST_XPS_20241111_002.xy/content: 429 Client Error: TOO MANY REQUESTS for url: https://zenodo.org/api/records/15169289/files/STDST_XPS_20241111_002.xy/content
    [ERROR] download https://zenodo.org/api/records/15169289/files/STDST_XPS_20241111_001.xy/content: 429 Client Error: TOO MANY REQUESTS for url: https://zenodo.org/api/records/15169289/files/STDST_XPS_20241111_001.xy/content
  [15169289] 3 media file(s) saved
  [1516956] 1 media file(s) saved
    [ERROR] download https://zenodo.org/api/records/15169773/files/STDST_IR_20250212.rar/content: 429 Client Error: TOO MANY REQUESTS for url: https://zenodo.org/api/records/15169773/files/STDST_IR_20250212.rar/content
    [ERROR] download https://zenodo.org/api/records/15169773/files/STDST_MS_20250214_001.txt/content: 429 Client Error: TOO MANY REQUESTS for url: https://zenodo.org/api/records/15169773/files/STDST_MS_20250214_001.txt/content
  [15169773] 4 media file(s) saved
    [ERROR] download https://zenodo.org/api/records/15169856/files/STDST_IR_20250219_034.dpt/content: 429 Client Error: TOO MANY REQUESTS for url: https://zenodo.org/api/records/15169856/files/STDST_IR_20250219_034.dpt/content
    [ERROR] download https://zenodo.org/api/records/15169856/files/STDST_IR_20250219_048.dpt/content: 429 Client Error: TOO MANY REQUESTS for url: https://zenodo.org/api/records/15169856/files/STDST_IR_20250219_048.dpt/content
    [ERROR] download https://zenodo.org/api/records/15169856/files/STDST_IR_20250219_055.dpt/content: 429 Client Error: TOO MANY REQUESTS for url: https://zenodo.org/api/records/15169856/files/STDST_IR_20250219_055.dpt/content
    [ERROR] download https://zenodo.org/api/records/15169856/files/STDST_IR_20250219_051.dpt/content: 429 Client Error: TOO MANY REQUESTS for url: https://zenodo.org/api/records/15169856/files/STDST_IR_20250219_051.dpt/content
    [ERROR] download https://zenodo.org/api/records/15169856/files/STDST_IR_20250219_013.dpt/content: 429 Client Error: TOO MANY REQUESTS for url: https://zenodo.org/api/records/15169856/files/STDST_IR_20250219_013.dpt/content
    [ERROR] download https://zenodo.org/api/records/15169856/files/STDST_IR_20250219_078.dpt/content: 429 Client Error: TOO MANY REQUESTS for url: https://zenodo.org/api/records/15169856/files/STDST_IR_20250219_078.dpt/content
    [ERROR] download https://zenodo.org/api/records/15169856/files/STDST_IR_20250219_084.dpt/content: 429 Client Error: TOO MANY REQUESTS for url: https://zenodo.org/api/records/15169856/files/STDST_IR_20250219_084.dpt/content
    [ERROR] download https://zenodo.org/api/records/15169856/files/STDST_IR_20250219_090.dpt/content: 429 Client Error: TOO MANY REQUESTS for url: https://zenodo.org/api/records/15169856/files/STDST_IR_20250219_090.dpt/content
    [ERROR] download https://zenodo.org/api/records/15169856/files/STDST_IR_20250219_043.dpt/content: 429 Client Error: TOO MANY REQUESTS for url: https://zenodo.org/api/records/15169856/files/STDST_IR_20250219_043.dpt/content
    [ERROR] download https://zenodo.org/api/records/15169856/files/STDST_IR_20250219_049.dpt/content: 429 Client Error: TOO MANY REQUESTS for url: https://zenodo.org/api/records/15169856/files/STDST_IR_20250219_049.dpt/content
    [ERROR] download https://zenodo.org/api/records/15169856/files/STDST_IR_20250219_052.dpt/content: 429 Client Error: TOO MANY REQUESTS for url: https://zenodo.org/api/records/15169856/files/STDST_IR_20250219_052.dpt/content
    [ERROR] download https://zenodo.org/api/records/15169856/files/STDST_IR_20250219_058.dpt/content: 429 Client Error: TOO MANY REQUESTS for url: https://zenodo.org/api/records/15169856/files/STDST_IR_20250219_058.dpt/content
    [ERROR] download https://zenodo.org/api/records/15169856/files/STDST_IR_20250219_071.dpt/content: 429 Client Error: TOO MANY REQUESTS for url: https://zenodo.org/api/records/15169856/files/STDST_IR_20250219_071.dpt/content
    [ERROR] download https://zenodo.org/api/records/15169856/files/STDST_IR_20250219_072.dpt/content: 429 Client Error: TOO MANY REQUESTS for url: https://zenodo.org/api/records/15169856/files/STDST_IR_20250219_072.dpt/content
    [ERROR] download https://zenodo.org/api/records/15169856/files/STDST_IR_20250219_091.dpt/content: 429 Client Error: TOO MANY REQUESTS for url: https://zenodo.org/api/records/15169856/files/STDST_IR_20250219_091.dpt/content
    [ERROR] download https://zenodo.org/api/records/15169856/files/STDST_IR_20250220_001.dpt/content: 429 Client Error: TOO MANY REQUESTS for url: https://zenodo.org/api/records/15169856/files/STDST_IR_20250220_001.dpt/content
    [ERROR] download https://zenodo.org/api/records/15169856/files/STDST_IR_20250219_082.dpt/content: 429 Client Error: TOO MANY REQUESTS for url: https://zenodo.org/api/records/15169856/files/STDST_IR_20250219_082.dpt/content
    [ERROR] download https://zenodo.org/api/records/15169856/files/STDST_IR_20250219_083.dpt/content: 429 Client Error: TOO MANY REQUESTS for url: https://zenodo.org/api/records/15169856/files/STDST_IR_20250219_083.dpt/content
    [ERROR] download https://zenodo.org/api/records/15169856/files/STDST_IR_20250219_081.dpt/content: 429 Client Error: TOO MANY REQUESTS for url: https://zenodo.org/api/records/15169856/files/STDST_IR_20250219_081.dpt/content
    [ERROR] download https://zenodo.org/api/records/15169856/files/STDST_XPS_20250221_001.xy/content: 429 Client Error: TOO MANY REQUESTS for url: https://zenodo.org/api/records/15169856/files/STDST_XPS_20250221_001.xy/content
    [ERROR] download https://zenodo.org/api/records/15169856/files/STDST_IR_20250219_086.dpt/content: 429 Client Error: TOO MANY REQUESTS for url: https://zenodo.org/api/records/15169856/files/STDST_IR_20250219_086.dpt/content
    [ERROR] download https://zenodo.org/api/records/15169856/files/STDST_IR_20250219_089.dpt/content: 429 Client Error: TOO MANY REQUESTS for url: https://zenodo.org/api/records/15169856/files/STDST_IR_20250219_089.dpt/content
    [ERROR] download https://zenodo.org/api/records/15169856/files/STDST_IR_20250219_018.dpt/content: 429 Client Error: TOO MANY REQUESTS for url: https://zenodo.org/api/records/15169856/files/STDST_IR_20250219_018.dpt/content
    [ERROR] download https://zenodo.org/api/records/15169856/files/STDST_IR_20250219_039.dpt/content: 429 Client Error: TOO MANY REQUESTS for url: https://zenodo.org/api/records/15169856/files/STDST_IR_20250219_039.dpt/content
    [ERROR] download https://zenodo.org/api/records/15169856/files/STDST_IR_20250219_068.dpt/content: 429 Client Error: TOO MANY REQUESTS for url: https://zenodo.org/api/records/15169856/files/STDST_IR_20250219_068.dpt/content
    [ERROR] download https://zenodo.org/api/records/15169856/files/STDST_IR_20250219_040.dpt/content: 429 Client Error: TOO MANY REQUESTS for url: https://zenodo.org/api/records/15169856/files/STDST_IR_20250219_040.dpt/content
    [ERROR] download https://zenodo.org/api/records/15169856/files/STDST_IR_20250219_025.dpt/content: 429 Client Error: TOO MANY REQUESTS for url: https://zenodo.org/api/records/15169856/files/STDST_IR_20250219_025.dpt/content
    [ERROR] download https://zenodo.org/api/records/15169856/files/STDST_IR_20250219_031.dpt/content: 429 Client Error: TOO MANY REQUESTS for url: https://zenodo.org/api/records/15169856/files/STDST_IR_20250219_031.dpt/content
    [ERROR] download https://zenodo.org/api/records/15169856/files/STDST_IR_20250219_065.dpt/content: 429 Client Error: TOO MANY REQUESTS for url: https://zenodo.org/api/records/15169856/files/STDST_IR_20250219_065.dpt/content
    [ERROR] download https://zenodo.org/api/records/15169856/files/STDST_XPS_20250220_001.xy/content: 429 Client Error: TOO MANY REQUESTS for url: https://zenodo.org/api/records/15169856/files/STDST_XPS_20250220_001.xy/content
    [ERROR] download https://zenodo.org/api/records/15169856/files/STDST_IR_20250218_002.dpt/content: 429 Client Error: TOO MANY REQUESTS for url: https://zenodo.org/api/records/15169856/files/STDST_IR_20250218_002.dpt/content
    [ERROR] download https://zenodo.org/api/records/15169856/files/STDST_IR_20250219_050.dpt/content: 429 Client Error: TOO MANY REQUESTS for url: https://zenodo.org/api/records/15169856/files/STDST_IR_20250219_050.dpt/content
    [ERROR] download https://zenodo.org/api/records/15169856/files/STDST_IR_20250219_061.dpt/content: 429 Client Error: TOO MANY REQUESTS for url: https://zenodo.org/api/records/15169856/files/STDST_IR_20250219_061.dpt/content
    [ERROR] download https://zenodo.org/api/records/15169856/files/STDST_IR_20250219_073.dpt/content: 429 Client Error: TOO MANY REQUESTS for url: https://zenodo.org/api/records/15169856/files/STDST_IR_20250219_073.dpt/content
    [ERROR] download https://zenodo.org/api/records/15169856/files/STDST_IR_20250219_015.dpt/content: 429 Client Error: TOO MANY REQUESTS for url: https://zenodo.org/api/records/15169856/files/STDST_IR_20250219_015.dpt/content
    [ERROR] download https://zenodo.org/api/records/15169856/files/STDST_IR_20250219_019.dpt/content: 429 Client Error: TOO MANY REQUESTS for url: https://zenodo.org/api/records/15169856/files/STDST_IR_20250219_019.dpt/content
    [ERROR] download https://zenodo.org/api/records/15169856/files/STDST_IR_20250219_020.dpt/content: 429 Client Error: TOO MANY REQUESTS for url: https://zenodo.org/api/records/15169856/files/STDST_IR_20250219_020.dpt/content
    [ERROR] download https://zenodo.org/api/records/15169856/files/STDST_IR_20250219_066.dpt/content: 429 Client Error: TOO MANY REQUESTS for url: https://zenodo.org/api/records/15169856/files/STDST_IR_20250219_066.dpt/content
  [15169856] 59 media file(s) saved
    [ERROR] download https://zenodo.org/api/records/15169918/files/STDST_XPS_20250402_001.xy/content: 429 Client Error: TOO MANY REQUESTS for url: https://zenodo.org/api/records/15169918/files/STDST_XPS_20250402_001.xy/content
    [ERROR] download https://zenodo.org/api/records/15169918/files/STDST_IR_20250327.rar/content: 429 Client Error: TOO MANY REQUESTS for url: https://zenodo.org/api/records/15169918/files/STDST_IR_20250327.rar/content
    [ERROR] download https://zenodo.org/api/records/15169918/files/STDST_XPS_20250325_003.xy/content: 429 Client Error: TOO MANY REQUESTS for url: https://zenodo.org/api/records/15169918/files/STDST_XPS_20250325_003.xy/content
    [ERROR] download https://zenodo.org/api/records/15169918/files/STDST_XPS_20250324_001.xy/content: 429 Client Error: TOO MANY REQUESTS for url: https://zenodo.org/api/records/15169918/files/STDST_XPS_20250324_001.xy/content
    [ERROR] download https://zenodo.org/api/records/15169918/files/STDST_XPS_20250327_002.xy/content: 429 Client Error: TOO MANY REQUESTS for url: https://zenodo.org/api/records/15169918/files/STDST_XPS_20250327_002.xy/content
    [ERROR] download https://zenodo.org/api/records/15169918/files/STDST_XPS_20250327_001.xy/content: 429 Client Error: TOO MANY REQUESTS for url: https://zenodo.org/api/records/15169918/files/STDST_XPS_20250327_001.xy/content
    [ERROR] download https://zenodo.org/api/records/15169918/files/STDST_IR_20250324.rar/content: 429 Client Error: TOO MANY REQUESTS for url: https://zenodo.org/api/records/15169918/files/STDST_IR_20250324.rar/content
    [ERROR] download https://zenodo.org/api/records/15169918/files/STDST_IR_20250326.rar/content: 429 Client Error: TOO MANY REQUESTS for url: https://zenodo.org/api/records/15169918/files/STDST_IR_20250326.rar/content
    [ERROR] download https://zenodo.org/api/records/15169918/files/STDST_IR_20250328.rar/content: 429 Client Error: TOO MANY REQUESTS for url: https://zenodo.org/api/records/15169918/files/STDST_IR_20250328.rar/content
    [ERROR] download https://zenodo.org/api/records/15169918/files/STDST_XPS_20250325_001.xy/content: 429 Client Error: TOO MANY REQUESTS for url: https://zenodo.org/api/records/15169918/files/STDST_XPS_20250325_001.xy/content
  [15169918] 5 media file(s) saved
  [15170736] 1 media file(s) saved
  [15171361] 1 media file(s) saved
  [15171427] 1 media file(s) saved
  [15171630] 1 media file(s) saved
  [15171724] 1 media file(s) saved
  [15172309] 1 media file(s) saved
  [15172414] 1 media file(s) saved
  [15172833] 1 media file(s) saved
  [15173507] 1 media file(s) saved
  [15174104] 1 media file(s) saved
  [15177903] 1 media file(s) saved
  [15178474] 1 media file(s) saved
  [15178732] 1 media file(s) saved
  [15180184] 1 media file(s) saved
  [15180695] 1 media file(s) saved
  [15181103] 1 media file(s) saved
  [15181849] 1 media file(s) saved
  [15183385] 1 media file(s) saved
  [15185715] 8 media file(s) saved
  [1518789] 1 media file(s) saved
  [15188948] 5 media file(s) saved
  [15192514] 16 media file(s) saved
  [15192516] 14 media file(s) saved
  [15192778] 2 media file(s) saved
  [15194012] 1 media file(s) saved
  [1519833] 1 media file(s) saved
  [15200217] 1 media file(s) saved
  [15209242] 1 media file(s) saved
  [15209257] 1 media file(s) saved
  [15210161] 1 media file(s) saved
  [15210274] 1 media file(s) saved
  [15210388] 1 media file(s) saved
  [15210581] 1 media file(s) saved
  [15210757] 1 media file(s) saved
  [15211618] 1 media file(s) saved
  [15212110] 1 media file(s) saved
  [15212503] 4 media file(s) saved
  [1521750] 1 media file(s) saved
  [1521936] 1 media file(s) saved
  [15220136] 1 media file(s) saved
  [15220237] 1 media file(s) saved
  [15221079] 1 media file(s) saved
  [15221948] 1 media file(s) saved
  [15222182] 1 media file(s) saved
  [15222748] 1 media file(s) saved
  [15223053] 1 media file(s) saved
  [15223456] 6 media file(s) saved
  [15223777] 2 media file(s) saved
  [15223779] 1 media file(s) saved
  [15224441] 1 media file(s) saved
  [15224869] 5 media file(s) saved
  [15227735] 1 media file(s) saved
  [15227865] 1 media file(s) saved
  [15228034] 1 media file(s) saved
  [15228717] 1 media file(s) saved
  [15228861] 1 media file(s) saved
  [15229240] 1 media file(s) saved
  [15229405] 1 media file(s) saved
  [15229803] 7 media file(s) saved
  [15230030] 4 media file(s) saved
  [15230395] 1 media file(s) saved
  [15231219] 1 media file(s) saved
  [15233948] 1 media file(s) saved
  [15233965] 1 media file(s) saved
  [15234349] 1 media file(s) saved
  [15234420] 1 media file(s) saved
  [15234426] 1 media file(s) saved
  [15234713] 1 media file(s) saved
  [15236212] 1 media file(s) saved
  [1523679] 1 media file(s) saved
  [15238617] 1 media file(s) saved
  [15240607] 7 media file(s) saved
  [15241748] 1 media file(s) saved
  [15243182] 1 media file(s) saved
  [15245018] 3 media file(s) saved
  [15246190] 1 media file(s) saved
  [15254291] 1 media file(s) saved
  [15254579] 1 media file(s) saved
  [15254672] 1 media file(s) saved
  [15255549] 1 media file(s) saved
  [15259650] 1 media file(s) saved
  [15260517] 1 media file(s) saved
  [15261201] 1 media file(s) saved
  [15261550] 1 media file(s) saved
  [15263685] 1 media file(s) saved
  [15263820] 1 media file(s) saved
  [1526436] 1 media file(s) saved
  [15265744] 1 media file(s) saved
  [15267271] 1 media file(s) saved
  [15267598] 1 media file(s) saved
  [15268354] 1 media file(s) saved
  [15268723] 1 media file(s) saved
  [15270940] 1 media file(s) saved
  [15274074] 7 media file(s) saved
  [15276028] 2 media file(s) saved
  [15276479] 1 media file(s) saved
  [15276538] 1 media file(s) saved
  [15277418] 1 media file(s) saved
  [15278231] 1 media file(s) saved
  [15280550] 1 media file(s) saved
  [15280719] 1 media file(s) saved
  [15282195] 1 media file(s) saved
  [15283304] 1 media file(s) saved
  [15283306] 1 media file(s) saved
  [15285642] 1 media file(s) saved
  [1528602] 1 media file(s) saved
  [15286158] 1 media file(s) saved
  [15286169] 1 media file(s) saved
  [15286571] 2 media file(s) saved
  [15287147] 3 media file(s) saved
  [15287752] 3 media file(s) saved
  [15288340] 1 media file(s) saved
  [1528848] 1 media file(s) saved
  [15291043] 3 media file(s) saved
  [15291769] 1 media file(s) saved
  [15292636] 1 media file(s) saved
  [15292781] 1 media file(s) saved
  [15293153] 1 media file(s) saved
  [15294326] 1 media file(s) saved
  [15295077] 1 media file(s) saved
  [15296183] 1 media file(s) saved
  [15296525] 1 media file(s) saved
  [15296568] 3 media file(s) saved
  [15296740] 1 media file(s) saved
  [15297156] 1 media file(s) saved
  [15297946] 1 media file(s) saved
  [15299074] 2 media file(s) saved
  [15299465] 1 media file(s) saved
  [15299482] 1 media file(s) saved
  [15300992] 1 media file(s) saved
  [15301644] 1 media file(s) saved
  [15306777] 1 media file(s) saved
  [15308214] 1 media file(s) saved
  [15309419] 1 media file(s) saved
  [15310401] 10 media file(s) saved
  [15310891] 1 media file(s) saved
  [15312225] 1 media file(s) saved
  [15321789] 1 media file(s) saved
  [15322823] 1 media file(s) saved
  [15325245] 1 media file(s) saved
  [15325452] 1 media file(s) saved
  [15328318] 1 media file(s) saved
  [15330521] 2 media file(s) saved
  [15335784] 1 media file(s) saved
  [15337263] 1 media file(s) saved
  [15341801] 1 media file(s) saved
  [15342187] 1 media file(s) saved
  [15342628] 1 media file(s) saved
  [15342643] 1 media file(s) saved
  [15342681] 1 media file(s) saved
  [15344226] 9 media file(s) saved
  [15344915] 1 media file(s) saved
  [15345893] 1 media file(s) saved
  [15346071] 1 media file(s) saved
  [15350886] 1 media file(s) saved
  [15351471] 1 media file(s) saved
  [15355299] 1 media file(s) saved
  [15355451] 1 media file(s) saved
  [15356117] 1 media file(s) saved
  [15356781] 1 media file(s) saved
  [15356807] 1 media file(s) saved
  [15359729] 1 media file(s) saved
  [15361188] 1 media file(s) saved
  [1536323] 1 media file(s) saved
  [15363485] 1 media file(s) saved
  [15364079] 2 media file(s) saved
  [15364403] 4 media file(s) saved
  [15364719] 1 media file(s) saved
  [15366549] 1 media file(s) saved
  [15367237] 1 media file(s) saved
  [15367310] 1 media file(s) saved
  [15370186] 1 media file(s) saved
  [15371730] 1 media file(s) saved
  [15373124] 3 media file(s) saved
  [15374254] 1 media file(s) saved
  [15374625] 1 media file(s) saved
  [15377396] 1 media file(s) saved
  [1537824] 1 media file(s) saved
  [15379508] 1 media file(s) saved
  [15380295] 1 media file(s) saved
  [15380908] 1 media file(s) saved
  [15381353] 1 media file(s) saved
  [15381825] 1 media file(s) saved
  [15382424] 1 media file(s) saved
  [15382820] 1 media file(s) saved
  [15383604] 1 media file(s) saved
  [15383660] 1 media file(s) saved
  [15383680] 1 media file(s) saved
  [1538542] 1 media file(s) saved
  [15387193] 1 media file(s) saved
  [15387241] 1 media file(s) saved
  [15387830] 1 media file(s) saved
  [15388496] 1 media file(s) saved
  [15388969] 1 media file(s) saved
  [15391248] 1 media file(s) saved
  [15392154] 1 media file(s) saved
  [15394513] 1 media file(s) saved
  [15395155] 1 media file(s) saved
  [15395277] 2 media file(s) saved
  [15395760] 1 media file(s) saved
  [15397541] 1 media file(s) saved
  [15399414] 1 media file(s) saved
  [15399420] 1 media file(s) saved
  [15399422] 1 media file(s) saved
  [15399935] 8 media file(s) saved
  [15400532] 1 media file(s) saved
  [15401783] 1 media file(s) saved
  [15403756] 1 media file(s) saved
  [1540407] 1 media file(s) saved
  [154049] 1 media file(s) saved
  [154050] 1 media file(s) saved
  [15406213] 1 media file(s) saved
  [15409] 1 media file(s) saved
  [15421] 1 media file(s) saved
  [15424] 1 media file(s) saved
  [15424163] 1 media file(s) saved
  [15424366] 1 media file(s) saved
  [15425] 1 media file(s) saved
  [15426] 1 media file(s) saved
  [15427357] 1 media file(s) saved
  [15428751] 4 media file(s) saved
  [15428806] 1 media file(s) saved
  [15430172] 1 media file(s) saved
  [15434759] 1 media file(s) saved
  [15436243] 5 media file(s) saved
  [15437520] 1 media file(s) saved
  [15438155] 1 media file(s) saved
  [15441338] 14 media file(s) saved
  [1544408] 1 media file(s) saved
  [15446] 1 media file(s) saved
  [15446508] 1 media file(s) saved
  [15447] 1 media file(s) saved
  [15448] 1 media file(s) saved
  [15448075] 1 media file(s) saved
  [15458600] 1 media file(s) saved
  [15460146] 1 media file(s) saved
  [15460204] 1 media file(s) saved
  [15461274] 1 media file(s) saved
  [15462281] 1 media file(s) saved
  [15462763] 1 media file(s) saved
  [15463007] 1 media file(s) saved
  [15463066] 1 media file(s) saved
  [15463262] 1 media file(s) saved
  [15467129] 1 media file(s) saved
  [15469508] 1 media file(s) saved
  [15469745] 1 media file(s) saved
  [15470840] 1 media file(s) saved
  [15473250] 5 media file(s) saved
  [15474214] 1 media file(s) saved
  [15474307] 1 media file(s) saved
  [15474625] 1 media file(s) saved
    [ERROR] download https://zenodo.org/api/records/15475513/files/E-RADP-thput.xgr/content: 429 Client Error: TOO MANY REQUESTS for url: https://zenodo.org/api/records/15475513/files/E-RADP-thput.xgr/content
    [ERROR] download https://zenodo.org/api/records/15475513/files/DetectionRate.awk/content: 429 Client Error: TOO MANY REQUESTS for url: https://zenodo.org/api/records/15475513/files/DetectionRate.awk/content
    [ERROR] download https://zenodo.org/api/records/15475513/files/MAODV-TP-Rate.xgr/content: 429 Client Error: TOO MANY REQUESTS for url: https://zenodo.org/api/records/15475513/files/MAODV-TP-Rate.xgr/content
    [ERROR] download https://zenodo.org/api/records/15475513/files/PMRA-Nodes-Droppackets.xgr/content: 429 Client Error: TOO MANY REQUESTS for url: https://zenodo.org/api/records/15475513/files/PMRA-Nodes-Droppackets.xgr/content
    [ERROR] download https://zenodo.org/api/records/15475513/files/aodv_packet.h/content: 429 Client Error: TOO MANY REQUESTS for url: https://zenodo.org/api/records/15475513/files/aodv_packet.h/content
    [ERROR] download https://zenodo.org/api/records/15475513/files/PMRA-RNode.tcl/content: 429 Client Error: TOO MANY REQUESTS for url: https://zenodo.org/api/records/15475513/files/PMRA-RNode.tcl/content
    [ERROR] download https://zenodo.org/api/records/15475513/files/RushedNode-Node-thput.xgr/content: 429 Client Error: TOO MANY REQUESTS for url: https://zenodo.org/api/records/15475513/files/RushedNode-Node-thput.xgr/content
    [ERROR] download https://zenodo.org/api/records/15475513/files/aodv_rtable.h/content: 429 Client Error: TOO MANY REQUESTS for url: https://zenodo.org/api/records/15475513/files/aodv_rtable.h/content
    [ERROR] download https://zenodo.org/api/records/15475513/files/PMRA-Detection-Rate.xgr/content: 429 Client Error: TOO MANY REQUESTS for url: https://zenodo.org/api/records/15475513/files/PMRA-Detection-Rate.xgr/content
    [ERROR] download https://zenodo.org/api/records/15475513/files/TP.awk/content: 429 Client Error: TOO MANY REQUESTS for url: https://zenodo.org/api/records/15475513/files/TP.awk/content
    [ERROR] download https://zenodo.org/api/records/15475513/files/PMRA-nam.png/content: 429 Client Error: TOO MANY REQUESTS for url: https://zenodo.org/api/records/15475513/files/PMRA-nam.png/content
    [ERROR] download https://zenodo.org/api/records/15475513/files/E-RADP-FP-Rate.xgr/content: 429 Client Error: TOO MANY REQUESTS for url: https://zenodo.org/api/records/15475513/files/E-RADP-FP-Rate.xgr/content
    [ERROR] download https://zenodo.org/api/records/15475513/files/node.cc/content: 429 Client Error: TOO MANY REQUESTS for url: https://zenodo.org/api/records/15475513/files/node.cc/content
    [ERROR] download https://zenodo.org/api/records/15475513/files/Rnode%20droping%20packet%202.png/content: 429 Client Error: TOO MANY REQUESTS for url: https://zenodo.org/api/records/15475513/files/Rnode%20droping%20packet%202.png/content
    [ERROR] download https://zenodo.org/api/records/15475513/files/Rnode%20droping%20packet.png/content: 429 Client Error: TOO MANY REQUESTS for url: https://zenodo.org/api/records/15475513/files/Rnode%20droping%20packet.png/content
    [ERROR] download https://zenodo.org/api/records/15475513/files/FNR.awk/content: 429 Client Error: TOO MANY REQUESTS for url: https://zenodo.org/api/records/15475513/files/FNR.awk/content
    [ERROR] download https://zenodo.org/api/records/15475513/files/Ns2.35%20configuration%20for%20Rushing%20Attack%20Final/content: 429 Client Error: TOO MANY REQUESTS for url: https://zenodo.org/api/records/15475513/files/Ns2.35%20configuration%20for%20Rushing%20Attack%20Final/content
    [ERROR] download https://zenodo.org/api/records/15475513/files/rushing%20attack%20creation%20steps.txt/content: 429 Client Error: TOO MANY REQUESTS for url: https://zenodo.org/api/records/15475513/files/rushing%20attack%20creation%20steps.txt/content
    [ERROR] download https://zenodo.org/api/records/15475513/files/installation%20profile/content: 429 Client Error: TOO MANY REQUESTS for url: https://zenodo.org/api/records/15475513/files/installation%20profile/content
    [ERROR] download https://zenodo.org/api/records/15475513/files/Sample%20Simulation%20Steps.txt/content: 429 Client Error: TOO MANY REQUESTS for url: https://zenodo.org/api/records/15475513/files/Sample%20Simulation%20Steps.txt/content
    [ERROR] download https://zenodo.org/api/records/15475513/files/MAODV-E2ED-packets-xgr-Screenshot%20from%202021-05-05%2012-24-03.png/content: 429 Client Error: TOO MANY REQUESTS for url: https://zenodo.org/api/records/15475513/files/MAODV-E2ED-packets-xgr-Screenshot%20from%202021-05-05%2012-24-03.png/content
    [ERROR] download https://zenodo.org/api/records/15475513/files/aodv.h/content: 429 Client Error: TOO MANY REQUESTS for url: https://zenodo.org/api/records/15475513/files/aodv.h/content
    [ERROR] download https://zenodo.org/api/records/15475513/files/wireless-phy.cc/content: 429 Client Error: TOO MANY REQUESTS for url: https://zenodo.org/api/records/15475513/files/wireless-phy.cc/content
    [ERROR] download https://zenodo.org/api/records/15475513/files/E-RADP-FN-Rate.xgr/content: 429 Client Error: TOO MANY REQUESTS for url: https://zenodo.org/api/records/15475513/files/E-RADP-FN-Rate.xgr/content
    [ERROR] download https://zenodo.org/api/records/15475513/files/dropped-packets.xgr/content: 429 Client Error: TOO MANY REQUESTS for url: https://zenodo.org/api/records/15475513/files/dropped-packets.xgr/content
    [ERROR] download https://zenodo.org/api/records/15475513/files/aodv.cc/content: 429 Client Error: TOO MANY REQUESTS for url: https://zenodo.org/api/records/15475513/files/aodv.cc/content
    [ERROR] download https://zenodo.org/api/records/15475513/files/wireless-phy.h/content: 429 Client Error: TOO MANY REQUESTS for url: https://zenodo.org/api/records/15475513/files/wireless-phy.h/content
    [ERROR] download https://zenodo.org/api/records/15475513/files/node.h/content: 429 Client Error: TOO MANY REQUESTS for url: https://zenodo.org/api/records/15475513/files/node.h/content
    [ERROR] download https://zenodo.org/api/records/15475513/files/MAODV-E2ED-packets.xgr/content: 429 Client Error: TOO MANY REQUESTS for url: https://zenodo.org/api/records/15475513/files/MAODV-E2ED-packets.xgr/content
    [ERROR] download https://zenodo.org/api/records/15475513/files/aodv_rtable.cc/content: 429 Client Error: TOO MANY REQUESTS for url: https://zenodo.org/api/records/15475513/files/aodv_rtable.cc/content
    [ERROR] download https://zenodo.org/api/records/15475513/files/PMRA-Detection-Rate.tr/content: 429 Client Error: TOO MANY REQUESTS for url: https://zenodo.org/api/records/15475513/files/PMRA-Detection-Rate.tr/content
    [ERROR] download https://zenodo.org/api/records/15475513/files/MAODV-nam.png/content: 429 Client Error: TOO MANY REQUESTS for url: https://zenodo.org/api/records/15475513/files/MAODV-nam.png/content
    [ERROR] download https://zenodo.org/api/records/15475513/files/E-RADP_RNode.tr/content: 429 Client Error: TOO MANY REQUESTS for url: https://zenodo.org/api/records/15475513/files/E-RADP_RNode.tr/content
    [ERROR] download https://zenodo.org/api/records/15475513/files/MAODV.png/content: 429 Client Error: TOO MANY REQUESTS for url: https://zenodo.org/api/records/15475513/files/MAODV.png/content
    [ERROR] download https://zenodo.org/api/records/15475513/files/MAODV-Nodes-e2ed.xgr/content: 429 Client Error: TOO MANY REQUESTS for url: https://zenodo.org/api/records/15475513/files/MAODV-Nodes-e2ed.xgr/content
    [ERROR] download https://zenodo.org/api/records/15475513/files/RNpdr.awk/content: 429 Client Error: TOO MANY REQUESTS for url: https://zenodo.org/api/records/15475513/files/RNpdr.awk/content
    [ERROR] download https://zenodo.org/api/records/15475513/files/Detection.awk/content: 429 Client Error: TOO MANY REQUESTS for url: https://zenodo.org/api/records/15475513/files/Detection.awk/content
    [ERROR] download https://zenodo.org/api/records/15475513/files/E-RADP-RNode.tcl/content: 429 Client Error: TOO MANY REQUESTS for url: https://zenodo.org/api/records/15475513/files/E-RADP-RNode.tcl/content
    [ERROR] download https://zenodo.org/api/records/15475513/files/MAODV-FN-Rate.xgr/content: 429 Client Error: TOO MANY REQUESTS for url: https://zenodo.org/api/records/15475513/files/MAODV-FN-Rate.xgr/content
    [ERROR] download https://zenodo.org/api/records/15475513/files/FP.awk/content: 429 Client Error: TOO MANY REQUESTS for url: https://zenodo.org/api/records/15475513/files/FP.awk/content
    [ERROR] download https://zenodo.org/api/records/15475513/files/E-RADP-TP-Rate.xgr/content: 429 Client Error: TOO MANY REQUESTS for url: https://zenodo.org/api/records/15475513/files/E-RADP-TP-Rate.xgr/content
    [ERROR] download https://zenodo.org/api/records/15475513/files/RushedAODV-Nodes-Droppackets.xgr/content: 429 Client Error: TOO MANY REQUESTS for url: https://zenodo.org/api/records/15475513/files/RushedAODV-Nodes-Droppackets.xgr/content
    [ERROR] download https://zenodo.org/api/records/15475513/files/MAoDV-Node-pdr.xgr/content: 429 Client Error: TOO MANY REQUESTS for url: https://zenodo.org/api/records/15475513/files/MAoDV-Node-pdr.xgr/content
    [ERROR] download https://zenodo.org/api/records/15475513/files/PMRA-TP-Rate.xgr/content: 429 Client Error: TOO MANY REQUESTS for url: https://zenodo.org/api/records/15475513/files/PMRA-TP-Rate.xgr/content
    [ERROR] download https://zenodo.org/api/records/15475513/files/MAODV_RNode.tr/content: 429 Client Error: TOO MANY REQUESTS for url: https://zenodo.org/api/records/15475513/files/MAODV_RNode.tr/content
    [ERROR] download https://zenodo.org/api/records/15475513/files/Npdr.awk/content: 429 Client Error: TOO MANY REQUESTS for url: https://zenodo.org/api/records/15475513/files/Npdr.awk/content
    [ERROR] download https://zenodo.org/api/records/15475513/files/RushedAODV-Nodes-e2ed.xgr/content: 429 Client Error: TOO MANY REQUESTS for url: https://zenodo.org/api/records/15475513/files/RushedAODV-Nodes-e2ed.xgr/content
    [ERROR] download https://zenodo.org/api/records/15475513/files/RNdroppackets.awk/content: 429 Client Error: TOO MANY REQUESTS for url: https://zenodo.org/api/records/15475513/files/RNdroppackets.awk/content
    [ERROR] download https://zenodo.org/api/records/15475513/files/PMRA-Node-pdr.xgr/content: 429 Client Error: TOO MANY REQUESTS for url: https://zenodo.org/api/records/15475513/files/PMRA-Node-pdr.xgr/content
    [ERROR] download https://zenodo.org/api/records/15475513/files/RushedAODV-Node-pdr.xgr/content: 429 Client Error: TOO MANY REQUESTS for url: https://zenodo.org/api/records/15475513/files/RushedAODV-Node-pdr.xgr/content
  [15475513] 28 media file(s) saved
  [15477487] 1 media file(s) saved
  [15478503] 1 media file(s) saved
  [15478966] 1 media file(s) saved
  [15479000] 1 media file(s) saved
  [15480754] 1 media file(s) saved
  [15481134] 1 media file(s) saved
  [15481405] 1 media file(s) saved
  [15486674] 1 media file(s) saved
  [15487107] 11 media file(s) saved
  [15487824] 1 media file(s) saved
  [15487919] 1 media file(s) saved
  [15488704] 21 media file(s) saved
  [15488726] 1 media file(s) saved
  [15488903] 1 media file(s) saved
  [15490752] 25 media file(s) saved
  [15491692] 1 media file(s) saved
  [15491955] 1 media file(s) saved
  [15494909] 1 media file(s) saved
  [15494922] 5 media file(s) saved
  [15497337] 1 media file(s) saved
  [15497339] 1 media file(s) saved
  [15500226] 1 media file(s) saved
  [15505720] 1 media file(s) saved
  [15507313] 1 media file(s) saved
  [155093] 1 media file(s) saved
  [1551044] 1 media file(s) saved
  [15510922] 4 media file(s) saved
  [15511416] 1 media file(s) saved
  [15514739] 3 media file(s) saved
  [15517927] 1 media file(s) saved
  [15520072] 1 media file(s) saved
  [15520237] 2 media file(s) saved
  [15520371] 1 media file(s) saved
  [15521411] 1 media file(s) saved
  [15521777] 1 media file(s) saved
  [15522762] 1 media file(s) saved
  [15523488] 1 media file(s) saved
  [15524849] 1 media file(s) saved
  [15525307] 1 media file(s) saved
  [15526474] 12 media file(s) saved
  [15526797] 12 media file(s) saved
  [15527014] 1 media file(s) saved
  [15527025] 12 media file(s) saved
    [ERROR] download https://zenodo.org/api/records/15527316/files/25L001602_starLog.out/content: 429 Client Error: TOO MANY REQUESTS for url: https://zenodo.org/api/records/15527316/files/25L001602_starLog.out/content
    [ERROR] download https://zenodo.org/api/records/15527316/files/25L001601_starLog.out/content: 429 Client Error: TOO MANY REQUESTS for url: https://zenodo.org/api/records/15527316/files/25L001601_starLog.out/content
  [15527316] 10 media file(s) saved
  [15527376] 4 media file(s) saved
    [ERROR] download https://zenodo.org/api/records/15527494/files/25L001591_starLog.progress.out/content: 429 Client Error: TOO MANY REQUESTS for url: https://zenodo.org/api/records/15527494/files/25L001591_starLog.progress.out/content
    [ERROR] download https://zenodo.org/api/records/15527494/files/25L001589_starLog.out/content: 429 Client Error: TOO MANY REQUESTS for url: https://zenodo.org/api/records/15527494/files/25L001589_starLog.out/content
    [ERROR] download https://zenodo.org/api/records/15527494/files/25L001592_starLog.final.out/content: 429 Client Error: TOO MANY REQUESTS for url: https://zenodo.org/api/records/15527494/files/25L001592_starLog.final.out/content
    [ERROR] download https://zenodo.org/api/records/15527494/files/25L001591_starLog.out/content: 429 Client Error: TOO MANY REQUESTS for url: https://zenodo.org/api/records/15527494/files/25L001591_starLog.out/content
    [ERROR] download https://zenodo.org/api/records/15527494/files/25L001589_starLog.final.out/content: 429 Client Error: TOO MANY REQUESTS for url: https://zenodo.org/api/records/15527494/files/25L001589_starLog.final.out/content
    [ERROR] download https://zenodo.org/api/records/15527494/files/25L001590_starLog.final.out/content: 429 Client Error: TOO MANY REQUESTS for url: https://zenodo.org/api/records/15527494/files/25L001590_starLog.final.out/content
    [ERROR] download https://zenodo.org/api/records/15527494/files/25L001592_starLog.progress.out/content: 429 Client Error: TOO MANY REQUESTS for url: https://zenodo.org/api/records/15527494/files/25L001592_starLog.progress.out/content
  [15527494] 5 media file(s) saved
  Rate limited — sleeping 60s
  [15527704] 14 media file(s) saved
  [15527745] 1 media file(s) saved
  [15527758] 4 media file(s) saved
  [15527874] 1 media file(s) saved
  [15529356] 1 media file(s) saved
  [15529676] 1 media file(s) saved
  [15530240] 21 media file(s) saved
  [15530405] 1 media file(s) saved
  [15531247] 1 media file(s) saved
  [15532642] 1 media file(s) saved
  [15532655] 1 media file(s) saved
  [15532779] 1 media file(s) saved
  [15533606] 1 media file(s) saved
  [1553426] 1 media file(s) saved
  [15534899] 1 media file(s) saved
  [15534931] 1 media file(s) saved
  [15535436] 1 media file(s) saved
  [15535468] 1 media file(s) saved
  [15536561] 1 media file(s) saved
  [15536913] 1 media file(s) saved
  [15537117] 1 media file(s) saved
  [15537251] 1 media file(s) saved
  [15537579] 1 media file(s) saved
  [15538740] 5 media file(s) saved
  [15541803] 1 media file(s) saved
  [15542405] 1 media file(s) saved
  [15543025] 1 media file(s) saved
  [15543027] 1 media file(s) saved
  [15543251] 1 media file(s) saved
  [15544516] 4 media file(s) saved
  [15546193] 1 media file(s) saved
  [15548433] 1 media file(s) saved
  [15550858] 1 media file(s) saved
  [15552391] 1 media file(s) saved
  [15552948] 2 media file(s) saved
  [15553199] 1 media file(s) saved
  [15553263] 1 media file(s) saved
  [15557299] 1 media file(s) saved
  [1555929] 1 media file(s) saved
  [15559419] 1 media file(s) saved
  [1555967] 1 media file(s) saved
  [15560930] 1 media file(s) saved
  [15561073] 1 media file(s) saved
  [15562061] 1 media file(s) saved
  [15562294] 1 media file(s) saved
  [15567077] 1 media file(s) saved
  [15567087] 1 media file(s) saved
  [15567636] 1 media file(s) saved
  [15568656] 1 media file(s) saved
  [15569224] 1 media file(s) saved
  [15569370] 1 media file(s) saved
  [15571135] 1 media file(s) saved
  [15571942] 1 media file(s) saved
  [15573429] 1 media file(s) saved
  [15573683] 1 media file(s) saved
  [15578369] 1 media file(s) saved
  [15579785] 1 media file(s) saved
  [15580249] 1 media file(s) saved
  [15580502] 1 media file(s) saved
  [15580939] 5 media file(s) saved
  [15581157] 1 media file(s) saved
  [15582524] 1 media file(s) saved
  [15583049] 1 media file(s) saved
  [15583597] 1 media file(s) saved
  [15584571] 1 media file(s) saved
  [15584851] 1 media file(s) saved
  [15585853] 1 media file(s) saved
  [15586563] 1 media file(s) saved
  [15587613] 1 media file(s) saved
  [15591259] 1 media file(s) saved
  [15593669] 1 media file(s) saved
  [15593788] 1 media file(s) saved
  [15593840] 1 media file(s) saved
  [15595120] 1 media file(s) saved
  [15596] 1 media file(s) saved
  [15597023] 1 media file(s) saved
  [1559841] 1 media file(s) saved
  [15599040] 1 media file(s) saved
  [15599422] 1 media file(s) saved
  [15605865] 1 media file(s) saved
  [15606928] 1 media file(s) saved
  [15607765] 1 media file(s) saved
  [15608700] 1 media file(s) saved
  [15608786] 1 media file(s) saved
  [15608801] 1 media file(s) saved
  [1560969] 1 media file(s) saved
  [15611036] 1 media file(s) saved
  [15611037] 1 media file(s) saved
  [15611709] 1 media file(s) saved
  [15612202] 1 media file(s) saved
  [15614004] 1 media file(s) saved
  [15614109] 1 media file(s) saved
  [15615521] 1 media file(s) saved
  [15616045] 9 media file(s) saved
  [15617265] 4 media file(s) saved
  [15620371] 1 media file(s) saved
  [1562108] 1 media file(s) saved
  [15621643] 1 media file(s) saved
  [15621785] 1 media file(s) saved
  [15622368] 1 media file(s) saved
  [15622934] 1 media file(s) saved
  [15623529] 2 media file(s) saved
  [15624204] 1 media file(s) saved
  [15624304] 1 media file(s) saved
  [15625193] 4 media file(s) saved
  [15630115] 1 media file(s) saved
  [1563210] 1 media file(s) saved
  [15632161] 3 media file(s) saved
  [15634725] 1 media file(s) saved
  [15636461] 1 media file(s) saved
  [15636463] 1 media file(s) saved
  [15637631] 1 media file(s) saved
  [15637645] 1 media file(s) saved
  [15637655] 1 media file(s) saved
  [1563931] 1 media file(s) saved
  [15639686] 4 media file(s) saved
  [15641438] 2 media file(s) saved
  [15641749] 1 media file(s) saved
  [15641839] 2 media file(s) saved
  [15642295] 1 media file(s) saved
  [15642738] 1 media file(s) saved
  [15644323] 1 media file(s) saved
  [15645421] 1 media file(s) saved
  [15645925] 1 media file(s) saved
  [15647482] 1 media file(s) saved
  [15648155] 1 media file(s) saved
  [15648997] 1 media file(s) saved
  [15649466] 1 media file(s) saved
  [15649854] 1 media file(s) saved
  [15653742] 1 media file(s) saved
  [15654977] 1 media file(s) saved
  [15655043] 1 media file(s) saved
  [15655601] 1 media file(s) saved
  [15656267] 1 media file(s) saved
  [15657634] 1 media file(s) saved
  [15661295] 1 media file(s) saved
  [15661301] 1 media file(s) saved
  [15662530] 1 media file(s) saved
  [15662560] 1 media file(s) saved
  [15666003] 1 media file(s) saved
  [15667110] 1 media file(s) saved
  [15672619] 1 media file(s) saved
  [15672626] 1 media file(s) saved
  [15672684] 1 media file(s) saved
  [15673552] 1 media file(s) saved
  [15675529] 1 media file(s) saved
  [1567595] 1 media file(s) saved
  [15676159] 8 media file(s) saved
  [15677964] 1 media file(s) saved
  [15679909] 1 media file(s) saved
  [15679917] 1 media file(s) saved
  [15679974] 1 media file(s) saved
  [15680107] 1 media file(s) saved
  [15680307] 1 media file(s) saved
  [15680459] 1 media file(s) saved
  [15680478] 1 media file(s) saved
  [15680781] 1 media file(s) saved
  [15681565] 1 media file(s) saved
  [15681842] 1 media file(s) saved
  [15682829] 1 media file(s) saved
  [15683401] 1 media file(s) saved
  [15684264] 1 media file(s) saved
  [15686274] 1 media file(s) saved
  [15688067] 4 media file(s) saved
  [15688634] 1 media file(s) saved
  [15688715] 1 media file(s) saved
  [15690901] 36 media file(s) saved
  [15694464] 1 media file(s) saved
  [15696076] 1 media file(s) saved
  [15696638] 1 media file(s) saved
  [15696655] 1 media file(s) saved
  [15698962] 1 media file(s) saved
  [15700390] 1 media file(s) saved
  [15705306] 1 media file(s) saved
  [15705883] 1 media file(s) saved
  [15709685] 2 media file(s) saved
  [15709978] 1 media file(s) saved
  [15713] 1 media file(s) saved
  [15713335] 1 media file(s) saved
  [15714260] 1 media file(s) saved
  [15715] 1 media file(s) saved
  [15715913] 1 media file(s) saved
  [15718470] 1 media file(s) saved
  [15719558] 1 media file(s) saved
  [15720394] 1 media file(s) saved
  [1572097] 1 media file(s) saved
  [15722492] 1 media file(s) saved
  [15724019] 1 media file(s) saved
  [15726265] 1 media file(s) saved
  [15726572] 1 media file(s) saved
  [15727512] 1 media file(s) saved
  [15729360] 1 media file(s) saved
  [15730189] 5 media file(s) saved
  [15730765] 1 media file(s) saved
  [15732509] 1 media file(s) saved
  [15734672] 1 media file(s) saved
  [15735135] 1 media file(s) saved
  [15735812] 1 media file(s) saved
  [15737082] 1 media file(s) saved
  [15738225] 1 media file(s) saved
  [15741044] 29 media file(s) saved
  [15742088] 1 media file(s) saved
  [15743809] 2 media file(s) saved
  [15745745] 1 media file(s) saved
  [15748474] 5 media file(s) saved
  [1574905] 1 media file(s) saved
  [15750996] 1 media file(s) saved
  [15753650] 1 media file(s) saved
  [15754605] 1 media file(s) saved
  [15755208] 1 media file(s) saved
  [15755212] 1 media file(s) saved
  [15755666] 1 media file(s) saved
  [15756163] 1 media file(s) saved
  [15757975] 1 media file(s) saved
  [15758424] 1 media file(s) saved
  [15761904] 1 media file(s) saved
  [15762531] 1 media file(s) saved
  [15763437] 2 media file(s) saved
  [15763856] 1 media file(s) saved
  [15764959] 7 media file(s) saved
  [15766255] 1 media file(s) saved
  [15770193] 33 media file(s) saved
  [15770605] 1 media file(s) saved
  [15772036] 1 media file(s) saved
  [15772077] 5 media file(s) saved
  [15772347] 1 media file(s) saved
  [15772590] 16 media file(s) saved
  [15776801] 1 media file(s) saved
  [15778932] 1 media file(s) saved
  [15782080] 1 media file(s) saved
  [15783182] 1 media file(s) saved
  [15784859] 1 media file(s) saved
  [15787032] 1 media file(s) saved
  [15789000] 1 media file(s) saved
  [15789610] 1 media file(s) saved
  [15789697] 1 media file(s) saved
  [15791613] 1 media file(s) saved
  [15792281] 2 media file(s) saved
  [15792375] 1 media file(s) saved
  [15794986] 1 media file(s) saved
  [15799159] 1 media file(s) saved
  [15799480] 1 media file(s) saved
  [1579956] 1 media file(s) saved
  [15799666] 1 media file(s) saved
  [15799788] 1 media file(s) saved
  [15801576] 4 media file(s) saved
  [15801849] 1 media file(s) saved
  [15803160] 1 media file(s) saved
  [15804005] 1 media file(s) saved
  [15804202] 3 media file(s) saved
  [15806913] 1 media file(s) saved
  [15808074] 1 media file(s) saved
  [15809057] 1 media file(s) saved
  [15809175] 1 media file(s) saved
  [15811347] 1 media file(s) saved
  [15811703] 1 media file(s) saved
  [15811792] 1 media file(s) saved
  [15811936] 1 media file(s) saved
  [15814820] 2 media file(s) saved
  [15814973] 1 media file(s) saved
  [1581639] 1 media file(s) saved
  [15817710] 1 media file(s) saved
  [15817966] 1 media file(s) saved
  [1581809] 1 media file(s) saved
  [15822836] 1 media file(s) saved
  [15825950] 1 media file(s) saved
  [15826625] 1 media file(s) saved
  [15828559] 1 media file(s) saved
  [15828719] 1 media file(s) saved
  [15829164] 6 media file(s) saved
  [15834898] 1 media file(s) saved
  [15834976] 1 media file(s) saved
  [15835907] 1 media file(s) saved
  [15837191] 6 media file(s) saved
  [15847775] 1 media file(s) saved
  [15847835] 1 media file(s) saved
  [15848240] 1 media file(s) saved
  [15848377] 1 media file(s) saved
  [1584880] 1 media file(s) saved
  [15848962] 1 media file(s) saved
  [15848989] 1 media file(s) saved
  [15850123] 1 media file(s) saved
  [15850413] 1 media file(s) saved
  [15851133] 1 media file(s) saved
  [15851691] 1 media file(s) saved
  [15853713] 1 media file(s) saved
  [15854205] 1 media file(s) saved
  [15855261] 1 media file(s) saved
  [15857288] 14 media file(s) saved
  [15857518] 1 media file(s) saved
  [15860515] 1 media file(s) saved
  [15861109] 1 media file(s) saved
  [15863] 1 media file(s) saved
  [15863364] 1 media file(s) saved
  [15864443] 1 media file(s) saved
  [15868] 1 media file(s) saved
  [15868882] 3 media file(s) saved
  [15870302] 1 media file(s) saved
  [15872218] 1 media file(s) saved
  [15873183] 1 media file(s) saved
  [15874381] 2 media file(s) saved
  [15874601] 1 media file(s) saved
  [15876467] 1 media file(s) saved
  [1587748] 1 media file(s) saved
  [15877651] 1 media file(s) saved
  [15878127] 1 media file(s) saved
  [15878794] 1 media file(s) saved
  [15879296] 1 media file(s) saved
  [1588436] 1 media file(s) saved
  [15893] 1 media file(s) saved
  [15895] 1 media file(s) saved
  [1589911] 1 media file(s) saved
  [15904726] 1 media file(s) saved
  [15910831] 1 media file(s) saved
  [15918] 1 media file(s) saved
  [15920] 1 media file(s) saved
  [15927920] 1 media file(s) saved
  [15941975] 1 media file(s) saved
  [15945185] 38 media file(s) saved
  [15950466] 1 media file(s) saved
  [15960607] 1 media file(s) saved
  [15960815] 1 media file(s) saved
  [15961509] 1 media file(s) saved
  [15961780] 1 media file(s) saved
  [15963941] 1 media file(s) saved
  [15965480] 1 media file(s) saved
  [15976] 1 media file(s) saved
  [15977325] 1 media file(s) saved
  [15978361] 1 media file(s) saved
  [15978502] 1 media file(s) saved
  [15979342] 1 media file(s) saved
  [15983958] 1 media file(s) saved
    [ERROR] download https://zenodo.org/api/records/160071/files/13068_2016_605_MOESM1_ESM.pdf/content: HTTPSConnectionPool(host='zenodo.org', port=443): Read timed out.
  [160071] 2 media file(s) saved
  [16007564] 1 media file(s) saved
  [160081] 3 media file(s) saved
  [160082] 8 media file(s) saved
  [16008435] 1 media file(s) saved
    [ERROR] download https://zenodo.org/api/records/1602035/files/article.pdf/content: HTTPSConnectionPool(host='zenodo.org', port=443): Read timed out.
    [ERROR] download https://zenodo.org/api/records/16023487/files/bhlpart86118.pdf/content: HTTPSConnectionPool(host='zenodo.org', port=443): Read timed out.
    [ERROR] download https://zenodo.org/api/records/16026563/files/rt-lamp-for-byv-detection-d6929h8e.pdf/content: HTTPSConnectionPool(host='zenodo.org', port=443): Read timed out.
  [16032312] 1 media file(s) saved
  [16033062] 1 media file(s) saved
  [16033781] 1 media file(s) saved
  [1604010] 1 media file(s) saved
  [16040251] 1 media file(s) saved
  [16040371] 1 media file(s) saved
  [16044710] 1 media file(s) saved
  [16045508] 1 media file(s) saved
  [16046194] 1 media file(s) saved
  [16054136] 1 media file(s) saved
  [16059] 1 media file(s) saved
  [16061] 1 media file(s) saved
  [16079] 1 media file(s) saved
  [16081182] 1 media file(s) saved
  [16081430] 1 media file(s) saved
  [160860] 1 media file(s) saved
  [160867] 1 media file(s) saved
  [16088204] 8 media file(s) saved
  [16098584] 1 media file(s) saved
  [16099562] 1 media file(s) saved
  [16101752] 15 media file(s) saved
  [16103065] 1 media file(s) saved
  [16103119] 1 media file(s) saved
  [16104302] 4 media file(s) saved
  [16115172] 4 media file(s) saved
  [16115947] 1 media file(s) saved
  [161247] 2 media file(s) saved
  [16133576] 1 media file(s) saved
  [1613576] 1 media file(s) saved
  [1614158] 1 media file(s) saved
  [16143757] 1 media file(s) saved
  [161442] 1 media file(s) saved
  [16146409] 1 media file(s) saved
  [16146411] 1 media file(s) saved
  [161671] 1 media file(s) saved
  [16167280] 1 media file(s) saved
  [16194846] 1 media file(s) saved
  [16194850] 1 media file(s) saved
  [16198518] 1 media file(s) saved
  [16203033] 1 media file(s) saved
  [1620683] 1 media file(s) saved
  [1620747] 1 media file(s) saved
  [1620773] 1 media file(s) saved
  [1620793] 1 media file(s) saved
  [1623869] 1 media file(s) saved
  [16241178] 8 media file(s) saved
  [16249] 1 media file(s) saved
  [16253229] 2 media file(s) saved
  [16256271] 1 media file(s) saved
  [16261] 1 media file(s) saved
  [16262901] 1 media file(s) saved
  [16263140] 1 media file(s) saved
  [16265050] 1 media file(s) saved
  [16266] 1 media file(s) saved
  [16266009] 1 media file(s) saved
  [16267129] 1 media file(s) saved
  [162688] 1 media file(s) saved
  [162692] 1 media file(s) saved
  [162748] 1 media file(s) saved
  [16285650] 1 media file(s) saved
  [1628747] 1 media file(s) saved
  [16294101] 1 media file(s) saved
  [16309] 1 media file(s) saved
  [16310] 1 media file(s) saved
  [16312] 1 media file(s) saved
  [16312302] 1 media file(s) saved
  [16314892] 1 media file(s) saved
  [16315] 1 media file(s) saved
  [16316045] 1 media file(s) saved
  [16316571] 1 media file(s) saved
  [16326001] 1 media file(s) saved
  [16326422] 1 media file(s) saved
  [16328756] 1 media file(s) saved
  [16346216] 1 media file(s) saved
  [16346470] 1 media file(s) saved
  [16351991] 1 media file(s) saved
  [16352811] 1 media file(s) saved
  [16353] 1 media file(s) saved
  [16355047] 1 media file(s) saved
  [16357792] 1 media file(s) saved
  [16362099] 5 media file(s) saved
  [16362379] 1 media file(s) saved
  [16366824] 1 media file(s) saved
  [16367102] 1 media file(s) saved
  [1637197] 1 media file(s) saved
  [1637599] 1 media file(s) saved
  [1640020] 1 media file(s) saved
  [16405659] 1 media file(s) saved
  [16411157] 2 media file(s) saved
  [1641192] 1 media file(s) saved
  [16412541] 1 media file(s) saved
  [16412862] 1 media file(s) saved
  [16412994] 1 media file(s) saved
  [16413125] 1 media file(s) saved
  [16413884] 2 media file(s) saved
  [16414347] 1 media file(s) saved
  [16416930] 1 media file(s) saved
  [16417596] 1 media file(s) saved
  [16418610] 1 media file(s) saved
  [16418647] 1 media file(s) saved
  [16419014] 1 media file(s) saved
  [16419282] 1 media file(s) saved
  [16419626] 2 media file(s) saved
  [16421293] 1 media file(s) saved
  [16421630] 1 media file(s) saved
  [16423113] 2 media file(s) saved
  [16423314] 1 media file(s) saved
  [1642506] 1 media file(s) saved
  [16429] 1 media file(s) saved
  [1643132] 1 media file(s) saved
  [16436279] 1 media file(s) saved
  [16436805] 1 media file(s) saved
  [16438644] 1 media file(s) saved
  [164396] 1 media file(s) saved
  [16452149] 1 media file(s) saved
  [1645815] 1 media file(s) saved
  [16459] 1 media file(s) saved
  [16461365] 1 media file(s) saved
  [16477381] 1 media file(s) saved
  [16479580] 1 media file(s) saved
  [164811] 4 media file(s) saved
  [16481705] 2 media file(s) saved
  [164863] 1 media file(s) saved
  [16493734] 1 media file(s) saved
  [164953] 6 media file(s) saved
  [16498582] 1 media file(s) saved
  [16500] 1 media file(s) saved
  [1650133] 1 media file(s) saved
  [16502] 1 media file(s) saved
  [16503] 1 media file(s) saved
  [1650427] 1 media file(s) saved
  [1650801] 1 media file(s) saved
  [16517520] 3 media file(s) saved
  [1652419] 1 media file(s) saved
  [16526218] 1 media file(s) saved
  [16526668] 1 media file(s) saved
  [16531271] 1 media file(s) saved
  [16537483] 6 media file(s) saved
  [16538311] 1 media file(s) saved
  [165471] 1 media file(s) saved
  [16550828] 1 media file(s) saved
  [16561325] 1 media file(s) saved
  [16561545] 1 media file(s) saved
  [16564195] 1 media file(s) saved
  [16567] 1 media file(s) saved
  [16568] 1 media file(s) saved
  [16568567] 1 media file(s) saved
  [16568581] 1 media file(s) saved
  [1656959] 1 media file(s) saved
  [16570] 1 media file(s) saved
  [16571019] 1 media file(s) saved
  [165754] 1 media file(s) saved
  [16575692] 3 media file(s) saved
  [16575812] 3 media file(s) saved
  [165761] 1 media file(s) saved
  [16580270] 1 media file(s) saved
  [1658899] 1 media file(s) saved
  [165909] 1 media file(s) saved
  [16594862] 1 media file(s) saved
  [1660087] 1 media file(s) saved
  [16601844] 1 media file(s) saved
  [16603233] 4 media file(s) saved
  [16605984] 3 media file(s) saved
  [16610358] 2 media file(s) saved
  [16614640] 1 media file(s) saved
  [16614937] 1 media file(s) saved
  [16619980] 2 media file(s) saved
  [16621] 1 media file(s) saved
  [16621683] 1 media file(s) saved
  [16622] 1 media file(s) saved
  [16624] 1 media file(s) saved
  [16629169] 1 media file(s) saved
  [16629185] 1 media file(s) saved
  [16629191] 1 media file(s) saved
  [16629193] 1 media file(s) saved
  [16629195] 1 media file(s) saved
  [16629197] 1 media file(s) saved
  [16629205] 1 media file(s) saved
  [16629215] 1 media file(s) saved
  [16629219] 1 media file(s) saved
  [16629221] 1 media file(s) saved
  [16629223] 1 media file(s) saved
  [16629227] 1 media file(s) saved
  [16631] 1 media file(s) saved
  [16631209] 1 media file(s) saved
  [16631234] 1 media file(s) saved
  [16632] 1 media file(s) saved
  [16635] 1 media file(s) saved
  [16638584] 1 media file(s) saved
  [166409] 2 media file(s) saved
  [1664333] 1 media file(s) saved
  [16645376] 1 media file(s) saved
  [16648999] 1 media file(s) saved
  [16649] 1 media file(s) saved
  [16656680] 1 media file(s) saved
  [16658822] 1 media file(s) saved
  [16671317] 1 media file(s) saved
  [16674390] 1 media file(s) saved
  [16674836] 3 media file(s) saved
  [16676345] 1 media file(s) saved
  [1667847] 1 media file(s) saved
  [16678731] 1 media file(s) saved
  [1668295] 1 media file(s) saved
  [16685629] 1 media file(s) saved
  [166859] 1 media file(s) saved
  [1668989] 1 media file(s) saved
  [16690374] 1 media file(s) saved
  [1669207] 1 media file(s) saved
  [16695026] 1 media file(s) saved
  [1669729] 1 media file(s) saved
  [16697314] 1 media file(s) saved
  [167006] 1 media file(s) saved
  [1670067] 1 media file(s) saved
  [1670584] 1 media file(s) saved
  [1671075] 1 media file(s) saved
  [16721504] 1 media file(s) saved
  [16728359] 1 media file(s) saved
  [16728889] 1 media file(s) saved
  [16729482] 1 media file(s) saved
  [16730867] 1 media file(s) saved
  [16730947] 24 media file(s) saved
  [16730989] 1 media file(s) saved
  [16732927] 17 media file(s) saved
  [16734370] 1 media file(s) saved
  [16735015] 1 media file(s) saved
  [16735296] 1 media file(s) saved
  [16735382] 1 media file(s) saved
  [16737051] 1 media file(s) saved
  [16738524] 2 media file(s) saved
  [16738589] 2 media file(s) saved
  [16738679] 2 media file(s) saved
  [16738688] 3 media file(s) saved
  [16738699] 3 media file(s) saved
  [16738761] 3 media file(s) saved
  [16738765] 3 media file(s) saved
  [16738771] 5 media file(s) saved
  [16738774] 5 media file(s) saved
  [16739035] 1 media file(s) saved
  [16740584] 1 media file(s) saved
  [16740778] 1 media file(s) saved
  [16743044] 1 media file(s) saved
  [16743185] 1 media file(s) saved
  [16743581] 1 media file(s) saved
  [1674404] 1 media file(s) saved
  [16746859] 1 media file(s) saved
  [16747562] 1 media file(s) saved
  [16747720] 91 media file(s) saved
  [16747756] 2 media file(s) saved
  [167489] 1 media file(s) saved
  [16748956] 1 media file(s) saved
  [16749] 1 media file(s) saved
  [16750052] 5 media file(s) saved
  [16751] 1 media file(s) saved
  [16751776] 3 media file(s) saved
  [16752] 1 media file(s) saved
  [16752220] 1 media file(s) saved
  [16752828] 1 media file(s) saved
  [16752871] 1 media file(s) saved
  [16753208] 1 media file(s) saved
  [16754649] 1 media file(s) saved
  [16758317] 1 media file(s) saved
  [16761502] 3 media file(s) saved
  [16762457] 1 media file(s) saved
  [16764233] 1 media file(s) saved
  [16765] 1 media file(s) saved
  [16766] 1 media file(s) saved
  [1676801] 1 media file(s) saved
  [16777] 1 media file(s) saved
  [16777109] 1 media file(s) saved
  [16777716] 1 media file(s) saved
  [16777925] 1 media file(s) saved
  [16778] 1 media file(s) saved
  [16778120] 1 media file(s) saved
  [16778424] 1 media file(s) saved
  [16782637] 2 media file(s) saved
  [16784649] 1 media file(s) saved
  [16784910] 1 media file(s) saved
  [16785338] 1 media file(s) saved
  [16786915] 4 media file(s) saved
  [16787022] 1 media file(s) saved
  [16788700] 1 media file(s) saved
  [1678901] 1 media file(s) saved
    [ERROR] download https://zenodo.org/api/records/16790274/files/Molecular%20Characterization%20of%20Edible%20Aroids%20Growing%20in%20Parts%20of%20Rivers%20State.pdf/content: HTTPSConnectionPool(host='zenodo.org', port=443): Read timed out.
  [16790583] 1 media file(s) saved
  [16792873] 1 media file(s) saved
  [16793956] 1 media file(s) saved
  [16794696] 1 media file(s) saved
  [16795768] 1 media file(s) saved
  [16797533] 1 media file(s) saved
  [1680595] 1 media file(s) saved
  [16808] 1 media file(s) saved
  [16809] 1 media file(s) saved
  [16809132] 1 media file(s) saved
  [16810725] 1 media file(s) saved
  [16810867] 12 media file(s) saved
  [16811133] 1 media file(s) saved
  [16811928] 1 media file(s) saved
  [16812333] 1 media file(s) saved
  [16812789] 1 media file(s) saved
  [16812914] 1 media file(s) saved
  [16814362] 4 media file(s) saved
  [16820900] 1 media file(s) saved
  [168234] 1 media file(s) saved
  [16826155] 15 media file(s) saved
  [1682748] 1 media file(s) saved
  [16830564] 1 media file(s) saved
    [ERROR] download https://zenodo.org/api/records/168307/files/figure.png/content: HTTPSConnectionPool(host='zenodo.org', port=443): Read timed out.
  [16831702] 1 media file(s) saved
  [16832817] 1 media file(s) saved
  [16832821] 1 media file(s) saved
  [16832907] 1 media file(s) saved
  [16836147] 2 media file(s) saved
  [16842143] 1 media file(s) saved
  [1684274] 1 media file(s) saved
  [168439] 1 media file(s) saved
  [16844288] 1 media file(s) saved
  [16844921] 1 media file(s) saved
  [16847693] 1 media file(s) saved
  [16850201] 1 media file(s) saved
  [16851494] 1 media file(s) saved
  [16852658] 1 media file(s) saved
  [16854425] 13 media file(s) saved
  [16871070] 1 media file(s) saved
  [16874904] 1 media file(s) saved
  [16874922] 1 media file(s) saved
  [16875172] 1 media file(s) saved
  [16875648] 1 media file(s) saved
  [1687744] 1 media file(s) saved
  [16880201] 1 media file(s) saved
  [16880576] 1 media file(s) saved
  [16882585] 1 media file(s) saved
  [16883817] 1 media file(s) saved
  [16884124] 1 media file(s) saved
  [16884513] 3 media file(s) saved
  [16884711] 1 media file(s) saved
  [16885150] 2 media file(s) saved
  [16885454] 1 media file(s) saved
  [16886163] 1 media file(s) saved
  [16886317] 1 media file(s) saved
  [16886812] 82 media file(s) saved
  [16888109] 1 media file(s) saved
  [16888994] 1 media file(s) saved
  [16889517] 1 media file(s) saved
  [16889881] 9 media file(s) saved
  [16889911] 1 media file(s) saved
  [16890819] 1 media file(s) saved
  [16891208] 1 media file(s) saved
  [16892149] 1 media file(s) saved
  [16892201] 1 media file(s) saved
  [16892241] 1 media file(s) saved
  [16893730] 3 media file(s) saved
  [16900285] 1 media file(s) saved
  [16901769] 1 media file(s) saved
  [16902923] 1 media file(s) saved
  [16903098] 1 media file(s) saved
  [16903350] 1 media file(s) saved
  [16904998] 1 media file(s) saved
  [16906462] 1 media file(s) saved
  [16907360] 1 media file(s) saved
  [16907876] 1 media file(s) saved
  [16908481] 1 media file(s) saved
  [16910431] 1 media file(s) saved
  [1691082] 1 media file(s) saved
  [16911163] 2 media file(s) saved
  [16911416] 1 media file(s) saved
  [16912070] 1 media file(s) saved
  [16912073] 1 media file(s) saved
  [16912075] 1 media file(s) saved
  [16912083] 1 media file(s) saved
  [16912085] 1 media file(s) saved
  [16912087] 1 media file(s) saved
  [169134] 1 media file(s) saved
  [16913638] 1 media file(s) saved
  [16913642] 1 media file(s) saved
  [16915356] 29 media file(s) saved
  [16915482] 1 media file(s) saved
  [16917173] 1 media file(s) saved
  [16917494] 1 media file(s) saved
  [16918207] 1 media file(s) saved
  [16919354] 1 media file(s) saved
  [16920741] 11 media file(s) saved
  [1692080] 1 media file(s) saved
  [16923328] 1 media file(s) saved
  [16923376] 1 media file(s) saved
  [16926314] 1 media file(s) saved
  [16927614] 1 media file(s) saved
  [16927664] 1 media file(s) saved
  [16930797] 1 media file(s) saved
  [16930885] 1 media file(s) saved
  [16931668] 1 media file(s) saved
  [16931833] 1 media file(s) saved
  [16931910] 1 media file(s) saved
  [16932102] 1 media file(s) saved
  [16932627] 1 media file(s) saved
  [1693402] 1 media file(s) saved
  [16934729] 1 media file(s) saved
  [16935066] 1 media file(s) saved
  [16936003] 1 media file(s) saved
  [16939200] 1 media file(s) saved
  [16941222] 1 media file(s) saved
  [16942527] 3 media file(s) saved
  [16943260] 1 media file(s) saved
  [16943417] 5 media file(s) saved
  [16943721] 1 media file(s) saved
  [16944160] 1 media file(s) saved
  [16944391] 1 media file(s) saved
  [16944438] 1 media file(s) saved
  [16946707] 1 media file(s) saved
  [16947252] 1 media file(s) saved
  [16947305] 1 media file(s) saved
  [16947911] 4 media file(s) saved
  [16948345] 1 media file(s) saved
  [16949286] 1 media file(s) saved
  [16950233] 8 media file(s) saved
  [16952] 1 media file(s) saved
  [16953123] 1 media file(s) saved
  [16954014] 1 media file(s) saved
  [16955398] 2 media file(s) saved
  [16955635] 1 media file(s) saved
  [16955824] 1 media file(s) saved
  [16957171] 1 media file(s) saved
  [16958209] 1 media file(s) saved
  [16959462] 1 media file(s) saved
  [16959599] 1 media file(s) saved
  [16960105] 1 media file(s) saved
  [16963220] 1 media file(s) saved
  [16963222] 1 media file(s) saved
  [16964045] 1 media file(s) saved
  [16966724] 30 media file(s) saved
  [16967976] 1 media file(s) saved
  [16969933] 1 media file(s) saved
  [16969935] 1 media file(s) saved
  [16970566] 1 media file(s) saved
  [16971710] 1 media file(s) saved
  [16972280] 1 media file(s) saved
  [16974593] 1 media file(s) saved
  [16978045] 1 media file(s) saved
  [1697926] 1 media file(s) saved
  [16979664] 1 media file(s) saved
  [16981198] 1 media file(s) saved
  [16982650] 1 media file(s) saved
  [16983696] 5 media file(s) saved
  [16983862] 1 media file(s) saved
  [1698511] 1 media file(s) saved
  [16985584] 1 media file(s) saved
  [16985820] 1 media file(s) saved
  [16985894] 1 media file(s) saved
  [16986976] 1 media file(s) saved
  [16990825] 1 media file(s) saved
  [16991086] 1 media file(s) saved
  [16992444] 5 media file(s) saved
  [16993085] 1 media file(s) saved
  [16993168] 1 media file(s) saved
  [16994108] 7 media file(s) saved
  [16994203] 1 media file(s) saved
  [16994399] 1 media file(s) saved
  [16994565] 6 media file(s) saved
  [16995372] 7 media file(s) saved
  [16995875] 1 media file(s) saved
  [17000944] 1 media file(s) saved
  [17000987] 1 media file(s) saved
  [17000999] 1 media file(s) saved
  [17001001] 1 media file(s) saved
  [17001003] 1 media file(s) saved
  [17001107] 1 media file(s) saved
  [17001137] 18 media file(s) saved
  [17001246] 1 media file(s) saved
  [17001473] 1 media file(s) saved
  [17001475] 1 media file(s) saved
  [17001524] 1 media file(s) saved
  [17002947] 1 media file(s) saved
  [17003399] 1 media file(s) saved
  [17003726] 1 media file(s) saved
  [17005002] 1 media file(s) saved
  [1700814] 1 media file(s) saved
  [17009767] 1 media file(s) saved
  [17011582] 1 media file(s) saved
  [17015362] 1 media file(s) saved
  [17017862] 1 media file(s) saved
  [17017953] 12 media file(s) saved
  [17018269] 1 media file(s) saved
  [17019410] 1 media file(s) saved
  [17019629] 1 media file(s) saved
  [17019775] 1 media file(s) saved
  [17020223] 1 media file(s) saved
  [17020230] 1 media file(s) saved
  [17020985] 1 media file(s) saved
  [1702119] 1 media file(s) saved
  [17022308] 1 media file(s) saved
  [17022926] 1 media file(s) saved
  [17023517] 4 media file(s) saved
  [1702478] 1 media file(s) saved
  [17024944] 1 media file(s) saved
  [17035793] 2 media file(s) saved
  [17036598] 1 media file(s) saved
  [17038126] 16 media file(s) saved
  [17038488] 1 media file(s) saved
  [17041418] 1 media file(s) saved
  [17043809] 1 media file(s) saved
  [17043811] 1 media file(s) saved
  [17044535] 1 media file(s) saved
  [17045153] 1 media file(s) saved
  [17045181] 1 media file(s) saved
  [17045403] 1 media file(s) saved
  [17046019] 2 media file(s) saved
  [17046732] 1 media file(s) saved
  [17048004] 3 media file(s) saved
  [17048133] 1 media file(s) saved
  [17048135] 2 media file(s) saved
  [17050727] 1 media file(s) saved
  [17050785] 1 media file(s) saved
  [17052797] 1 media file(s) saved
  [17052819] 1 media file(s) saved
  [17054561] 1 media file(s) saved
  [17055095] 3 media file(s) saved
  [17058652] 1 media file(s) saved
  [17060809] 1 media file(s) saved
  [17061237] 1 media file(s) saved
  [17064150] 1 media file(s) saved
  [17064488] 1 media file(s) saved
  [17064560] 4 media file(s) saved
  [17065547] 2 media file(s) saved
  [1706680] 1 media file(s) saved
  [17067055] 1 media file(s) saved
  [17067217] 1 media file(s) saved
  [17067554] 1 media file(s) saved
  [17068022] 1 media file(s) saved
  [17069579] 1 media file(s) saved
  [17071] 1 media file(s) saved
  [17071523] 1 media file(s) saved
  [17073859] 1 media file(s) saved
  [17073919] 5 media file(s) saved
  [17076235] 1 media file(s) saved
  [17076423] 1 media file(s) saved
  [17077015] 1 media file(s) saved
  [17080074] 1 media file(s) saved
  [17080215] 1 media file(s) saved
  [17080399] 4 media file(s) saved
  [17081182] 1 media file(s) saved
  [17082879] 1 media file(s) saved
  [17083592] 1 media file(s) saved
  [17086238] 1 media file(s) saved
  [17087880] 1 media file(s) saved
  [17092363] 1 media file(s) saved
  [17092553] 1 media file(s) saved
  [17093215] 1 media file(s) saved
  [17093252] 1 media file(s) saved
  [17093267] 1 media file(s) saved
  [1709402] 1 media file(s) saved
  [17094628] 5 media file(s) saved
  [17095011] 1 media file(s) saved
  [17095391] 35 media file(s) saved
  [17096046] 1 media file(s) saved
  [17096056] 1 media file(s) saved
  [17096062] 1 media file(s) saved
  [17096194] 1 media file(s) saved
  [17096210] 1 media file(s) saved
  [17096246] 1 media file(s) saved
  [17097382] 1 media file(s) saved
  [17097430] 1 media file(s) saved
  [17097486] 1 media file(s) saved
  [17097535] 1 media file(s) saved
  [17097734] 1 media file(s) saved
  [17097808] 1 media file(s) saved
  [17098564] 22 media file(s) saved
  [17098626] 1 media file(s) saved
  [17098861] 1 media file(s) saved
  [17098899] 1 media file(s) saved
  [17100779] 1 media file(s) saved
  [17100794] 1 media file(s) saved
  [17100819] 1 media file(s) saved
  [17100829] 1 media file(s) saved
  [17100840] 1 media file(s) saved
  [17100854] 1 media file(s) saved
  [17100871] 1 media file(s) saved
  [17100898] 1 media file(s) saved
  [17100907] 1 media file(s) saved
  [17101123] 1 media file(s) saved
  [17103112] 1 media file(s) saved
  [17103178] 1 media file(s) saved
  [17103180] 1 media file(s) saved
  [17103192] 1 media file(s) saved
  [17103199] 1 media file(s) saved
  [17103215] 1 media file(s) saved
  [17103261] 1 media file(s) saved
  [17103292] 1 media file(s) saved
  [17104161] 1 media file(s) saved
  [1710480] 1 media file(s) saved
  [17104909] 1 media file(s) saved
  [17105640] 1 media file(s) saved
  [17106233] 1 media file(s) saved
  [17106340] 1 media file(s) saved
  [17107685] 1 media file(s) saved
  [17107906] 1 media file(s) saved
  [17109554] 15 media file(s) saved
  [17110107] 1 media file(s) saved
  [17110118] 1 media file(s) saved
  [17110127] 1 media file(s) saved
  [17110138] 1 media file(s) saved
  [17110190] 1 media file(s) saved
  [17110242] 1 media file(s) saved
  [17110283] 1 media file(s) saved
  [17110358] 1 media file(s) saved
  [17110439] 1 media file(s) saved
  [17110487] 1 media file(s) saved
  [17111777] 1 media file(s) saved
  [17111891] 1 media file(s) saved
  [17112123] 1 media file(s) saved
  [17112137] 1 media file(s) saved
  [17112154] 1 media file(s) saved
  [17112176] 1 media file(s) saved
  [17112194] 1 media file(s) saved
  [17112208] 1 media file(s) saved
  [17112401] 1 media file(s) saved
  [17114880] 1 media file(s) saved
  [17114883] 1 media file(s) saved
  [17114885] 1 media file(s) saved
  [17114889] 1 media file(s) saved
  [17114895] 1 media file(s) saved
  [17114901] 1 media file(s) saved
  [17114905] 1 media file(s) saved
  [17114913] 1 media file(s) saved
  [17114920] 1 media file(s) saved
  [17114925] 1 media file(s) saved
  [17115347] 4 media file(s) saved
  [17117754] 1 media file(s) saved
  [17117772] 1 media file(s) saved
  [17117785] 1 media file(s) saved
  [17117811] 1 media file(s) saved
  [17117821] 1 media file(s) saved
  [17117837] 1 media file(s) saved
  [17117845] 1 media file(s) saved
  [17117853] 1 media file(s) saved
  [17117862] 1 media file(s) saved
  [17117870] 1 media file(s) saved
  [17117880] 1 media file(s) saved
  [17118424] 1 media file(s) saved
  [17118433] 1 media file(s) saved
  [17118441] 1 media file(s) saved
  [17118449] 1 media file(s) saved
  [17118459] 1 media file(s) saved
  [17119375] 1 media file(s) saved
  [17128499] 1 media file(s) saved
  [17128505] 1 media file(s) saved
  [17128519] 1 media file(s) saved
  [17128593] 1 media file(s) saved
  [17128621] 1 media file(s) saved
  [17128641] 1 media file(s) saved
  [17128683] 1 media file(s) saved
  [17128733] 1 media file(s) saved
  [17128859] 1 media file(s) saved
  [17128953] 1 media file(s) saved
  [17129356] 1 media file(s) saved
  [17130095] 1 media file(s) saved
  [17130243] 1 media file(s) saved
  [1713058] 1 media file(s) saved
  [17130972] 1 media file(s) saved
  [17131] 1 media file(s) saved
  [17131426] 1 media file(s) saved
  [17131506] 1 media file(s) saved
  [17131667] 10 media file(s) saved
  [17132170] 1 media file(s) saved
  [17132242] 1 media file(s) saved
  [17132257] 1 media file(s) saved
  [17132299] 1 media file(s) saved
  [17133] 1 media file(s) saved
  [17134] 1 media file(s) saved
  [17135731] 1 media file(s) saved
  [17136800] 1 media file(s) saved
  [17136806] 1 media file(s) saved
  [17137432] 1 media file(s) saved
  [17139653] 1 media file(s) saved
  [17140343] 1 media file(s) saved
  [17140860] 1 media file(s) saved
  [17142861] 1 media file(s) saved
  [17145073] 1 media file(s) saved
  [1714637] 1 media file(s) saved
  [17148455] 1 media file(s) saved
  [17149392] 1 media file(s) saved
  [17149735] 1 media file(s) saved
  [17150219] 1 media file(s) saved
  [17150997] 1 media file(s) saved
  [17151308] 1 media file(s) saved
  [17151349] 1 media file(s) saved
  [17152508] 1 media file(s) saved
  [17155056] 1 media file(s) saved
  [17156011] 1 media file(s) saved
  [17157902] 1 media file(s) saved
  [17157904] 1 media file(s) saved
  [17157906] 1 media file(s) saved
  [17159071] 1 media file(s) saved
  [17161253] 1 media file(s) saved
  [17162904] 1 media file(s) saved
  [17166758] 1 media file(s) saved
  [17171569] 1 media file(s) saved
  [17173923] 1 media file(s) saved
  [17174181] 1 media file(s) saved
  [17175742] 1 media file(s) saved
  [17176531] 1 media file(s) saved
  [17179025] 1 media file(s) saved
  [17179963] 5 media file(s) saved
  [17180007] 4 media file(s) saved
  [17181808] 8 media file(s) saved
  [17184709] 1 media file(s) saved
  [17186439] 1 media file(s) saved
  [17186569] 1 media file(s) saved
  [17186764] 1 media file(s) saved
  [17188642] 1 media file(s) saved
  [17189944] 1 media file(s) saved
  [17190068] 1 media file(s) saved
  [17190201] 1 media file(s) saved
  [17190925] 1 media file(s) saved
  [17191034] 1 media file(s) saved
  [17191193] 1 media file(s) saved
  [17191241] 1 media file(s) saved
  [17191311] 1 media file(s) saved
  [17191632] 1 media file(s) saved
  [17191695] 1 media file(s) saved
  [17192034] 1 media file(s) saved
  [17192848] 1 media file(s) saved
  [17192912] 1 media file(s) saved
  [17193] 1 media file(s) saved
  [1719374] 1 media file(s) saved
  [17193792] 1 media file(s) saved
  [1719602] 1 media file(s) saved
  [17197065] 1 media file(s) saved
  [17197433] 1 media file(s) saved
  [17197957] 1 media file(s) saved
  [17198060] 1 media file(s) saved
  [17198300] 1 media file(s) saved
  [17199769] 1 media file(s) saved
  [17202111] 1 media file(s) saved
  [17202142] 1 media file(s) saved
  [17202148] 1 media file(s) saved
  [17202150] 1 media file(s) saved
  [17203133] 1 media file(s) saved
  [1720550] 1 media file(s) saved
  [17205928] 1 media file(s) saved
  [17206369] 1 media file(s) saved
  [17207573] 1 media file(s) saved
  [17207642] 1 media file(s) saved
  [17207794] 1 media file(s) saved
    [ERROR] download https://zenodo.org/api/records/17208673/files/Red%20Teaming%20AI%20and%20Quantum.pdf/content: 429 Client Error: TOO MANY REQUESTS for url: https://zenodo.org/api/records/17208673/files/Red%20Teaming%20AI%20and%20Quantum.pdf/content
    [ERROR] download https://zenodo.org/api/records/17209789/files/Zenodo_RawData_2025-09-26.xlsx/content: 429 Client Error: TOO MANY REQUESTS for url: https://zenodo.org/api/records/17209789/files/Zenodo_RawData_2025-09-26.xlsx/content
  [17210092] 3 media file(s) saved
  [17211084] 1 media file(s) saved
  [17211623] 1 media file(s) saved
  [17213380] 1 media file(s) saved
  [17215913] 1 media file(s) saved
  [17216523] 1 media file(s) saved
  [17217010] 1 media file(s) saved
  [17217933] 1 media file(s) saved
  [17218228] 1 media file(s) saved
  [17222284] 1 media file(s) saved
  [17223101] 9 media file(s) saved
  [17224700] 1 media file(s) saved
  [17226683] 1 media file(s) saved
  [17226737] 1 media file(s) saved
  [17231447] 1 media file(s) saved
  [17231702] 1 media file(s) saved
  [17233034] 1 media file(s) saved
  [17235341] 1 media file(s) saved
  [17235445] 1 media file(s) saved
  [17235755] 1 media file(s) saved
  [17238640] 1 media file(s) saved
  [17239847] 1 media file(s) saved
  [17239941] 1 media file(s) saved
  [17240062] 1 media file(s) saved
  [17240322] 1 media file(s) saved
  [17240955] 1 media file(s) saved
  [17241722] 1 media file(s) saved
  [17242758] 1 media file(s) saved
  [17243268] 2 media file(s) saved
  [17244180] 1 media file(s) saved
  [17245555] 1 media file(s) saved
  [17247509] 1 media file(s) saved
  [17247683] 1 media file(s) saved
  [17248369] 1 media file(s) saved
  [17248391] 1 media file(s) saved
  [1724880] 1 media file(s) saved
  [17250497] 1 media file(s) saved
  [17254293] 1 media file(s) saved
  [17254357] 1 media file(s) saved
  [17255383] 6 media file(s) saved
  [17259746] 1 media file(s) saved
  [17263908] 1 media file(s) saved
  [17264172] 1 media file(s) saved
  [17264182] 2 media file(s) saved
  [17264200] 1 media file(s) saved
  [17264779] 1 media file(s) saved
  [17264896] 1 media file(s) saved
  [17265066] 1 media file(s) saved
  [17267032] 2 media file(s) saved
  [17271044] 1 media file(s) saved
  [17271365] 1 media file(s) saved
  [17272512] 1 media file(s) saved
  [17275970] 7 media file(s) saved
  [17276528] 1 media file(s) saved
  [17277244] 1 media file(s) saved
  [17277298] 5 media file(s) saved
  [1727743] 1 media file(s) saved
  [17278085] 1 media file(s) saved
  [17278122] 1 media file(s) saved
  [17278236] 1 media file(s) saved
  [17278531] 1 media file(s) saved
  [17279141] 1 media file(s) saved
  [17279682] 1 media file(s) saved
  [17281553] 1 media file(s) saved
  [17281745] 1 media file(s) saved
  [17282752] 1 media file(s) saved
  [17282761] 1 media file(s) saved
  [17283912] 2 media file(s) saved
  [17284252] 1 media file(s) saved
  [17284313] 1 media file(s) saved
  [1728719] 1 media file(s) saved
  [17289110] 1 media file(s) saved
  [17289299] 1 media file(s) saved
  [17289915] 1 media file(s) saved
  [17290039] 1 media file(s) saved
  [1729024] 1 media file(s) saved
  [17290802] 1 media file(s) saved
  [17291989] 1 media file(s) saved
  [17292601] 2 media file(s) saved
  [17293306] 1 media file(s) saved
  [17293605] 1 media file(s) saved
  [17293700] 1 media file(s) saved
  [17293718] 1 media file(s) saved
  [17294109] 2 media file(s) saved
  [17294388] 16 media file(s) saved
  [17294821] 25 media file(s) saved
  [17295483] 1 media file(s) saved
  [17297263] 1 media file(s) saved
  [17297323] 1 media file(s) saved
  [17297595] 1 media file(s) saved
  [17299928] 1 media file(s) saved
  [17301589] 1 media file(s) saved
  [17301674] 2 media file(s) saved
  [17301750] 1 media file(s) saved
  [17301766] 1 media file(s) saved
  [17301920] 1 media file(s) saved
  [17302256] 1 media file(s) saved
  [17302366] 5 media file(s) saved
  [17303804] 11 media file(s) saved
  [17304395] 5 media file(s) saved
  [17304512] 1 media file(s) saved
  [17305598] 1 media file(s) saved
  [17306098] 1 media file(s) saved
  [17306255] 1 media file(s) saved
  [17306286] 1 media file(s) saved
  [17306897] 1 media file(s) saved
  [17307724] 1 media file(s) saved
  [17308809] 1 media file(s) saved
  [1730950] 1 media file(s) saved
  [17310681] 1 media file(s) saved
  [17310726] 1 media file(s) saved
  [17310736] 1 media file(s) saved
  [17310809] 1 media file(s) saved
  [17310823] 1 media file(s) saved
  [17314531] 1 media file(s) saved
  [17314564] 2 media file(s) saved
  [17314692] 1 media file(s) saved
  [17316262] 1 media file(s) saved
  [17317] 1 media file(s) saved
  [17318012] 1 media file(s) saved
  [17318795] 1 media file(s) saved
  [17318966] 1 media file(s) saved
  [17319] 1 media file(s) saved
  [17320] 1 media file(s) saved
  [17320616] 1 media file(s) saved
  [17322] 1 media file(s) saved
  [17324189] 1 media file(s) saved
  [17328330] 7 media file(s) saved
  [17332101] 1 media file(s) saved
  [17334153] 10 media file(s) saved
  [17334287] 1 media file(s) saved
  [17335164] 1 media file(s) saved
  [17335166] 1 media file(s) saved
  [17335328] 1 media file(s) saved
  [17336611] 2 media file(s) saved
  [17336669] 1 media file(s) saved
  [17337] 1 media file(s) saved
  [17338] 1 media file(s) saved
  [17338444] 1 media file(s) saved
  [17340002] 1 media file(s) saved
  [17341411] 1 media file(s) saved
  [17344459] 1 media file(s) saved
  [17344636] 2 media file(s) saved
  [17345087] 1 media file(s) saved
  [17346162] 1 media file(s) saved
  [17346818] 1 media file(s) saved
  [17346986] 4 media file(s) saved
  [17347529] 1 media file(s) saved
  [17348672] 1 media file(s) saved
  [17349033] 1 media file(s) saved
  [17349050] 2 media file(s) saved
  [17351387] 1 media file(s) saved
  [17352626] 4 media file(s) saved
  [17355229] 1 media file(s) saved
  [17355838] 1 media file(s) saved
  [17356962] 1 media file(s) saved
  [17357017] 1 media file(s) saved
  [17357213] 1 media file(s) saved
  [17357457] 1 media file(s) saved
  [17357747] 1 media file(s) saved
  [17358063] 1 media file(s) saved
  [17358582] 1 media file(s) saved
  [17359182] 2 media file(s) saved
  [17359571] 1 media file(s) saved
  [17360612] 4 media file(s) saved
  [17361541] 1 media file(s) saved
  [17362531] 1 media file(s) saved
  [17362736] 1 media file(s) saved
  [17366011] 1 media file(s) saved
  [17366169] 1 media file(s) saved
  [17367243] 1 media file(s) saved
  [1736789] 1 media file(s) saved
  [17368416] 1 media file(s) saved
  [17369055] 1 media file(s) saved
  [17369422] 1 media file(s) saved
  [17370855] 1 media file(s) saved
  [17371978] 1 media file(s) saved
  [17372044] 1 media file(s) saved
  Rate limited — sleeping 60s
  [17372936] 1 media file(s) saved
  [17374412] 9 media file(s) saved
  [17374615] 1 media file(s) saved
  [17376058] 1 media file(s) saved
  [17376895] 1 media file(s) saved
  [17377139] 1 media file(s) saved
  [17377917] 1 media file(s) saved
  [17378468] 1 media file(s) saved
  [17378738] 1 media file(s) saved
  [17381351] 1 media file(s) saved
  [17381852] 1 media file(s) saved
  [17382841] 1 media file(s) saved
  [17384201] 1 media file(s) saved
  [17385478] 1 media file(s) saved
  [17385506] 1 media file(s) saved
  [17386080] 1 media file(s) saved
  [1738628] 1 media file(s) saved
  [17386322] 14 media file(s) saved
  [17387676] 2 media file(s) saved
  [17388387] 1 media file(s) saved
  [17390718] 1 media file(s) saved
  [17391300] 41 media file(s) saved
    [ERROR] download https://zenodo.org/api/records/17391402/files/step6.6_equilibration.cpt/content: 429 Client Error: TOO MANY REQUESTS for url: https://zenodo.org/api/records/17391402/files/step6.6_equilibration.cpt/content
    [ERROR] download https://zenodo.org/api/records/17391402/files/step6.1_equilibration.edr/content: 429 Client Error: TOO MANY REQUESTS for url: https://zenodo.org/api/records/17391402/files/step6.1_equilibration.edr/content
    [ERROR] download https://zenodo.org/api/records/17391402/files/step6.2_equilibration_prev.cpt/content: 429 Client Error: TOO MANY REQUESTS for url: https://zenodo.org/api/records/17391402/files/step6.2_equilibration_prev.cpt/content
    [ERROR] download https://zenodo.org/api/records/17391402/files/step6.1_equilibration_prev.cpt/content: 429 Client Error: TOO MANY REQUESTS for url: https://zenodo.org/api/records/17391402/files/step6.1_equilibration_prev.cpt/content
    [ERROR] download https://zenodo.org/api/records/17391402/files/step6.0_minimization.log/content: 429 Client Error: TOO MANY REQUESTS for url: https://zenodo.org/api/records/17391402/files/step6.0_minimization.log/content
    [ERROR] download https://zenodo.org/api/records/17391402/files/step6.4_equilibration_prev.cpt/content: 429 Client Error: TOO MANY REQUESTS for url: https://zenodo.org/api/records/17391402/files/step6.4_equilibration_prev.cpt/content
    [ERROR] download https://zenodo.org/api/records/17391402/files/step6.6_equilibration.edr/content: 429 Client Error: TOO MANY REQUESTS for url: https://zenodo.org/api/records/17391402/files/step6.6_equilibration.edr/content
    [ERROR] download https://zenodo.org/api/records/17391402/files/step6.4_equilibration.log/content: 429 Client Error: TOO MANY REQUESTS for url: https://zenodo.org/api/records/17391402/files/step6.4_equilibration.log/content
    [ERROR] download https://zenodo.org/api/records/17391402/files/step6.4_equilibration.edr/content: 429 Client Error: TOO MANY REQUESTS for url: https://zenodo.org/api/records/17391402/files/step6.4_equilibration.edr/content
    [ERROR] download https://zenodo.org/api/records/17391402/files/step6.1_equilibration.log/content: 429 Client Error: TOO MANY REQUESTS for url: https://zenodo.org/api/records/17391402/files/step6.1_equilibration.log/content
    [ERROR] download https://zenodo.org/api/records/17391402/files/step6.3_equilibration.mdp/content: 429 Client Error: TOO MANY REQUESTS for url: https://zenodo.org/api/records/17391402/files/step6.3_equilibration.mdp/content
    [ERROR] download https://zenodo.org/api/records/17391402/files/index.ndx/content: 429 Client Error: TOO MANY REQUESTS for url: https://zenodo.org/api/records/17391402/files/index.ndx/content
    [ERROR] download https://zenodo.org/api/records/17391402/files/README/content: 429 Client Error: TOO MANY REQUESTS for url: https://zenodo.org/api/records/17391402/files/README/content
    [ERROR] download https://zenodo.org/api/records/17391402/files/step6.6_equilibration_prev.cpt/content: 429 Client Error: TOO MANY REQUESTS for url: https://zenodo.org/api/records/17391402/files/step6.6_equilibration_prev.cpt/content
    [ERROR] download https://zenodo.org/api/records/17391402/files/step6.5_equilibration.edr/content: 429 Client Error: TOO MANY REQUESTS for url: https://zenodo.org/api/records/17391402/files/step6.5_equilibration.edr/content
    [ERROR] download https://zenodo.org/api/records/17391402/files/job_ext2.err/content: 429 Client Error: TOO MANY REQUESTS for url: https://zenodo.org/api/records/17391402/files/job_ext2.err/content
    [ERROR] download https://zenodo.org/api/records/17391402/files/step6.6_equilibration.log/content: 429 Client Error: TOO MANY REQUESTS for url: https://zenodo.org/api/records/17391402/files/step6.6_equilibration.log/content
    [ERROR] download https://zenodo.org/api/records/17391402/files/job.out/content: 429 Client Error: TOO MANY REQUESTS for url: https://zenodo.org/api/records/17391402/files/job.out/content
    [ERROR] download https://zenodo.org/api/records/17391402/files/step6.2_equilibration.mdp/content: 429 Client Error: TOO MANY REQUESTS for url: https://zenodo.org/api/records/17391402/files/step6.2_equilibration.mdp/content
    [ERROR] download https://zenodo.org/api/records/17391402/files/toppar.tar.gz/content: 429 Client Error: TOO MANY REQUESTS for url: https://zenodo.org/api/records/17391402/files/toppar.tar.gz/content
    [ERROR] download https://zenodo.org/api/records/17391402/files/step6.5_equilibration.log/content: 429 Client Error: TOO MANY REQUESTS for url: https://zenodo.org/api/records/17391402/files/step6.5_equilibration.log/content
    [ERROR] download https://zenodo.org/api/records/17391402/files/step6.4_equilibration.cpt/content: 429 Client Error: TOO MANY REQUESTS for url: https://zenodo.org/api/records/17391402/files/step6.4_equilibration.cpt/content
    [ERROR] download https://zenodo.org/api/records/17391402/files/step6.1_equilibration.cpt/content: 429 Client Error: TOO MANY REQUESTS for url: https://zenodo.org/api/records/17391402/files/step6.1_equilibration.cpt/content
  [17391402] 22 media file(s) saved
  Rate limited — sleeping 60s
  [17391530] 42 media file(s) saved
  [17391588] 38 media file(s) saved
  [17391646] 38 media file(s) saved
  [17391694] 38 media file(s) saved
    [ERROR] download https://zenodo.org/api/records/17391745/files/step6.0_minimization.log/content: 429 Client Error: TOO MANY REQUESTS for url: https://zenodo.org/api/records/17391745/files/step6.0_minimization.log/content
    [ERROR] download https://zenodo.org/api/records/17391745/files/toppar.tar.gz/content: 429 Client Error: TOO MANY REQUESTS for url: https://zenodo.org/api/records/17391745/files/toppar.tar.gz/content
    [ERROR] download https://zenodo.org/api/records/17391745/files/step6.4_equilibration.cpt/content: 429 Client Error: TOO MANY REQUESTS for url: https://zenodo.org/api/records/17391745/files/step6.4_equilibration.cpt/content
    [ERROR] download https://zenodo.org/api/records/17391745/files/step7_production.mdp/content: 429 Client Error: TOO MANY REQUESTS for url: https://zenodo.org/api/records/17391745/files/step7_production.mdp/content
    [ERROR] download https://zenodo.org/api/records/17391745/files/step6.6_equilibration.edr/content: 429 Client Error: TOO MANY REQUESTS for url: https://zenodo.org/api/records/17391745/files/step6.6_equilibration.edr/content
    [ERROR] download https://zenodo.org/api/records/17391745/files/job.err/content: 429 Client Error: TOO MANY REQUESTS for url: https://zenodo.org/api/records/17391745/files/job.err/content
    [ERROR] download https://zenodo.org/api/records/17391745/files/step6.1_equilibration.edr/content: 429 Client Error: TOO MANY REQUESTS for url: https://zenodo.org/api/records/17391745/files/step6.1_equilibration.edr/content
    [ERROR] download https://zenodo.org/api/records/17391745/files/step7_prev.cpt/content: 429 Client Error: TOO MANY REQUESTS for url: https://zenodo.org/api/records/17391745/files/step7_prev.cpt/content
    [ERROR] download https://zenodo.org/api/records/17391745/files/step6.2_equilibration.cpt/content: 429 Client Error: TOO MANY REQUESTS for url: https://zenodo.org/api/records/17391745/files/step6.2_equilibration.cpt/content
    [ERROR] download https://zenodo.org/api/records/17391745/files/step6.3_equilibration.mdp/content: 429 Client Error: TOO MANY REQUESTS for url: https://zenodo.org/api/records/17391745/files/step6.3_equilibration.mdp/content
    [ERROR] download https://zenodo.org/api/records/17391745/files/step6.1_equilibration.mdp/content: 429 Client Error: TOO MANY REQUESTS for url: https://zenodo.org/api/records/17391745/files/step6.1_equilibration.mdp/content
    [ERROR] download https://zenodo.org/api/records/17391745/files/step6.4_equilibration.edr/content: 429 Client Error: TOO MANY REQUESTS for url: https://zenodo.org/api/records/17391745/files/step6.4_equilibration.edr/content
    [ERROR] download https://zenodo.org/api/records/17391745/files/step6.5_equilibration.mdp/content: 429 Client Error: TOO MANY REQUESTS for url: https://zenodo.org/api/records/17391745/files/step6.5_equilibration.mdp/content
    [ERROR] download https://zenodo.org/api/records/17391745/files/step6.6_equilibration.log/content: 429 Client Error: TOO MANY REQUESTS for url: https://zenodo.org/api/records/17391745/files/step6.6_equilibration.log/content
    [ERROR] download https://zenodo.org/api/records/17391745/files/step6.5_equilibration.log/content: 429 Client Error: TOO MANY REQUESTS for url: https://zenodo.org/api/records/17391745/files/step6.5_equilibration.log/content
    [ERROR] download https://zenodo.org/api/records/17391745/files/gromsubmit_cpu_prod.sh/content: 429 Client Error: TOO MANY REQUESTS for url: https://zenodo.org/api/records/17391745/files/gromsubmit_cpu_prod.sh/content
    [ERROR] download https://zenodo.org/api/records/17391745/files/gromsubmit_cpu.sh/content: 429 Client Error: TOO MANY REQUESTS for url: https://zenodo.org/api/records/17391745/files/gromsubmit_cpu.sh/content
    [ERROR] download https://zenodo.org/api/records/17391745/files/step6.4_equilibration.mdp/content: 429 Client Error: TOO MANY REQUESTS for url: https://zenodo.org/api/records/17391745/files/step6.4_equilibration.mdp/content
    [ERROR] download https://zenodo.org/api/records/17391745/files/step6.3_equilibration.log/content: 429 Client Error: TOO MANY REQUESTS for url: https://zenodo.org/api/records/17391745/files/step6.3_equilibration.log/content
    [ERROR] download https://zenodo.org/api/records/17391745/files/step6.4_equilibration.log/content: 429 Client Error: TOO MANY REQUESTS for url: https://zenodo.org/api/records/17391745/files/step6.4_equilibration.log/content
    [ERROR] download https://zenodo.org/api/records/17391745/files/step6.3_equilibration.edr/content: 429 Client Error: TOO MANY REQUESTS for url: https://zenodo.org/api/records/17391745/files/step6.3_equilibration.edr/content
    [ERROR] download https://zenodo.org/api/records/17391745/files/step6.1_equilibration.log/content: 429 Client Error: TOO MANY REQUESTS for url: https://zenodo.org/api/records/17391745/files/step6.1_equilibration.log/content
  [17391745] 16 media file(s) saved
  Rate limited — sleeping 60s
  [17391754] 1 media file(s) saved
  [17391807] 36 media file(s) saved
  [17391826] 36 media file(s) saved
  [17391843] 35 media file(s) saved
  [17392844] 1 media file(s) saved
  [17394505] 1 media file(s) saved
  [17394618] 1 media file(s) saved
  [17395047] 1 media file(s) saved
  [1739512] 1 media file(s) saved
  [17396337] 1 media file(s) saved
    [ERROR] download https://zenodo.org/api/records/17397975/files/Expert%202%20Transcription.docx/content: 429 Client Error: TOO MANY REQUESTS for url: https://zenodo.org/api/records/17397975/files/Expert%202%20Transcription.docx/content
  [17397975] 6 media file(s) saved
  Rate limited — sleeping 60s
  [17398029] 1 media file(s) saved
  [17399749] 3 media file(s) saved
  [17400984] 1 media file(s) saved
  [17401006] 1 media file(s) saved
  [17401131] 1 media file(s) saved
  [17401439] 2 media file(s) saved
  [17402842] 1 media file(s) saved
  [17404158] 1 media file(s) saved
  [17406902] 1 media file(s) saved
  [17407293] 1 media file(s) saved
  [17408577] 1 media file(s) saved
  [17409386] 1 media file(s) saved
  [17410043] 1 media file(s) saved
  [17412310] 1 media file(s) saved
  [17413789] 1 media file(s) saved
  [17414605] 1 media file(s) saved
  [1741548] 1 media file(s) saved
  [17415540] 1 media file(s) saved
  [17415692] 1 media file(s) saved
  [1741696] 1 media file(s) saved
  [17417327] 1 media file(s) saved
  [17418030] 4 media file(s) saved
  [17418856] 1 media file(s) saved
  [17422108] 1 media file(s) saved
  [17423765] 8 media file(s) saved
  [17424614] 2 media file(s) saved
  [17431049] 1 media file(s) saved
  [17431053] 1 media file(s) saved
  [17431795] 1 media file(s) saved
  [17432] 1 media file(s) saved
  [17432573] 2 media file(s) saved
  [17432831] 2 media file(s) saved
  [17433649] 1 media file(s) saved
  [17433767] 1 media file(s) saved
  [17434] 1 media file(s) saved
  [17434081] 1 media file(s) saved
  [17434103] 1 media file(s) saved
  [17434741] 1 media file(s) saved
  [17435] 1 media file(s) saved
  [17435913] 1 media file(s) saved
  [17436325] 1 media file(s) saved
  [17436903] 6 media file(s) saved
  [17437836] 1 media file(s) saved
  [17443511] 1 media file(s) saved
  [17446873] 1 media file(s) saved
  [17449274] 1 media file(s) saved
  [17450] 1 media file(s) saved
  [17450423] 1 media file(s) saved
  [17451392] 1 media file(s) saved
  [17453094] 1 media file(s) saved
  [17453116] 1 media file(s) saved
  [17453535] 1 media file(s) saved
  [17454099] 1 media file(s) saved
  [17455415] 1 media file(s) saved
  [17457189] 1 media file(s) saved
  [17459883] 1 media file(s) saved
  [17462098] 1 media file(s) saved
  [17463337] 1 media file(s) saved
  [17463863] 1 media file(s) saved
  [17463894] 1 media file(s) saved
  [17464045] 1 media file(s) saved
  [17464431] 1 media file(s) saved
  [17464463] 1 media file(s) saved
  [17464834] 1 media file(s) saved
  [17464958] 1 media file(s) saved
  [17465785] 3 media file(s) saved
  [17466383] 1 media file(s) saved
  [17466809] 3 media file(s) saved
  [17467203] 1 media file(s) saved
  [17468313] 1 media file(s) saved
  [17470579] 1 media file(s) saved
  [17470774] 1 media file(s) saved
  [17471875] 1 media file(s) saved
  [17473317] 1 media file(s) saved
  [17474255] 1 media file(s) saved
  [17474742] 1 media file(s) saved
  [17474920] 1 media file(s) saved
  [17475101] 2 media file(s) saved
  [17475878] 1 media file(s) saved
  [17477389] 1 media file(s) saved
  [17477429] 1 media file(s) saved
  [17477452] 3 media file(s) saved
  [17477868] 1 media file(s) saved
  [17480821] 1 media file(s) saved
  [17481580] 1 media file(s) saved
  [17481938] 1 media file(s) saved
  [17483635] 1 media file(s) saved
  [17483739] 3 media file(s) saved
  [17484798] 2 media file(s) saved
    [ERROR] download https://zenodo.org/api/records/17485862/files/JWPR15(3)332-337,2025.pdf/content: 429 Client Error: TOO MANY REQUESTS for url: https://zenodo.org/api/records/17485862/files/JWPR15(3)332-337,2025.pdf/content
  [17486244] 2 media file(s) saved
  [17486785] 1 media file(s) saved
  [17489648] 1 media file(s) saved
  [17491500] 1 media file(s) saved
  [17491659] 4 media file(s) saved
  [17492561] 1 media file(s) saved
  [17492571] 1 media file(s) saved
  [17492697] 1 media file(s) saved
  [17493701] 1 media file(s) saved
  [17494273] 1 media file(s) saved
  [17494638] 1 media file(s) saved
  [17495197] 1 media file(s) saved
  [1749536] 1 media file(s) saved
  [17495557] 1 media file(s) saved
  [17495911] 1 media file(s) saved
  [17496923] 1 media file(s) saved
  [17496925] 1 media file(s) saved
  [17496929] 1 media file(s) saved
  [17496933] 1 media file(s) saved
  [17496935] 1 media file(s) saved
  [17498393] 1 media file(s) saved
  [17499756] 1 media file(s) saved
  [17501342] 1 media file(s) saved
  [17502949] 1 media file(s) saved
  Rate limited — sleeping 60s
  [17504060] 1 media file(s) saved
  [17505446] 1 media file(s) saved
  [17506054] 1 media file(s) saved
  [17506415] 2 media file(s) saved
  [17507519] 1 media file(s) saved
  [17507566] 1 media file(s) saved
  [17507897] 1 media file(s) saved
  [17509258] 6 media file(s) saved
  [17514018] 1 media file(s) saved
  [17514080] 1 media file(s) saved
  [17514370] 1 media file(s) saved
  [17514705] 1 media file(s) saved
  [17517257] 1 media file(s) saved
  [17517524] 1 media file(s) saved
  [17517691] 1 media file(s) saved
  [17520076] 1 media file(s) saved
  [17521457] 1 media file(s) saved
  [17521624] 1 media file(s) saved
  [17522324] 1 media file(s) saved
  [17522464] 1 media file(s) saved
  [17525636] 11 media file(s) saved
  [17526026] 1 media file(s) saved
  [17527215] 47 media file(s) saved
  [17528633] 1 media file(s) saved
  [17528643] 1 media file(s) saved
  [17528663] 1 media file(s) saved
  [17530391] 1 media file(s) saved
  [17530433] 1 media file(s) saved
  [17531196] 1 media file(s) saved
  [17531668] 1 media file(s) saved
  [17531799] 1 media file(s) saved
  [17533702] 1 media file(s) saved
  [17534032] 1 media file(s) saved
    [ERROR] download https://zenodo.org/api/records/17535516/files/D4.4_Protocol%20for%20fish%20authenticity%20and%20origin%20based%20on%20stable%20isotope%20approach_v1.pdf/content: 429 Client Error: TOO MANY REQUESTS for url: https://zenodo.org/api/records/17535516/files/D4.4_Protocol%20for%20fish%20authenticity%20and%20origin%20based%20on%20stable%20isotope%20approach_v1.pdf/content
  Rate limited — sleeping 60s
  [1753609] 1 media file(s) saved
  [17542193] 4 media file(s) saved
  [17543127] 3 media file(s) saved
  [17543163] 1 media file(s) saved
  [17545595] 1 media file(s) saved
  [17547310] 1 media file(s) saved
  [17547571] 1 media file(s) saved
  [17548356] 1 media file(s) saved
  [17549225] 16 media file(s) saved
  [17549495] 1 media file(s) saved
  [17551092] 1 media file(s) saved
  [17552480] 13 media file(s) saved
  [17552850] 1 media file(s) saved
  [17553037] 1 media file(s) saved
  [17555907] 3 media file(s) saved
  [17556107] 1 media file(s) saved
  [17557115] 2 media file(s) saved
  [17557685] 1 media file(s) saved
  [17558305] 1 media file(s) saved
  [17558544] 15 media file(s) saved
  [17558730] 3 media file(s) saved
  [17562] 1 media file(s) saved
  [17562422] 1 media file(s) saved
  [17563213] 1 media file(s) saved
  [17563652] 1 media file(s) saved
  [17565381] 1 media file(s) saved
  [17567] 1 media file(s) saved
  [17567442] 14 media file(s) saved
  [17569912] 1 media file(s) saved
  [17570792] 1 media file(s) saved
  [17570947] 2 media file(s) saved
  [17570963] 1 media file(s) saved
  Rate limited — sleeping 60s
  [17572682] 2 media file(s) saved
  [17573782] 9 media file(s) saved
  [17574061] 1 media file(s) saved
  [17576235] 3 media file(s) saved
  [17576274] 1 media file(s) saved
  [17576941] 1 media file(s) saved
  [17578574] 1 media file(s) saved
  [17579017] 1 media file(s) saved
  [17579030] 1 media file(s) saved
  [17579429] 1 media file(s) saved
  [17580044] 1 media file(s) saved
  [17580587] 1 media file(s) saved
  [17581056] 2 media file(s) saved
  [17582560] 1 media file(s) saved
  [17583031] 1 media file(s) saved
  [17583258] 1 media file(s) saved
  [17584521] 1 media file(s) saved
  [17584627] 1 media file(s) saved
  [17587241] 1 media file(s) saved
  [17587296] 1 media file(s) saved
  [17589464] 1 media file(s) saved
  [17590099] 1 media file(s) saved
  [17590970] 1 media file(s) saved
  [17592821] 1 media file(s) saved
  [17595826] 1 media file(s) saved
  [17598867] 3 media file(s) saved
  [17599343] 1 media file(s) saved
  [17599760] 1 media file(s) saved
  [17601608] 1 media file(s) saved
  [17601793] 1 media file(s) saved
  [17604353] 1 media file(s) saved
  [1760775] 1 media file(s) saved
  [17608062] 1 media file(s) saved
  [17608273] 1 media file(s) saved
  [17609487] 1 media file(s) saved
  [17609700] 1 media file(s) saved
  [17611004] 1 media file(s) saved
  [17611730] 11 media file(s) saved
  [17611941] 1 media file(s) saved
  [17611944] 1 media file(s) saved
  [17612034] 1 media file(s) saved
  [17612116] 1 media file(s) saved
  [17612187] 1 media file(s) saved
  [17612225] 1 media file(s) saved
  [17612263] 1 media file(s) saved
  [17612315] 1 media file(s) saved
  [1761368] 1 media file(s) saved
  [17615995] 1 media file(s) saved
  [17616390] 1 media file(s) saved
  [17620915] 1 media file(s) saved
  [17620933] 1 media file(s) saved
  [17621169] 1 media file(s) saved
  [17621225] 1 media file(s) saved
  [17621714] 1 media file(s) saved
  [17621720] 1 media file(s) saved
  [17624893] 2 media file(s) saved
  [17625663] 1 media file(s) saved
  [17627079] 1 media file(s) saved
  [17629642] 1 media file(s) saved
  [17629896] 1 media file(s) saved
  [17630661] 1 media file(s) saved
  [17631897] 1 media file(s) saved
  [17634974] 1 media file(s) saved
  [17636234] 1 media file(s) saved
  [17636276] 1 media file(s) saved
    [ERROR] download https://zenodo.org/api/records/17636420/files/DEC202456.pdf/content: 429 Client Error: TOO MANY REQUESTS for url: https://zenodo.org/api/records/17636420/files/DEC202456.pdf/content
    [ERROR] download https://zenodo.org/api/records/17636586/files/Protocol%20for%20Metabolic%20Criticality%20Control%20in%20Oncology%20-%20by%20Ava%20Billions,%20Chris%20Knight%20-%202025-11-01T18:00:00.000Z%20-%20v1.0.0%20.pdf/content: 429 Client Error: TOO MANY REQUESTS for url: https://zenodo.org/api/records/17636586/files/Protocol%20for%20Metabolic%20Criticality%20Control%20in%20Oncology%20-%20by%20Ava%20Billions,%20Chris%20Knight%20-%202025-11-01T18:00:00.000Z%20-%20v1.0.0%20.pdf/content
    [ERROR] download https://zenodo.org/api/records/17636586/files/PROTOCOL%20FOR%20THE%20DEFINITIVE%20CONTROL_OF%20CANCER%20CRITICALITY%20AND%20METASTASIS.png/content: 429 Client Error: TOO MANY REQUESTS for url: https://zenodo.org/api/records/17636586/files/PROTOCOL%20FOR%20THE%20DEFINITIVE%20CONTROL_OF%20CANCER%20CRITICALITY%20AND%20METASTASIS.png/content
  [17636586] 1 media file(s) saved
  [17637012] 1 media file(s) saved
  [17638797] 1 media file(s) saved
  [17641031] 1 media file(s) saved
  [17641111] 1 media file(s) saved
  [17643382] 1 media file(s) saved
  [17645549] 1 media file(s) saved
  [17646066] 1 media file(s) saved
  [17646139] 1 media file(s) saved
  [17647698] 2 media file(s) saved
  [17647759] 6 media file(s) saved
  [17648496] 3 media file(s) saved
  [17649129] 1 media file(s) saved
  [17649135] 1 media file(s) saved
  [17649245] 1 media file(s) saved
  [17649829] 4 media file(s) saved
  [17651109] 1 media file(s) saved
  [17651955] 1 media file(s) saved
  [17652754] 1 media file(s) saved
  [17653] 1 media file(s) saved
  [17654] 1 media file(s) saved
  [1765430] 1 media file(s) saved
  [17655147] 1 media file(s) saved
  [17657642] 1 media file(s) saved
  [17657893] 1 media file(s) saved
  [17658385] 2 media file(s) saved
  [17659619] 1 media file(s) saved
  [17663722] 1 media file(s) saved
  [17663932] 1 media file(s) saved
  [17663962] 1 media file(s) saved
  [17663999] 1 media file(s) saved
  [17665296] 1 media file(s) saved
  [17665547] 1 media file(s) saved
  [17669571] 1 media file(s) saved
  [17670586] 3 media file(s) saved
  [17670762] 1 media file(s) saved
  [17674405] 1 media file(s) saved
  [17674722] 1 media file(s) saved
  [17674828] 1 media file(s) saved
  [17678132] 1 media file(s) saved
  [17679137] 1 media file(s) saved
  [17679148] 1 media file(s) saved
  [17679150] 1 media file(s) saved
  [17679250] 1 media file(s) saved
  [17681039] 1 media file(s) saved
  [1768838] 1 media file(s) saved
  [17691027] 1 media file(s) saved
  [17693763] 1 media file(s) saved
  [17694695] 1 media file(s) saved
  [17694757] 1 media file(s) saved
  [17696054] 1 media file(s) saved
  [17696153] 1 media file(s) saved
  [17696915] 1 media file(s) saved
  [17698] 1 media file(s) saved
  [17698427] 1 media file(s) saved
  [17698473] 1 media file(s) saved
  [17699122] 1 media file(s) saved
  [17703095] 1 media file(s) saved
  [17703415] 1 media file(s) saved
  [17703465] 1 media file(s) saved
  [17703928] 1 media file(s) saved
  [1770424] 1 media file(s) saved
  [17704998] 4 media file(s) saved
  [17705587] 1 media file(s) saved
  [17709591] 1 media file(s) saved
  [17710266] 1 media file(s) saved
  [17712977] 1 media file(s) saved
  [17713937] 1 media file(s) saved
  [17714003] 1 media file(s) saved
  [17714070] 1 media file(s) saved
  [17715256] 5 media file(s) saved
  [17716084] 1 media file(s) saved
  [17716312] 2 media file(s) saved
  [17718828] 1 media file(s) saved
  [17720768] 1 media file(s) saved
  [17723146] 1 media file(s) saved
  [17724155] 2 media file(s) saved
  [17724276] 1 media file(s) saved
  [17724537] 1 media file(s) saved
  [17725160] 1 media file(s) saved
  [17726116] 1 media file(s) saved
  [17726241] 1 media file(s) saved
  [17730107] 1 media file(s) saved
  [17732827] 1 media file(s) saved
  [17736315] 1 media file(s) saved
  [17736767] 1 media file(s) saved
  [17738965] 1 media file(s) saved
  [17745100] 1 media file(s) saved
  [17745178] 1 media file(s) saved
  [17746197] 1 media file(s) saved
  [17746621] 1 media file(s) saved
  [17747215] 1 media file(s) saved
    [ERROR] download https://zenodo.org/api/records/17747449/files/Fig_3a)_2.tdms/content: 429 Client Error: TOO MANY REQUESTS for url: https://zenodo.org/api/records/17747449/files/Fig_3a)_2.tdms/content
    [ERROR] download https://zenodo.org/api/records/17747449/files/FigS5_4_standard.csv/content: 429 Client Error: TOO MANY REQUESTS for url: https://zenodo.org/api/records/17747449/files/FigS5_4_standard.csv/content
    [ERROR] download https://zenodo.org/api/records/17747449/files/FigS1_b)_right_2.tdms/content: 429 Client Error: TOO MANY REQUESTS for url: https://zenodo.org/api/records/17747449/files/FigS1_b)_right_2.tdms/content
  [17747449] 50 media file(s) saved
    [ERROR] download https://zenodo.org/api/records/17748997/files/Innovative_Method_WP5.pdf/content: 429 Client Error: TOO MANY REQUESTS for url: https://zenodo.org/api/records/17748997/files/Innovative_Method_WP5.pdf/content
  [17750254] 1 media file(s) saved
  [17751845] 1 media file(s) saved
  [17754] 1 media file(s) saved
  [17756905] 1 media file(s) saved
  [17757407] 1 media file(s) saved
  [17759341] 1 media file(s) saved
    [ERROR] download https://zenodo.org/api/records/17759830/files/Znanstvena%20misel%20journal%20%E2%84%96108%202025-44-49.pdf/content: 429 Client Error: TOO MANY REQUESTS for url: https://zenodo.org/api/records/17759830/files/Znanstvena%20misel%20journal%20%E2%84%96108%202025-44-49.pdf/content
    [ERROR] download https://zenodo.org/api/records/1776143/files/article.pdf/content: 429 Client Error: TOO MANY REQUESTS for url: https://zenodo.org/api/records/1776143/files/article.pdf/content
  [17765526] 1 media file(s) saved
    [ERROR] download https://zenodo.org/api/records/17766428/files/ISRGJAHSS1003202025.pdf/content: 429 Client Error: TOO MANY REQUESTS for url: https://zenodo.org/api/records/17766428/files/ISRGJAHSS1003202025.pdf/content
  Rate limited — sleeping 60s
  [17769567] 1 media file(s) saved
  [17776751] 3 media file(s) saved
  [17778518] 1 media file(s) saved
  [17782128] 1 media file(s) saved
  [17782398] 4 media file(s) saved
  [17782782] 1 media file(s) saved
  [17783961] 1 media file(s) saved
  [17784624] 33 media file(s) saved
  [17784942] 71 media file(s) saved
    [ERROR] download https://zenodo.org/api/records/17785191/files/WBT0104357_C4H10_100_K.xye/content: 429 Client Error: TOO MANY REQUESTS for url: https://zenodo.org/api/records/17785191/files/WBT0104357_C4H10_100_K.xye/content
    [ERROR] download https://zenodo.org/api/records/17785191/files/WBT0104356.nx.hdf/content: 429 Client Error: TOO MANY REQUESTS for url: https://zenodo.org/api/records/17785191/files/WBT0104356.nx.hdf/content
    [ERROR] download https://zenodo.org/api/records/17785191/files/WBT0104364.nx.hdf/content: 429 Client Error: TOO MANY REQUESTS for url: https://zenodo.org/api/records/17785191/files/WBT0104364.nx.hdf/content
    [ERROR] download https://zenodo.org/api/records/17785191/files/WBT0104354.nx.hdf/content: 429 Client Error: TOO MANY REQUESTS for url: https://zenodo.org/api/records/17785191/files/WBT0104354.nx.hdf/content
    [ERROR] download https://zenodo.org/api/records/17785191/files/WBT0104353_C4H10_80_K.xye/content: 429 Client Error: TOO MANY REQUESTS for url: https://zenodo.org/api/records/17785191/files/WBT0104353_C4H10_80_K.xye/content
    [ERROR] download https://zenodo.org/api/records/17785191/files/WBT0104354_C4H10_85_K.xye/content: 429 Client Error: TOO MANY REQUESTS for url: https://zenodo.org/api/records/17785191/files/WBT0104354_C4H10_85_K.xye/content
    [ERROR] download https://zenodo.org/api/records/17785191/files/WBT0104359.nx.hdf/content: 429 Client Error: TOO MANY REQUESTS for url: https://zenodo.org/api/records/17785191/files/WBT0104359.nx.hdf/content
    [ERROR] download https://zenodo.org/api/records/17785191/files/WBT0104347_C4H10_50_K.xye/content: 429 Client Error: TOO MANY REQUESTS for url: https://zenodo.org/api/records/17785191/files/WBT0104347_C4H10_50_K.xye/content
    [ERROR] download https://zenodo.org/api/records/17785191/files/WBT0104339.nx.hdf/content: 429 Client Error: TOO MANY REQUESTS for url: https://zenodo.org/api/records/17785191/files/WBT0104339.nx.hdf/content
    [ERROR] download https://zenodo.org/api/records/17785191/files/WBT0104348_C4H10_55_K.xye/content: 429 Client Error: TOO MANY REQUESTS for url: https://zenodo.org/api/records/17785191/files/WBT0104348_C4H10_55_K.xye/content
    [ERROR] download https://zenodo.org/api/records/17785191/files/WBT0104340.nx.hdf/content: 429 Client Error: TOO MANY REQUESTS for url: https://zenodo.org/api/records/17785191/files/WBT0104340.nx.hdf/content
    [ERROR] download https://zenodo.org/api/records/17785191/files/WBT0104342_C4H10_25_K.xye/content: 429 Client Error: TOO MANY REQUESTS for url: https://zenodo.org/api/records/17785191/files/WBT0104342_C4H10_25_K.xye/content
    [ERROR] download https://zenodo.org/api/records/17785191/files/WBT0104352_C4H10_75_K.xye/content: 429 Client Error: TOO MANY REQUESTS for url: https://zenodo.org/api/records/17785191/files/WBT0104352_C4H10_75_K.xye/content
    [ERROR] download https://zenodo.org/api/records/17785191/files/WBT0104347.nx.hdf/content: 429 Client Error: TOO MANY REQUESTS for url: https://zenodo.org/api/records/17785191/files/WBT0104347.nx.hdf/content
    [ERROR] download https://zenodo.org/api/records/17785191/files/WBT0104343_C4H10_30_K.xye/content: 429 Client Error: TOO MANY REQUESTS for url: https://zenodo.org/api/records/17785191/files/WBT0104343_C4H10_30_K.xye/content
    [ERROR] download https://zenodo.org/api/records/17785191/files/WBT0104350.nx.hdf/content: 429 Client Error: TOO MANY REQUESTS for url: https://zenodo.org/api/records/17785191/files/WBT0104350.nx.hdf/content
    [ERROR] download https://zenodo.org/api/records/17785191/files/WBT0104350_C4H10_65_K.xye/content: 429 Client Error: TOO MANY REQUESTS for url: https://zenodo.org/api/records/17785191/files/WBT0104350_C4H10_65_K.xye/content
    [ERROR] download https://zenodo.org/api/records/17785191/files/WBT0104343.nx.hdf/content: 429 Client Error: TOO MANY REQUESTS for url: https://zenodo.org/api/records/17785191/files/WBT0104343.nx.hdf/content
    [ERROR] download https://zenodo.org/api/records/17785191/files/WBT0104353.nx.hdf/content: 429 Client Error: TOO MANY REQUESTS for url: https://zenodo.org/api/records/17785191/files/WBT0104353.nx.hdf/content
    [ERROR] download https://zenodo.org/api/records/17785191/files/WBT0104358.nx.hdf/content: 429 Client Error: TOO MANY REQUESTS for url: https://zenodo.org/api/records/17785191/files/WBT0104358.nx.hdf/content
    [ERROR] download https://zenodo.org/api/records/17785191/files/WBT0104338.nx.hdf/content: 429 Client Error: TOO MANY REQUESTS for url: https://zenodo.org/api/records/17785191/files/WBT0104338.nx.hdf/content
    [ERROR] download https://zenodo.org/api/records/17785191/files/WBT0104346.nx.hdf/content: 429 Client Error: TOO MANY REQUESTS for url: https://zenodo.org/api/records/17785191/files/WBT0104346.nx.hdf/content
    [ERROR] download https://zenodo.org/api/records/17785191/files/eff_2025_06_12.gumtree.hdf/content: 429 Client Error: TOO MANY REQUESTS for url: https://zenodo.org/api/records/17785191/files/eff_2025_06_12.gumtree.hdf/content
    [ERROR] download https://zenodo.org/api/records/17785191/files/WBT0104338_C4H10_5_K.xye/content: 429 Client Error: TOO MANY REQUESTS for url: https://zenodo.org/api/records/17785191/files/WBT0104338_C4H10_5_K.xye/content
    [ERROR] download https://zenodo.org/api/records/17785191/files/WBT0104339_C4H10_10_K.xye/content: 429 Client Error: TOO MANY REQUESTS for url: https://zenodo.org/api/records/17785191/files/WBT0104339_C4H10_10_K.xye/content
    [ERROR] download https://zenodo.org/api/records/17785191/files/WBT0104341.nx.hdf/content: 429 Client Error: TOO MANY REQUESTS for url: https://zenodo.org/api/records/17785191/files/WBT0104341.nx.hdf/content
    [ERROR] download https://zenodo.org/api/records/17785191/files/WBT0104340_C4H10_15_K.xye/content: 429 Client Error: TOO MANY REQUESTS for url: https://zenodo.org/api/records/17785191/files/WBT0104340_C4H10_15_K.xye/content
    [ERROR] download https://zenodo.org/api/records/17785191/files/WBT0104342.nx.hdf/content: 429 Client Error: TOO MANY REQUESTS for url: https://zenodo.org/api/records/17785191/files/WBT0104342.nx.hdf/content
    [ERROR] download https://zenodo.org/api/records/17785191/files/WBT0104341_C4H10_20_K.xye/content: 429 Client Error: TOO MANY REQUESTS for url: https://zenodo.org/api/records/17785191/files/WBT0104341_C4H10_20_K.xye/content
    [ERROR] download https://zenodo.org/api/records/17785191/files/WBT0104355.nx.hdf/content: 429 Client Error: TOO MANY REQUESTS for url: https://zenodo.org/api/records/17785191/files/WBT0104355.nx.hdf/content
    [ERROR] download https://zenodo.org/api/records/17785191/files/WBT0104344.nx.hdf/content: 429 Client Error: TOO MANY REQUESTS for url: https://zenodo.org/api/records/17785191/files/WBT0104344.nx.hdf/content
    [ERROR] download https://zenodo.org/api/records/17785191/files/WBT0104345_C4H10_40_K.xye/content: 429 Client Error: TOO MANY REQUESTS for url: https://zenodo.org/api/records/17785191/files/WBT0104345_C4H10_40_K.xye/content
    [ERROR] download https://zenodo.org/api/records/17785191/files/WBT0104344_C4H10_35_K.xye/content: 429 Client Error: TOO MANY REQUESTS for url: https://zenodo.org/api/records/17785191/files/WBT0104344_C4H10_35_K.xye/content
    [ERROR] download https://zenodo.org/api/records/17785191/files/WBT0104359_C4H10_110_K.xye/content: 429 Client Error: TOO MANY REQUESTS for url: https://zenodo.org/api/records/17785191/files/WBT0104359_C4H10_110_K.xye/content
    [ERROR] download https://zenodo.org/api/records/17785191/files/WBT0104351_C4H10_70_K.xye/content: 429 Client Error: TOO MANY REQUESTS for url: https://zenodo.org/api/records/17785191/files/WBT0104351_C4H10_70_K.xye/content
    [ERROR] download https://zenodo.org/api/records/17785191/files/WBT0104346_C4H10_45_K.xye/content: 429 Client Error: TOO MANY REQUESTS for url: https://zenodo.org/api/records/17785191/files/WBT0104346_C4H10_45_K.xye/content
    [ERROR] download https://zenodo.org/api/records/17785191/files/WBT0104352.nx.hdf/content: 429 Client Error: TOO MANY REQUESTS for url: https://zenodo.org/api/records/17785191/files/WBT0104352.nx.hdf/content
    [ERROR] download https://zenodo.org/api/records/17785191/files/WBT0104361_C4H10_120_K.xye/content: 429 Client Error: TOO MANY REQUESTS for url: https://zenodo.org/api/records/17785191/files/WBT0104361_C4H10_120_K.xye/content
    [ERROR] download https://zenodo.org/api/records/17785191/files/WBT0104349.nx.hdf/content: 429 Client Error: TOO MANY REQUESTS for url: https://zenodo.org/api/records/17785191/files/WBT0104349.nx.hdf/content
    [ERROR] download https://zenodo.org/api/records/17785191/files/WBT0104356_C4H10_95_K.xye/content: 429 Client Error: TOO MANY REQUESTS for url: https://zenodo.org/api/records/17785191/files/WBT0104356_C4H10_95_K.xye/content
    [ERROR] download https://zenodo.org/api/records/17785191/files/WBT0104362_C4H10_125_K.xye/content: 429 Client Error: TOO MANY REQUESTS for url: https://zenodo.org/api/records/17785191/files/WBT0104362_C4H10_125_K.xye/content
    [ERROR] download https://zenodo.org/api/records/17785191/files/WBT0104363_C4H10_130_K.xye/content: 429 Client Error: TOO MANY REQUESTS for url: https://zenodo.org/api/records/17785191/files/WBT0104363_C4H10_130_K.xye/content
    [ERROR] download https://zenodo.org/api/records/17785191/files/WBT0104349_C4H10_60_K.xye/content: 429 Client Error: TOO MANY REQUESTS for url: https://zenodo.org/api/records/17785191/files/WBT0104349_C4H10_60_K.xye/content
    [ERROR] download https://zenodo.org/api/records/17785191/files/WBT0104351.nx.hdf/content: 429 Client Error: TOO MANY REQUESTS for url: https://zenodo.org/api/records/17785191/files/WBT0104351.nx.hdf/content
    [ERROR] download https://zenodo.org/api/records/17785191/files/WBT0104357.nx.hdf/content: 429 Client Error: TOO MANY REQUESTS for url: https://zenodo.org/api/records/17785191/files/WBT0104357.nx.hdf/content
    [ERROR] download https://zenodo.org/api/records/17785191/files/WBT0104358_C4H10_105_K.xye/content: 429 Client Error: TOO MANY REQUESTS for url: https://zenodo.org/api/records/17785191/files/WBT0104358_C4H10_105_K.xye/content
    [ERROR] download https://zenodo.org/api/records/17785191/files/WBT0104360_C4H10_115_K.xye/content: 429 Client Error: TOO MANY REQUESTS for url: https://zenodo.org/api/records/17785191/files/WBT0104360_C4H10_115_K.xye/content
    [ERROR] download https://zenodo.org/api/records/17785191/files/WBT0104363.nx.hdf/content: 429 Client Error: TOO MANY REQUESTS for url: https://zenodo.org/api/records/17785191/files/WBT0104363.nx.hdf/content
    [ERROR] download https://zenodo.org/api/records/17785191/files/WBT0104362.nx.hdf/content: 429 Client Error: TOO MANY REQUESTS for url: https://zenodo.org/api/records/17785191/files/WBT0104362.nx.hdf/content
    [ERROR] download https://zenodo.org/api/records/17785191/files/WBT0104364_C4H10_135_K.xye/content: 429 Client Error: TOO MANY REQUESTS for url: https://zenodo.org/api/records/17785191/files/WBT0104364_C4H10_135_K.xye/content
  [17785191] 5 media file(s) saved
  Rate limited — sleeping 60s
  [17785585] 1 media file(s) saved
  [17786974] 2 media file(s) saved
  [17788280] 1 media file(s) saved
  [17788764] 1 media file(s) saved
  [17789275] 1 media file(s) saved
  [17789886] 5 media file(s) saved
  [17791110] 1 media file(s) saved
  [17791639] 1 media file(s) saved
  [17793676] 1 media file(s) saved
  [17794] 2 media file(s) saved
  [17794397] 1 media file(s) saved
  [17795350] 2 media file(s) saved
  [17795454] 8 media file(s) saved
  [17800062] 1 media file(s) saved
  [17800279] 1 media file(s) saved
  [17800325] 1 media file(s) saved
  [17800600] 1 media file(s) saved
  [17804497] 2 media file(s) saved
  [17804632] 1 media file(s) saved
  [17807250] 1 media file(s) saved
  [17807781] 1 media file(s) saved
  [17810415] 7 media file(s) saved
  [17811496] 1 media file(s) saved
  [17811581] 1 media file(s) saved
  [17811870] 1 media file(s) saved
  [17811978] 1 media file(s) saved
  [17812731] 1 media file(s) saved
  [17812983] 1 media file(s) saved
  [17814256] 1 media file(s) saved
  [17816684] 1 media file(s) saved
  [17817767] 1 media file(s) saved
  [17820] 1 media file(s) saved
  [17826427] 1 media file(s) saved
  [17827034] 1 media file(s) saved
  [17827890] 4 media file(s) saved
  [17828482] 1 media file(s) saved
  [17829204] 1 media file(s) saved
  [17829671] 1 media file(s) saved
  [17831149] 1 media file(s) saved
  [17831665] 1 media file(s) saved
  [17831788] 1 media file(s) saved
  [17832139] 1 media file(s) saved
  [17832183] 1 media file(s) saved
  [17836185] 1 media file(s) saved
  [17837055] 1 media file(s) saved
  [17838576] 1 media file(s) saved
  [17839] 1 media file(s) saved
  [17839060] 1 media file(s) saved
  [17839588] 1 media file(s) saved
  [17840] 1 media file(s) saved
  [17840186] 1 media file(s) saved
  [17841] 1 media file(s) saved
  [17842268] 1 media file(s) saved
  [17843454] 1 media file(s) saved
  [17845094] 1 media file(s) saved
  [17845385] 1 media file(s) saved
  [17845816] 1 media file(s) saved
  [17846891] 1 media file(s) saved
  [17849671] 1 media file(s) saved
  [17851239] 1 media file(s) saved
  [17851930] 1 media file(s) saved
  [17853119] 1 media file(s) saved
  [17853128] 15 media file(s) saved
    [ERROR] download https://zenodo.org/api/records/17854177/files/FigS4a-novel_tRNA_3.fwd.TSS.txt/content: 429 Client Error: TOO MANY REQUESTS for url: https://zenodo.org/api/records/17854177/files/FigS4a-novel_tRNA_3.fwd.TSS.txt/content
    [ERROR] download https://zenodo.org/api/records/17854177/files/FigS4a-novel_tRNA_4.bedgraph/content: 429 Client Error: TOO MANY REQUESTS for url: https://zenodo.org/api/records/17854177/files/FigS4a-novel_tRNA_4.bedgraph/content
    [ERROR] download https://zenodo.org/api/records/17854177/files/FigS4a-novel_tRNA_6.bedgraph/content: 429 Client Error: TOO MANY REQUESTS for url: https://zenodo.org/api/records/17854177/files/FigS4a-novel_tRNA_6.bedgraph/content
    [ERROR] download https://zenodo.org/api/records/17854177/files/Fig2a-novel_tx_1.fwd.CPAS.txt/content: 429 Client Error: TOO MANY REQUESTS for url: https://zenodo.org/api/records/17854177/files/Fig2a-novel_tx_1.fwd.CPAS.txt/content
    [ERROR] download https://zenodo.org/api/records/17854177/files/Fig2a-novel_tx_8.rev.CPAS.txt/content: 429 Client Error: TOO MANY REQUESTS for url: https://zenodo.org/api/records/17854177/files/Fig2a-novel_tx_8.rev.CPAS.txt/content
    [ERROR] download https://zenodo.org/api/records/17854177/files/FigS4a-novel_tRNA_3.regions.txt/content: 429 Client Error: TOO MANY REQUESTS for url: https://zenodo.org/api/records/17854177/files/FigS4a-novel_tRNA_3.regions.txt/content
    [ERROR] download https://zenodo.org/api/records/17854177/files/FigS4a-novel_tRNA_2.regions.txt/content: 429 Client Error: TOO MANY REQUESTS for url: https://zenodo.org/api/records/17854177/files/FigS4a-novel_tRNA_2.regions.txt/content
    [ERROR] download https://zenodo.org/api/records/17854177/files/FigS4a-novel_tRNA_3.fwd.CPAS.txt/content: 429 Client Error: TOO MANY REQUESTS for url: https://zenodo.org/api/records/17854177/files/FigS4a-novel_tRNA_3.fwd.CPAS.txt/content
    [ERROR] download https://zenodo.org/api/records/17854177/files/FigS4a-novel_tRNA_5.rev.TSS.txt/content: 429 Client Error: TOO MANY REQUESTS for url: https://zenodo.org/api/records/17854177/files/FigS4a-novel_tRNA_5.rev.TSS.txt/content
    [ERROR] download https://zenodo.org/api/records/17854177/files/Fig2a-novel_tx_5.regions.txt/content: 429 Client Error: TOO MANY REQUESTS for url: https://zenodo.org/api/records/17854177/files/Fig2a-novel_tx_5.regions.txt/content
    [ERROR] download https://zenodo.org/api/records/17854177/files/Fig2a-novel_tx_5.rev.TSS.txt/content: 429 Client Error: TOO MANY REQUESTS for url: https://zenodo.org/api/records/17854177/files/Fig2a-novel_tx_5.rev.TSS.txt/content
    [ERROR] download https://zenodo.org/api/records/17854177/files/FigS4a-novel_tRNA_5.regions.txt/content: 429 Client Error: TOO MANY REQUESTS for url: https://zenodo.org/api/records/17854177/files/FigS4a-novel_tRNA_5.regions.txt/content
    [ERROR] download https://zenodo.org/api/records/17854177/files/FigS4a-novel_tRNA_6.rev.CPAS.txt/content: 429 Client Error: TOO MANY REQUESTS for url: https://zenodo.org/api/records/17854177/files/FigS4a-novel_tRNA_6.rev.CPAS.txt/content
    [ERROR] download https://zenodo.org/api/records/17854177/files/FigS4a-novel_tRNA_4.fwd.CPAS.txt/content: 429 Client Error: TOO MANY REQUESTS for url: https://zenodo.org/api/records/17854177/files/FigS4a-novel_tRNA_4.fwd.CPAS.txt/content
    [ERROR] download https://zenodo.org/api/records/17854177/files/Fig2a-novel_tx_6.txt/content: 429 Client Error: TOO MANY REQUESTS for url: https://zenodo.org/api/records/17854177/files/Fig2a-novel_tx_6.txt/content
    [ERROR] download https://zenodo.org/api/records/17854177/files/Fig2a-novel_tx_2.rev.CPAS.txt/content: 429 Client Error: TOO MANY REQUESTS for url: https://zenodo.org/api/records/17854177/files/Fig2a-novel_tx_2.rev.CPAS.txt/content
    [ERROR] download https://zenodo.org/api/records/17854177/files/Fig2a-novel_tx_4.bedgraph/content: 429 Client Error: TOO MANY REQUESTS for url: https://zenodo.org/api/records/17854177/files/Fig2a-novel_tx_4.bedgraph/content
    [ERROR] download https://zenodo.org/api/records/17854177/files/Fig2a-novel_tx_4.fwd.CPAS.txt/content: 429 Client Error: TOO MANY REQUESTS for url: https://zenodo.org/api/records/17854177/files/Fig2a-novel_tx_4.fwd.CPAS.txt/content
    [ERROR] download https://zenodo.org/api/records/17854177/files/Fig2a-novel_tx_6.rev.CPAS.txt/content: 429 Client Error: TOO MANY REQUESTS for url: https://zenodo.org/api/records/17854177/files/Fig2a-novel_tx_6.rev.CPAS.txt/content
    [ERROR] download https://zenodo.org/api/records/17854177/files/FigS4a-novel_tRNA_5.bedgraph/content: 429 Client Error: TOO MANY REQUESTS for url: https://zenodo.org/api/records/17854177/files/FigS4a-novel_tRNA_5.bedgraph/content
    [ERROR] download https://zenodo.org/api/records/17854177/files/Fig2a-novel_tx_4.fwd.TSS.txt/content: 429 Client Error: TOO MANY REQUESTS for url: https://zenodo.org/api/records/17854177/files/Fig2a-novel_tx_4.fwd.TSS.txt/content
    [ERROR] download https://zenodo.org/api/records/17854177/files/Fig2a-novel_tx_6.regions.txt/content: 429 Client Error: TOO MANY REQUESTS for url: https://zenodo.org/api/records/17854177/files/Fig2a-novel_tx_6.regions.txt/content
    [ERROR] download https://zenodo.org/api/records/17854177/files/Fig2a-novel_tx_8.bedgraph/content: 429 Client Error: TOO MANY REQUESTS for url: https://zenodo.org/api/records/17854177/files/Fig2a-novel_tx_8.bedgraph/content
    [ERROR] download https://zenodo.org/api/records/17854177/files/Fig2a-novel_tx_1.bedgraph/content: 429 Client Error: TOO MANY REQUESTS for url: https://zenodo.org/api/records/17854177/files/Fig2a-novel_tx_1.bedgraph/content
    [ERROR] download https://zenodo.org/api/records/17854177/files/Fig2a-novel_tx_3.bedgraph/content: 429 Client Error: TOO MANY REQUESTS for url: https://zenodo.org/api/records/17854177/files/Fig2a-novel_tx_3.bedgraph/content
    [ERROR] download https://zenodo.org/api/records/17854177/files/Fig2a-novel_tx_3.fwd.TSS.txt/content: 429 Client Error: TOO MANY REQUESTS for url: https://zenodo.org/api/records/17854177/files/Fig2a-novel_tx_3.fwd.TSS.txt/content
    [ERROR] download https://zenodo.org/api/records/17854177/files/FigS4a-novel_tRNA_2.bedgraph/content: 429 Client Error: TOO MANY REQUESTS for url: https://zenodo.org/api/records/17854177/files/FigS4a-novel_tRNA_2.bedgraph/content
    [ERROR] download https://zenodo.org/api/records/17854177/files/FigS4a-novel_tRNA_6.regions.txt/content: 429 Client Error: TOO MANY REQUESTS for url: https://zenodo.org/api/records/17854177/files/FigS4a-novel_tRNA_6.regions.txt/content
    [ERROR] download https://zenodo.org/api/records/17854177/files/FigS4a-novel_tRNA_1.bedgraph/content: 429 Client Error: TOO MANY REQUESTS for url: https://zenodo.org/api/records/17854177/files/FigS4a-novel_tRNA_1.bedgraph/content
    [ERROR] download https://zenodo.org/api/records/17854177/files/FigS4a-novel_tRNA_1.fwd.TSS.txt/content: 429 Client Error: TOO MANY REQUESTS for url: https://zenodo.org/api/records/17854177/files/FigS4a-novel_tRNA_1.fwd.TSS.txt/content
    [ERROR] download https://zenodo.org/api/records/17854177/files/Fig3-ARPE19_uninf-1_select_tRNAs.sorted.bedgraph/content: 429 Client Error: TOO MANY REQUESTS for url: https://zenodo.org/api/records/17854177/files/Fig3-ARPE19_uninf-1_select_tRNAs.sorted.bedgraph/content
    [ERROR] download https://zenodo.org/api/records/17854177/files/FigS4a-novel_tRNA_1.regions.txt/content: 429 Client Error: TOO MANY REQUESTS for url: https://zenodo.org/api/records/17854177/files/FigS4a-novel_tRNA_1.regions.txt/content
    [ERROR] download https://zenodo.org/api/records/17854177/files/Fig2a-novel_tx_2.rev.TSS.txt/content: 429 Client Error: TOO MANY REQUESTS for url: https://zenodo.org/api/records/17854177/files/Fig2a-novel_tx_2.rev.TSS.txt/content
    [ERROR] download https://zenodo.org/api/records/17854177/files/Fig2a-novel_tx_7.regions.txt/content: 429 Client Error: TOO MANY REQUESTS for url: https://zenodo.org/api/records/17854177/files/Fig2a-novel_tx_7.regions.txt/content
    [ERROR] download https://zenodo.org/api/records/17854177/files/Fig2a-novel_tx_8.rev.TSS.txt/content: 429 Client Error: TOO MANY REQUESTS for url: https://zenodo.org/api/records/17854177/files/Fig2a-novel_tx_8.rev.TSS.txt/content
  [17854177] 23 media file(s) saved
  [17854300] 1 media file(s) saved
  [17854389] 1 media file(s) saved
  [17854618] 1 media file(s) saved
  [17854999] 1 media file(s) saved
  [17855702] 1 media file(s) saved
  [17856061] 1 media file(s) saved
    [ERROR] download https://zenodo.org/api/records/17856257/files/FigS10b-ARPE19-HSV1-12hpi-1_bwa_W13k6T20.SR.primary-merged.HG38.sorted.hg38-tRNAs.count.txt/content: 429 Client Error: TOO MANY REQUESTS for url: https://zenodo.org/api/records/17856257/files/FigS10b-ARPE19-HSV1-12hpi-1_bwa_W13k6T20.SR.primary-merged.HG38.sorted.hg38-tRNAs.count.txt/content
    [ERROR] download https://zenodo.org/api/records/17856257/files/FigS10c-pseU.txt/content: 429 Client Error: TOO MANY REQUESTS for url: https://zenodo.org/api/records/17856257/files/FigS10c-pseU.txt/content
    [ERROR] download https://zenodo.org/api/records/17856257/files/FigS10b-ARPE19-IFNag-24h-1_bwa_W13k6T20.SR.primary-merged.HG38.sorted.PolIIItx.primaryOnly.count.txt/content: 429 Client Error: TOO MANY REQUESTS for url: https://zenodo.org/api/records/17856257/files/FigS10b-ARPE19-IFNag-24h-1_bwa_W13k6T20.SR.primary-merged.HG38.sorted.PolIIItx.primaryOnly.count.txt/content
    [ERROR] download https://zenodo.org/api/records/17856257/files/Fig6e-S10defgh-ARPE19-HSV1-12hpi-1.sup-pseU_bwa_W13k6T20.SR.primary-merged.HG38.modFilt.0.98.hg38-tRNAs.intersect.bed/content: 429 Client Error: TOO MANY REQUESTS for url: https://zenodo.org/api/records/17856257/files/Fig6e-S10defgh-ARPE19-HSV1-12hpi-1.sup-pseU_bwa_W13k6T20.SR.primary-merged.HG38.modFilt.0.98.hg38-tRNAs.intersect.bed/content
    [ERROR] download https://zenodo.org/api/records/17856257/files/FigS10a-HSV1-6hpi-2.merged.counts.txt/content: 429 Client Error: TOO MANY REQUESTS for url: https://zenodo.org/api/records/17856257/files/FigS10a-HSV1-6hpi-2.merged.counts.txt/content
    [ERROR] download https://zenodo.org/api/records/17856257/files/Fig6e-S10defgh-ARPE19-IFNag-24h-1.sup-pseU_bwa_W13k6T20.SR.primary-merged.HG38.modFilt.0.98.hg38-tRNAs.intersect.bed/content: 429 Client Error: TOO MANY REQUESTS for url: https://zenodo.org/api/records/17856257/files/Fig6e-S10defgh-ARPE19-IFNag-24h-1.sup-pseU_bwa_W13k6T20.SR.primary-merged.HG38.modFilt.0.98.hg38-tRNAs.intersect.bed/content
    [ERROR] download https://zenodo.org/api/records/17856257/files/FigS10d-ARPE19-HSV1-12hpi-1.sup-pseU_bwa_W13k6T20.SR.primary-merged.HG38.modFilt.0.98.PolIIItx.primaryOnly.intersect.bed/content: 429 Client Error: TOO MANY REQUESTS for url: https://zenodo.org/api/records/17856257/files/FigS10d-ARPE19-HSV1-12hpi-1.sup-pseU_bwa_W13k6T20.SR.primary-merged.HG38.modFilt.0.98.PolIIItx.primaryOnly.intersect.bed/content
    [ERROR] download https://zenodo.org/api/records/17856257/files/FigS10c-A.txt/content: 429 Client Error: TOO MANY REQUESTS for url: https://zenodo.org/api/records/17856257/files/FigS10c-A.txt/content
    [ERROR] download https://zenodo.org/api/records/17856257/files/FigS10b-ARPE19_HSV1_6hpi-1_bwa_W13k6T20.SR.primary-merged.HG38.sorted.hg38-tRNAs.count.txt/content: 429 Client Error: TOO MANY REQUESTS for url: https://zenodo.org/api/records/17856257/files/FigS10b-ARPE19_HSV1_6hpi-1_bwa_W13k6T20.SR.primary-merged.HG38.sorted.hg38-tRNAs.count.txt/content
    [ERROR] download https://zenodo.org/api/records/17856257/files/FigS10d-ARPE19-HSV1-12hpi-2.sup-pseU_bwa_W13k6T20.SR.primary-merged.HG38.modFilt.0.98.PolIIItx.primaryOnly.intersect.bed/content: 429 Client Error: TOO MANY REQUESTS for url: https://zenodo.org/api/records/17856257/files/FigS10d-ARPE19-HSV1-12hpi-2.sup-pseU_bwa_W13k6T20.SR.primary-merged.HG38.modFilt.0.98.PolIIItx.primaryOnly.intersect.bed/content
    [ERROR] download https://zenodo.org/api/records/17856257/files/Fig6e-S10defgh-ARPE19_HSV1_6hpi-2.sup-pseU_bwa_W13k6T20.SR.primary-merged.HG38.modFilt.0.98.hg38-tRNAs.intersect.bed/content: 429 Client Error: TOO MANY REQUESTS for url: https://zenodo.org/api/records/17856257/files/Fig6e-S10defgh-ARPE19_HSV1_6hpi-2.sup-pseU_bwa_W13k6T20.SR.primary-merged.HG38.modFilt.0.98.hg38-tRNAs.intersect.bed/content
    [ERROR] download https://zenodo.org/api/records/17856257/files/FigS10b-ARPE19-HSV1-12hpi-2_bwa_W13k6T20.SR.primary-merged.HG38.sorted.PolIIItx.primaryOnly.count.txt/content: 429 Client Error: TOO MANY REQUESTS for url: https://zenodo.org/api/records/17856257/files/FigS10b-ARPE19-HSV1-12hpi-2_bwa_W13k6T20.SR.primary-merged.HG38.sorted.PolIIItx.primaryOnly.count.txt/content
    [ERROR] download https://zenodo.org/api/records/17856257/files/FigS10b-ARPE19-IFNag-24h-1_bwa_W13k6T20.SR.primary-merged.HG38.sorted.hg38-tRNAs.count.txt/content: 429 Client Error: TOO MANY REQUESTS for url: https://zenodo.org/api/records/17856257/files/FigS10b-ARPE19-IFNag-24h-1_bwa_W13k6T20.SR.primary-merged.HG38.sorted.hg38-tRNAs.count.txt/content
    [ERROR] download https://zenodo.org/api/records/17856257/files/FigS10d-ARPE19-IFNag-24h-1.sup-pseU_bwa_W13k6T20.SR.primary-merged.HG38.modFilt.0.98.PolIIItx.primaryOnly.intersect.bed/content: 429 Client Error: TOO MANY REQUESTS for url: https://zenodo.org/api/records/17856257/files/FigS10d-ARPE19-IFNag-24h-1.sup-pseU_bwa_W13k6T20.SR.primary-merged.HG38.modFilt.0.98.PolIIItx.primaryOnly.intersect.bed/content
    [ERROR] download https://zenodo.org/api/records/17856257/files/FigS10b-ARPE19_HSV1_6hpi-2_bwa_W13k6T20.SR.primary-merged.HG38.sorted.PolIIItx.primaryOnly.count.txt/content: 429 Client Error: TOO MANY REQUESTS for url: https://zenodo.org/api/records/17856257/files/FigS10b-ARPE19_HSV1_6hpi-2_bwa_W13k6T20.SR.primary-merged.HG38.sorted.PolIIItx.primaryOnly.count.txt/content
    [ERROR] download https://zenodo.org/api/records/17856257/files/FigS10a-HSV1-12hpi-1.merged.counts.txt/content: 429 Client Error: TOO MANY REQUESTS for url: https://zenodo.org/api/records/17856257/files/FigS10a-HSV1-12hpi-1.merged.counts.txt/content
    [ERROR] download https://zenodo.org/api/records/17856257/files/FigS10a-HSV1-12hpi-2.merged.counts.txt/content: 429 Client Error: TOO MANY REQUESTS for url: https://zenodo.org/api/records/17856257/files/FigS10a-HSV1-12hpi-2.merged.counts.txt/content
    [ERROR] download https://zenodo.org/api/records/17856257/files/FigS10b-ARPE19_HSV1_6hpi-1_bwa_W13k6T20.SR.primary-merged.HG38.sorted.PolIIItx.primaryOnly.count.txt/content: 429 Client Error: TOO MANY REQUESTS for url: https://zenodo.org/api/records/17856257/files/FigS10b-ARPE19_HSV1_6hpi-1_bwa_W13k6T20.SR.primary-merged.HG38.sorted.PolIIItx.primaryOnly.count.txt/content
    [ERROR] download https://zenodo.org/api/records/17856257/files/FigS10a-HSV1-6hpi-1.merged.counts.txt/content: 429 Client Error: TOO MANY REQUESTS for url: https://zenodo.org/api/records/17856257/files/FigS10a-HSV1-6hpi-1.merged.counts.txt/content
    [ERROR] download https://zenodo.org/api/records/17856257/files/ARPE19-HSV1-6hpi-2.w13k6t20.HSV1.sorted.fwd.bedgraph/content: 429 Client Error: TOO MANY REQUESTS for url: https://zenodo.org/api/records/17856257/files/ARPE19-HSV1-6hpi-2.w13k6t20.HSV1.sorted.fwd.bedgraph/content
    [ERROR] download https://zenodo.org/api/records/17856257/files/FigS10b-ARPE19-HSV1-12hpi-1_bwa_W13k6T20.SR.primary-merged.HG38.sorted.PolIIItx.primaryOnly.count.txt/content: 429 Client Error: TOO MANY REQUESTS for url: https://zenodo.org/api/records/17856257/files/FigS10b-ARPE19-HSV1-12hpi-1_bwa_W13k6T20.SR.primary-merged.HG38.sorted.PolIIItx.primaryOnly.count.txt/content
    [ERROR] download https://zenodo.org/api/records/17856257/files/ARPE19-HSV1-12hpi-3.sup-pseU.primary-merged.HSV1-Kos.sorted.fwd.bedgraph/content: 429 Client Error: TOO MANY REQUESTS for url: https://zenodo.org/api/records/17856257/files/ARPE19-HSV1-12hpi-3.sup-pseU.primary-merged.HSV1-Kos.sorted.fwd.bedgraph/content
    [ERROR] download https://zenodo.org/api/records/17856257/files/FigS10d-ARPE19_HSV1_6hpi-2.sup-pseU_bwa_W13k6T20.SR.primary-merged.HG38.modFilt.0.98.PolIIItx.primaryOnly.intersect.bed/content: 429 Client Error: TOO MANY REQUESTS for url: https://zenodo.org/api/records/17856257/files/FigS10d-ARPE19_HSV1_6hpi-2.sup-pseU_bwa_W13k6T20.SR.primary-merged.HG38.modFilt.0.98.PolIIItx.primaryOnly.intersect.bed/content
    [ERROR] download https://zenodo.org/api/records/17856257/files/FigS10d-ARPE19_HSV1_6hpi-1.sup-pseU_bwa_W13k6T20.SR.primary-merged.HG38.modFilt.0.98.PolIIItx.primaryOnly.intersect.bed/content: 429 Client Error: TOO MANY REQUESTS for url: https://zenodo.org/api/records/17856257/files/FigS10d-ARPE19_HSV1_6hpi-1.sup-pseU_bwa_W13k6T20.SR.primary-merged.HG38.modFilt.0.98.PolIIItx.primaryOnly.intersect.bed/content
    [ERROR] download https://zenodo.org/api/records/17856257/files/ARPE19-HSV1-6hpi-2.w13k6t20.HSV1.sorted.rev.bedgraph/content: 429 Client Error: TOO MANY REQUESTS for url: https://zenodo.org/api/records/17856257/files/ARPE19-HSV1-6hpi-2.w13k6t20.HSV1.sorted.rev.bedgraph/content
    [ERROR] download https://zenodo.org/api/records/17856257/files/ARPE19-HSV1-12hpi-1.sup-pseU.primary-merged.HSV1-Kos.sorted.fwd.bedgraph/content: 429 Client Error: TOO MANY REQUESTS for url: https://zenodo.org/api/records/17856257/files/ARPE19-HSV1-12hpi-1.sup-pseU.primary-merged.HSV1-Kos.sorted.fwd.bedgraph/content
    [ERROR] download https://zenodo.org/api/records/17856257/files/ARPE19-HSV1-12hpi-3.sup-pseU.primary-merged.HSV1-Kos.sorted.rev.bedgraph/content: 429 Client Error: TOO MANY REQUESTS for url: https://zenodo.org/api/records/17856257/files/ARPE19-HSV1-12hpi-3.sup-pseU.primary-merged.HSV1-Kos.sorted.rev.bedgraph/content
  [17856257] 8 media file(s) saved
  Rate limited — sleeping 60s
  [17858038] 6 media file(s) saved
  [17858150] 1 media file(s) saved
  [17859774] 1 media file(s) saved
  [17859778] 10 media file(s) saved
  [17860601] 1 media file(s) saved
  [17865212] 1 media file(s) saved
  [17865273] 1 media file(s) saved
  [17865867] 7 media file(s) saved
  [17867488] 1 media file(s) saved
  [1786751] 1 media file(s) saved
  [17867775] 1 media file(s) saved
  [17870192] 1 media file(s) saved
  [17870200] 1 media file(s) saved
  [17870206] 1 media file(s) saved
  [17870216] 1 media file(s) saved
  [17870232] 1 media file(s) saved
  [17871632] 1 media file(s) saved
  [17871707] 1 media file(s) saved
  [17871757] 1 media file(s) saved
  [17871782] 1 media file(s) saved
  [17872123] 1 media file(s) saved
  [1787259] 1 media file(s) saved
  [17873778] 1 media file(s) saved
  [17875708] 1 media file(s) saved
  [17875737] 1 media file(s) saved
    [ERROR] download https://zenodo.org/api/records/17876201/files/FigS7acd-ARPE19_uninf-2.sup-pseU_bwa_W13k6T20.SR.primary-merged.HG38.modFilt.0.98.PolIIItx.primaryOnly.intersect.bed/content: 429 Client Error: TOO MANY REQUESTS for url: https://zenodo.org/api/records/17876201/files/FigS7acd-ARPE19_uninf-2.sup-pseU_bwa_W13k6T20.SR.primary-merged.HG38.modFilt.0.98.PolIIItx.primaryOnly.intersect.bed/content
    [ERROR] download https://zenodo.org/api/records/17876201/files/FigS6a-NHDF-uninf-1.sup-m6A_bwa_W13k6T20.SR.primary-merged.HG38.modFilt.0.98.RN7SK.primaryOnly.intersect.bed/content: 429 Client Error: TOO MANY REQUESTS for url: https://zenodo.org/api/records/17876201/files/FigS6a-NHDF-uninf-1.sup-m6A_bwa_W13k6T20.SR.primary-merged.HG38.modFilt.0.98.RN7SK.primaryOnly.intersect.bed/content
    [ERROR] download https://zenodo.org/api/records/17876201/files/FigS7acd-ARPE19_uninf-2.sup-m6A_bwa_W13k6T20.SR.primary-merged.HG38.noFilt.hg38-tRNAs.intersect.bed/content: 429 Client Error: TOO MANY REQUESTS for url: https://zenodo.org/api/records/17876201/files/FigS7acd-ARPE19_uninf-2.sup-m6A_bwa_W13k6T20.SR.primary-merged.HG38.noFilt.hg38-tRNAs.intersect.bed/content
    [ERROR] download https://zenodo.org/api/records/17876201/files/FigS7acd-ARPE19_uninf-2.sup-pseU_bwa_W13k6T20.SR.primary-merged.HG38.noFilt.hg38-tRNAs.intersect.bed/content: 429 Client Error: TOO MANY REQUESTS for url: https://zenodo.org/api/records/17876201/files/FigS7acd-ARPE19_uninf-2.sup-pseU_bwa_W13k6T20.SR.primary-merged.HG38.noFilt.hg38-tRNAs.intersect.bed/content
    [ERROR] download https://zenodo.org/api/records/17876201/files/FigS6c-CRO-AP5-1.sup-pseU_bwa_W13k6T20.SR.primary-merged.EBV.modFiltU.noFilt.sorted.bed/content: 429 Client Error: TOO MANY REQUESTS for url: https://zenodo.org/api/records/17876201/files/FigS6c-CRO-AP5-1.sup-pseU_bwa_W13k6T20.SR.primary-merged.EBV.modFiltU.noFilt.sorted.bed/content
    [ERROR] download https://zenodo.org/api/records/17876201/files/FigS7acd-CRO-AP5-1.sup-pseU_bwa_W13k6T20.SR.primary-merged.HG38_EBV_KSHV.modFilt.0.98.hg38-tRNAs.intersect.bed/content: 429 Client Error: TOO MANY REQUESTS for url: https://zenodo.org/api/records/17876201/files/FigS7acd-CRO-AP5-1.sup-pseU_bwa_W13k6T20.SR.primary-merged.HG38_EBV_KSHV.modFilt.0.98.hg38-tRNAs.intersect.bed/content
    [ERROR] download https://zenodo.org/api/records/17876201/files/FigS7acd-ARPE19_siLa-1.sup-m6A_bwa_W13k6T20.SR.primary-merged.HG38.modFilt.0.98.PolIIItx.primaryOnly.intersect.bed/content: 429 Client Error: TOO MANY REQUESTS for url: https://zenodo.org/api/records/17876201/files/FigS7acd-ARPE19_siLa-1.sup-m6A_bwa_W13k6T20.SR.primary-merged.HG38.modFilt.0.98.PolIIItx.primaryOnly.intersect.bed/content
    [ERROR] download https://zenodo.org/api/records/17876201/files/FigS7acd-ARPE19_siLa-1.sup-pseU_bwa_W13k6T20.SR.primary-merged.HG38.noFilt.PolIIItx.primaryOnly.intersect.bed/content: 429 Client Error: TOO MANY REQUESTS for url: https://zenodo.org/api/records/17876201/files/FigS7acd-ARPE19_siLa-1.sup-pseU_bwa_W13k6T20.SR.primary-merged.HG38.noFilt.PolIIItx.primaryOnly.intersect.bed/content
    [ERROR] download https://zenodo.org/api/records/17876201/files/Fig4d-CRO-AP5-1.sup-m6A_bwa_W13k6T20.RN7SK.sorted.bedgraph/content: 429 Client Error: TOO MANY REQUESTS for url: https://zenodo.org/api/records/17876201/files/Fig4d-CRO-AP5-1.sup-m6A_bwa_W13k6T20.RN7SK.sorted.bedgraph/content
    [ERROR] download https://zenodo.org/api/records/17876201/files/FigS7acd-ARPE19_uninf-1.sup-m6A_bwa_W13k6T20.SR.primary-merged.HG38.noFilt.hg38-tRNAs.intersect.bed/content: 429 Client Error: TOO MANY REQUESTS for url: https://zenodo.org/api/records/17876201/files/FigS7acd-ARPE19_uninf-1.sup-m6A_bwa_W13k6T20.SR.primary-merged.HG38.noFilt.hg38-tRNAs.intersect.bed/content
    [ERROR] download https://zenodo.org/api/records/17876201/files/FigS7acd-ARPE19_uninf-1.sup-pseU_bwa_W13k6T20.SR.primary-merged.HG38.modFilt.0.98.PolIIItx.primaryOnly.intersect.bed/content: 429 Client Error: TOO MANY REQUESTS for url: https://zenodo.org/api/records/17876201/files/FigS7acd-ARPE19_uninf-1.sup-pseU_bwa_W13k6T20.SR.primary-merged.HG38.modFilt.0.98.PolIIItx.primaryOnly.intersect.bed/content
    [ERROR] download https://zenodo.org/api/records/17876201/files/FigS7acd-ARPE19_uninf-1.sup-pseU_bwa_W13k6T20.SR.primary-merged.HG38.noFilt.hg38-tRNAs.intersect.bed/content: 429 Client Error: TOO MANY REQUESTS for url: https://zenodo.org/api/records/17876201/files/FigS7acd-ARPE19_uninf-1.sup-pseU_bwa_W13k6T20.SR.primary-merged.HG38.noFilt.hg38-tRNAs.intersect.bed/content
    [ERROR] download https://zenodo.org/api/records/17876201/files/FigS6b-EBER2-IVT-3_bwa_W13k6T20.SR.HG38_EBV_KSHV.sorted.fwd.bedgraph/content: 429 Client Error: TOO MANY REQUESTS for url: https://zenodo.org/api/records/17876201/files/FigS6b-EBER2-IVT-3_bwa_W13k6T20.SR.HG38_EBV_KSHV.sorted.fwd.bedgraph/content
    [ERROR] download https://zenodo.org/api/records/17876201/files/FigS7acd-CRO-AP5-1.sup-m6A_bwa_W13k6T20.SR.primary-merged.HG38_EBV_KSHV.modFilt.0.98.PolIIItx.primaryOnly.intersect.bed/content: 429 Client Error: TOO MANY REQUESTS for url: https://zenodo.org/api/records/17876201/files/FigS7acd-CRO-AP5-1.sup-m6A_bwa_W13k6T20.SR.primary-merged.HG38_EBV_KSHV.modFilt.0.98.PolIIItx.primaryOnly.intersect.bed/content
    [ERROR] download https://zenodo.org/api/records/17876201/files/FigS7acd-NHDF-uninf-1.sup-m6A_bwa_W13k6T20.SR.primary-merged.HG38.noFilt.PolIIItx.primaryOnly.intersect.bed/content: 429 Client Error: TOO MANY REQUESTS for url: https://zenodo.org/api/records/17876201/files/FigS7acd-NHDF-uninf-1.sup-m6A_bwa_W13k6T20.SR.primary-merged.HG38.noFilt.PolIIItx.primaryOnly.intersect.bed/content
    [ERROR] download https://zenodo.org/api/records/17876201/files/FigS7acd-NHDF-uninf-1.sup-pseU_bwa_W13k6T20.SR.primary-merged.HG38.modFilt.0.98.hg38-tRNAs.intersect.bed/content: 429 Client Error: TOO MANY REQUESTS for url: https://zenodo.org/api/records/17876201/files/FigS7acd-NHDF-uninf-1.sup-pseU_bwa_W13k6T20.SR.primary-merged.HG38.modFilt.0.98.hg38-tRNAs.intersect.bed/content
    [ERROR] download https://zenodo.org/api/records/17876201/files/FigS7acd-RN7SK-IVT-1.sup-pseU_bwa_W13k6T20.SR.HG38.modFilt.0.98.PolIIItx.primaryOnly.intersect.bed/content: 429 Client Error: TOO MANY REQUESTS for url: https://zenodo.org/api/records/17876201/files/FigS7acd-RN7SK-IVT-1.sup-pseU_bwa_W13k6T20.SR.HG38.modFilt.0.98.PolIIItx.primaryOnly.intersect.bed/content
    [ERROR] download https://zenodo.org/api/records/17876201/files/FigS6b-CRO-AP5-1_bwa_W13k6T20.SR.primary-merged.EBV.sorted.fwd.bedgraph/content: 429 Client Error: TOO MANY REQUESTS for url: https://zenodo.org/api/records/17876201/files/FigS6b-CRO-AP5-1_bwa_W13k6T20.SR.primary-merged.EBV.sorted.fwd.bedgraph/content
    [ERROR] download https://zenodo.org/api/records/17876201/files/Fig4b-pseU-categorybreakdown.txt/content: 429 Client Error: TOO MANY REQUESTS for url: https://zenodo.org/api/records/17876201/files/Fig4b-pseU-categorybreakdown.txt/content
    [ERROR] download https://zenodo.org/api/records/17876201/files/Fig4c-m6A-unusual-peaks.txt/content: 429 Client Error: TOO MANY REQUESTS for url: https://zenodo.org/api/records/17876201/files/Fig4c-m6A-unusual-peaks.txt/content
  [17876201] 58 media file(s) saved
  Rate limited — sleeping 60s
  [17876277] 2 media file(s) saved
  [1787697] 1 media file(s) saved
  [17878740] 1 media file(s) saved
  [17882124] 1 media file(s) saved
  [17882442] 1 media file(s) saved
  [17884704] 1 media file(s) saved
  [17885779] 1 media file(s) saved
  [17886096] 29 media file(s) saved
  [17886650] 2 media file(s) saved
  [17887430] 1 media file(s) saved
  [17893548] 1 media file(s) saved
  [17895766] 1 media file(s) saved
  [17896467] 1 media file(s) saved
  [17896712] 1 media file(s) saved
  [17896898] 1 media file(s) saved
  [17897309] 1 media file(s) saved
  [17897947] 1 media file(s) saved
  [17901052] 1 media file(s) saved
  [17901574] 1 media file(s) saved
  [17902059] 2 media file(s) saved
  [17902474] 14 media file(s) saved
  [17905970] 1 media file(s) saved
  [17907037] 1 media file(s) saved
  [17907579] 1 media file(s) saved
  [17908387] 2 media file(s) saved
  [17909053] 1 media file(s) saved
  [17909748] 1 media file(s) saved
  [17909850] 1 media file(s) saved
  [17910557] 1 media file(s) saved
  [17910605] 3 media file(s) saved
    [ERROR] download https://zenodo.org/api/records/17911632/files/Sowing%20period%20arthropod%20nutrients.R/content: 503 Server Error: Service Unavailable for url: https://zenodo.org/api/records/17911632/files/Sowing%20period%20arthropod%20nutrients.R/content
    [ERROR] download https://zenodo.org/api/records/17911632/files/Community%20data.csv/content: 503 Server Error: Service Unavailable for url: https://zenodo.org/api/records/17911632/files/Community%20data.csv/content
  [17911632] 4 media file(s) saved
  [ERROR] record 17915231: 503 Server Error: Service Unavailable for url: https://zenodo.org/api/records/17915231
  [17915586] 1 media file(s) saved
  [17916032] 1 media file(s) saved
  [17917502] 1 media file(s) saved
  [17917748] 1 media file(s) saved
  [17918987] 1 media file(s) saved
  [17919701] 1 media file(s) saved
  [17922858] 1 media file(s) saved
  [17923168] 1 media file(s) saved
    [ERROR] download https://zenodo.org/api/records/17926898/files/7_EJISS_Adlit_Adlit.pdf/content: 429 Client Error: TOO MANY REQUESTS for url: https://zenodo.org/api/records/17926898/files/7_EJISS_Adlit_Adlit.pdf/content
  Rate limited — sleeping 60s
  [17928472] 1 media file(s) saved
  [17930500] 1 media file(s) saved
  [17930814] 1 media file(s) saved
  [17930856] 8 media file(s) saved
  [17931107] 1 media file(s) saved
  [17932893] 1 media file(s) saved
  [17935016] 1 media file(s) saved
  [17935615] 3 media file(s) saved
  [17936161] 1 media file(s) saved
  [17936398] 1 media file(s) saved
  [17936768] 1 media file(s) saved
  [17937109] 7 media file(s) saved
  [17937157] 1 media file(s) saved
  [17937488] 1 media file(s) saved
  [17937817] 1 media file(s) saved
  [17938672] 1 media file(s) saved
  [17942181] 1 media file(s) saved
  [17944327] 1 media file(s) saved
  [17945094] 1 media file(s) saved
  [17945515] 1 media file(s) saved
  [17945633] 1 media file(s) saved
  [17945744] 1 media file(s) saved
  [17945791] 1 media file(s) saved
  [1794587] 1 media file(s) saved
  [17946979] 1 media file(s) saved
  [17947416] 1 media file(s) saved
  [17948167] 1 media file(s) saved
  [17948910] 1 media file(s) saved
  [17949953] 1 media file(s) saved
  [17950849] 1 media file(s) saved
  [17951767] 6 media file(s) saved
  [17952786] 1 media file(s) saved
  [17953412] 1 media file(s) saved
  [17956786] 1 media file(s) saved
  [1795933] 1 media file(s) saved
  [17961495] 1 media file(s) saved
  [17961916] 4 media file(s) saved
  [17961947] 1 media file(s) saved
  [17963348] 1 media file(s) saved
  [17965080] 1 media file(s) saved
  [17965606] 1 media file(s) saved
  [17967138] 1 media file(s) saved
  [17969810] 1 media file(s) saved
  [17970298] 1 media file(s) saved
  [17970624] 1 media file(s) saved
  [17970642] 1 media file(s) saved
  [17971679] 1 media file(s) saved
  [17975668] 1 media file(s) saved
  [17975689] 1 media file(s) saved
  [17976822] 1 media file(s) saved
  [17976905] 1 media file(s) saved
  [17977076] 1 media file(s) saved
  [17981609] 21 media file(s) saved
  [17982901] 1 media file(s) saved
  [17983934] 1 media file(s) saved
  [17984810] 4 media file(s) saved
  [17984996] 1 media file(s) saved
  [17985358] 1 media file(s) saved
  [17987265] 1 media file(s) saved
  [17987397] 1 media file(s) saved
  [17988723] 1 media file(s) saved
  [17990510] 1 media file(s) saved
  [17993325] 1 media file(s) saved
  [17993620] 5 media file(s) saved
  [17995166] 1 media file(s) saved
  [17995463] 1 media file(s) saved
  [17998161] 1 media file(s) saved
  [18002279] 1 media file(s) saved
  [18003168] 1 media file(s) saved
  [18004429] 1 media file(s) saved
  [18005808] 1 media file(s) saved
  [18005852] 1 media file(s) saved
  [18006629] 1 media file(s) saved
  [18007988] 1 media file(s) saved
  [18008081] 2 media file(s) saved
  [18008608] 3 media file(s) saved
  [18010588] 1 media file(s) saved
  [18012025] 1 media file(s) saved
  [18012745] 1 media file(s) saved
  [18016844] 1 media file(s) saved
  [18017041] 1 media file(s) saved
  [18017058] 1 media file(s) saved
  [18017399] 1 media file(s) saved
  [18017480] 1 media file(s) saved
  [18019630] 3 media file(s) saved
  [18020057] 1 media file(s) saved
  [18030007] 1 media file(s) saved
  [18030033] 6 media file(s) saved
  [18030712] 1 media file(s) saved
  [18031550] 1 media file(s) saved
  [18034621] 1 media file(s) saved
  [18034788] 1 media file(s) saved
  [18037780] 1 media file(s) saved
  [1803807] 1 media file(s) saved
  [18038703] 3 media file(s) saved
  [18041483] 1 media file(s) saved
  [18043374] 1 media file(s) saved
  [18045599] 1 media file(s) saved
  [18046189] 1 media file(s) saved
  [18051322] 1 media file(s) saved
  [18052028] 1 media file(s) saved
  [18055192] 1 media file(s) saved
  [18055932] 1 media file(s) saved
  [1805628] 1 media file(s) saved
  [18058284] 1 media file(s) saved
  [18058512] 1 media file(s) saved
    [ERROR] download https://zenodo.org/api/records/18059452/files/NestinCrePCR_130324.pdf/content: HTTPSConnectionPool(host='zenodo.org', port=443): Read timed out. (read timeout=30)
  [18059452] 13 media file(s) saved
  [18059485] 8 media file(s) saved
  [18060020] 1 media file(s) saved
  [18063014] 1 media file(s) saved
  [18063890] 1 media file(s) saved
  [18065834] 1 media file(s) saved
  [18065929] 1 media file(s) saved
  [18067176] 1 media file(s) saved
  [18067509] 1 media file(s) saved
  [18071985] 1 media file(s) saved
  [18072563] 1 media file(s) saved
  [18073472] 1 media file(s) saved
  [1807470] 1 media file(s) saved
  [18077585] 1 media file(s) saved
  [18077731] 1 media file(s) saved
  [18081159] 1 media file(s) saved
  [18082873] 1 media file(s) saved
  [18084364] 1 media file(s) saved
  [18084888] 1 media file(s) saved
  [18085781] 1 media file(s) saved
  [18086813] 1 media file(s) saved
  [18091889] 1 media file(s) saved
  [18097880] 1 media file(s) saved
  [18098722] 1 media file(s) saved
  [18098742] 1 media file(s) saved
  [18098801] 1 media file(s) saved
  [18100168] 1 media file(s) saved
  [18100181] 1 media file(s) saved
  [18100836] 1 media file(s) saved
  [18101363] 1 media file(s) saved
  [18101908] 1 media file(s) saved
  [18102390] 1 media file(s) saved
  [18104518] 1 media file(s) saved
  [18106656] 1 media file(s) saved
  [18107214] 1 media file(s) saved
  [18107435] 1 media file(s) saved
  [18107749] 1 media file(s) saved
  [18108435] 1 media file(s) saved
  [18109737] 2 media file(s) saved
  [18110328] 1 media file(s) saved
  [18111925] 1 media file(s) saved
  [18113243] 1 media file(s) saved
  [18113982] 2 media file(s) saved
  [18114895] 1 media file(s) saved
  [18117976] 1 media file(s) saved
  [18118140] 1 media file(s) saved
  [18119933] 2 media file(s) saved
  [18123439] 1 media file(s) saved
  [18123509] 1 media file(s) saved
  [18125501] 1 media file(s) saved
  [18125805] 1 media file(s) saved
  [18126224] 1 media file(s) saved
  [18130850] 1 media file(s) saved
  [18131300] 1 media file(s) saved
  [18131801] 1 media file(s) saved
  [18131902] 1 media file(s) saved
  [18132509] 1 media file(s) saved
  [18133583] 1 media file(s) saved
  [18134357] 1 media file(s) saved
  [18134361] 1 media file(s) saved
  [18134487] 1 media file(s) saved
  [18136607] 1 media file(s) saved
  [18142313] 1 media file(s) saved
  [18142645] 1 media file(s) saved
  [18144017] 4 media file(s) saved
  [18144160] 1 media file(s) saved
  [18144199] 1 media file(s) saved
  [18144448] 1 media file(s) saved
  [18145020] 1 media file(s) saved
  [18147307] 1 media file(s) saved
  [18147747] 1 media file(s) saved
  [18150153] 1 media file(s) saved
  [18150363] 1 media file(s) saved
  [18151277] 3 media file(s) saved
  [18153097] 1 media file(s) saved
  [18153233] 2 media file(s) saved
  [ERROR] record 18158108: 410 Client Error: GONE for url: https://zenodo.org/api/records/18158108
  [ERROR] record 18158140: 410 Client Error: GONE for url: https://zenodo.org/api/records/18158140
  [18158647] 2 media file(s) saved
  [18159803] 1 media file(s) saved
  [18161176] 2 media file(s) saved
  [18161456] 1 media file(s) saved
  [18162315] 1 media file(s) saved
  [1816354] 1 media file(s) saved
  [18165030] 3 media file(s) saved
  [18169199] 1 media file(s) saved
  [18169423] 1 media file(s) saved
  [18171109] 1 media file(s) saved
  [18171153] 1 media file(s) saved
  [18171648] 8 media file(s) saved
  [ERROR] record 18172252: 410 Client Error: GONE for url: https://zenodo.org/api/records/18172252
  [18172268] 1 media file(s) saved
    [ERROR] download https://zenodo.org/api/records/18172572/files/llm_examples.json/content: 429 Client Error: TOO MANY REQUESTS for url: https://zenodo.org/api/records/18172572/files/llm_examples.json/content
    [ERROR] download https://zenodo.org/api/records/18172572/files/llm_examples_u.json/content: 429 Client Error: TOO MANY REQUESTS for url: https://zenodo.org/api/records/18172572/files/llm_examples_u.json/content
    [ERROR] download https://zenodo.org/api/records/18172572/files/hgnc_rna_aliases.txt/content: 429 Client Error: TOO MANY REQUESTS for url: https://zenodo.org/api/records/18172572/files/hgnc_rna_aliases.txt/content
    [ERROR] download https://zenodo.org/api/records/18172572/files/prompts.py/content: 429 Client Error: TOO MANY REQUESTS for url: https://zenodo.org/api/records/18172572/files/prompts.py/content
    [ERROR] download https://zenodo.org/api/records/18172572/files/llm_re.py/content: 429 Client Error: TOO MANY REQUESTS for url: https://zenodo.org/api/records/18172572/files/llm_re.py/content
  [18172572] 11 media file(s) saved
    [ERROR] download https://zenodo.org/api/records/18173020/files/Berouti_Wagner_et-al_Cell_2025_Fig-6.zip/content: 429 Client Error: TOO MANY REQUESTS for url: https://zenodo.org/api/records/18173020/files/Berouti_Wagner_et-al_Cell_2025_Fig-6.zip/content
  [18173020] 2 media file(s) saved
  [18174061] 1 media file(s) saved
  [18175031] 1 media file(s) saved
    [ERROR] download https://zenodo.org/api/records/18176019/files/WNOFNS%2050%20(2023)%2073-85.pdf/content: 429 Client Error: TOO MANY REQUESTS for url: https://zenodo.org/api/records/18176019/files/WNOFNS%2050%20(2023)%2073-85.pdf/content
  [18176043] 1 media file(s) saved
  [18176373] 2 media file(s) saved
  [18177025] 2 media file(s) saved
  [18179345] 4 media file(s) saved
  [18182849] 1 media file(s) saved
  [18182934] 1 media file(s) saved
  [18182938] 1 media file(s) saved
  [18182940] 1 media file(s) saved
  [18182942] 1 media file(s) saved
  [18182992] 1 media file(s) saved
  [18182994] 1 media file(s) saved
  [18182996] 1 media file(s) saved
  [18183005] 1 media file(s) saved
  [18183007] 1 media file(s) saved
  [18183009] 1 media file(s) saved
  [18183028] 1 media file(s) saved
  [18183031] 1 media file(s) saved
  [18184356] 1 media file(s) saved
  [18184684] 1 media file(s) saved
  [18184878] 1 media file(s) saved
  [18185312] 1 media file(s) saved
  [18185595] 1 media file(s) saved
  [18187257] 3 media file(s) saved
  [18187655] 1 media file(s) saved
  [18194222] 1 media file(s) saved
  [18196184] 1 media file(s) saved
  [18196251] 1 media file(s) saved
  [18197305] 1 media file(s) saved
  [18197478] 1 media file(s) saved
  [18198168] 2 media file(s) saved
  [18199305] 1 media file(s) saved
  [18202774] 1 media file(s) saved
  [ERROR] record 18203767: 410 Client Error: GONE for url: https://zenodo.org/api/records/18203767
  [18204329] 1 media file(s) saved
  [18206936] 1 media file(s) saved
  [18212168] 1 media file(s) saved
  [18213005] 1 media file(s) saved
  [18213360] 2 media file(s) saved
  [18214167] 2 media file(s) saved
  [18219826] 1 media file(s) saved
  [18219934] 1 media file(s) saved
  [18220100] 1 media file(s) saved
  [18221787] 6 media file(s) saved
  [18222162] 1 media file(s) saved
  [ERROR] record 18222631: 503 Server Error: Service Unavailable for url: https://zenodo.org/api/records/18222631
  [ERROR] record 18223655: 503 Server Error: Service Unavailable for url: https://zenodo.org/api/records/18223655
  [ERROR] record 18224063: 503 Server Error: Service Unavailable for url: https://zenodo.org/api/records/18224063
  [ERROR] record 18224584: 503 Server Error: Service Unavailable for url: https://zenodo.org/api/records/18224584
  [18224956] 1 media file(s) saved
  [18225222] 1 media file(s) saved
  [18225292] 1 media file(s) saved
  [18225876] 3 media file(s) saved
  [18227695] 1 media file(s) saved
  [18228559] 1 media file(s) saved
  [18230423] 1 media file(s) saved
  [18230922] 1 media file(s) saved
  [18231573] 1 media file(s) saved
  [18234603] 37 media file(s) saved
  [18236640] 4 media file(s) saved
    [ERROR] download https://zenodo.org/api/records/18237374/files/HD87-Vehicle_R2_001.fastq.gz/content: 429 Client Error: TOO MANY REQUESTS for url: https://zenodo.org/api/records/18237374/files/HD87-Vehicle_R2_001.fastq.gz/content
    [ERROR] download https://zenodo.org/api/records/18237374/files/HD84-IFNg_R1_001.fastq.gz.md5/content: 429 Client Error: TOO MANY REQUESTS for url: https://zenodo.org/api/records/18237374/files/HD84-IFNg_R1_001.fastq.gz.md5/content
    [ERROR] download https://zenodo.org/api/records/18237374/files/HD87-IFNg_R2_001.fastq.gz.md5/content: 429 Client Error: TOO MANY REQUESTS for url: https://zenodo.org/api/records/18237374/files/HD87-IFNg_R2_001.fastq.gz.md5/content
    [ERROR] download https://zenodo.org/api/records/18237374/files/HD84-IFNg_R2_001.fastq.gz.md5/content: 429 Client Error: TOO MANY REQUESTS for url: https://zenodo.org/api/records/18237374/files/HD84-IFNg_R2_001.fastq.gz.md5/content
    [ERROR] download https://zenodo.org/api/records/18237374/files/HD84-Vehicle_R2_001.fastq.gz.md5/content: 429 Client Error: TOO MANY REQUESTS for url: https://zenodo.org/api/records/18237374/files/HD84-Vehicle_R2_001.fastq.gz.md5/content
    [ERROR] download https://zenodo.org/api/records/18237374/files/HD84-Vehicle_R1_001.fastq.gz.md5/content: 429 Client Error: TOO MANY REQUESTS for url: https://zenodo.org/api/records/18237374/files/HD84-Vehicle_R1_001.fastq.gz.md5/content
    [ERROR] download https://zenodo.org/api/records/18237374/files/HD85-IFNg_R2_001.fastq.gz.md5/content: 429 Client Error: TOO MANY REQUESTS for url: https://zenodo.org/api/records/18237374/files/HD85-IFNg_R2_001.fastq.gz.md5/content
    [ERROR] download https://zenodo.org/api/records/18237374/files/HD87-IFNg_R1_001.fastq.gz.md5/content: 429 Client Error: TOO MANY REQUESTS for url: https://zenodo.org/api/records/18237374/files/HD87-IFNg_R1_001.fastq.gz.md5/content
    [ERROR] download https://zenodo.org/api/records/18237374/files/HD85-Vehicle_R1_001.fastq.gz.md5/content: 429 Client Error: TOO MANY REQUESTS for url: https://zenodo.org/api/records/18237374/files/HD85-Vehicle_R1_001.fastq.gz.md5/content
    [ERROR] download https://zenodo.org/api/records/18237374/files/HD87-Vehicle_R1_001.fastq.gz.md5/content: 429 Client Error: TOO MANY REQUESTS for url: https://zenodo.org/api/records/18237374/files/HD87-Vehicle_R1_001.fastq.gz.md5/content
    [ERROR] download https://zenodo.org/api/records/18237374/files/HD87-Vehicle_R2_001.fastq.gz.md5/content: 429 Client Error: TOO MANY REQUESTS for url: https://zenodo.org/api/records/18237374/files/HD87-Vehicle_R2_001.fastq.gz.md5/content
    [ERROR] download https://zenodo.org/api/records/18237374/files/HD20-MCSF-IL1B-24h_S5_R1_001.fastq.gz.md5sum/content: 429 Client Error: TOO MANY REQUESTS for url: https://zenodo.org/api/records/18237374/files/HD20-MCSF-IL1B-24h_S5_R1_001.fastq.gz.md5sum/content
    [ERROR] download https://zenodo.org/api/records/18237374/files/HD25-MCSF-IL1B-24h_S6_R1_001.fastq.gz.md5sum/content: 429 Client Error: TOO MANY REQUESTS for url: https://zenodo.org/api/records/18237374/files/HD25-MCSF-IL1B-24h_S6_R1_001.fastq.gz.md5sum/content
    [ERROR] download https://zenodo.org/api/records/18237374/files/HD20-MCSF-US-24h_S4_R1_001.fastq.gz.md5sum/content: 429 Client Error: TOO MANY REQUESTS for url: https://zenodo.org/api/records/18237374/files/HD20-MCSF-US-24h_S4_R1_001.fastq.gz.md5sum/content
    [ERROR] download https://zenodo.org/api/records/18237374/files/HD25-MCSF-US-24h_S7_R1_001.fastq.gz.md5sum/content: 429 Client Error: TOO MANY REQUESTS for url: https://zenodo.org/api/records/18237374/files/HD25-MCSF-US-24h_S7_R1_001.fastq.gz.md5sum/content
    [ERROR] download https://zenodo.org/api/records/18237374/files/CD8T_US_vs_CD8T_IL6_normalized_counts.csv/content: 429 Client Error: TOO MANY REQUESTS for url: https://zenodo.org/api/records/18237374/files/CD8T_US_vs_CD8T_IL6_normalized_counts.csv/content
    [ERROR] download https://zenodo.org/api/records/18237374/files/CD8T_stim_US_vs_CD8T_stim_IL6_normalized_counts.csv/content: 429 Client Error: TOO MANY REQUESTS for url: https://zenodo.org/api/records/18237374/files/CD8T_stim_US_vs_CD8T_stim_IL6_normalized_counts.csv/content
    [ERROR] download https://zenodo.org/api/records/18237374/files/Tran_CD_scRNA.rds.md5/content: 429 Client Error: TOO MANY REQUESTS for url: https://zenodo.org/api/records/18237374/files/Tran_CD_scRNA.rds.md5/content
  [18237374] 9 media file(s) saved
    [ERROR] download https://zenodo.org/api/records/18237485/files/1728-1731.pdf/content: 429 Client Error: TOO MANY REQUESTS for url: https://zenodo.org/api/records/18237485/files/1728-1731.pdf/content
  Rate limited — sleeping 60s
  [18239507] 1 media file(s) saved
  [18240192] 1 media file(s) saved
  [18240299] 1 media file(s) saved
  [18240999] 1 media file(s) saved
  [18241378] 1 media file(s) saved
  [18241560] 1 media file(s) saved
  [18241650] 1 media file(s) saved
  [18242741] 1 media file(s) saved
  [18243727] 1 media file(s) saved
  [18244757] 1 media file(s) saved
  [18244830] 2 media file(s) saved
  [18245740] 6 media file(s) saved
  [18247731] 1 media file(s) saved
  [18247794] 3 media file(s) saved
  [18252453] 1 media file(s) saved
  [18258575] 2 media file(s) saved
  [18258633] 1 media file(s) saved
  [18258782] 1 media file(s) saved
  [18259422] 5 media file(s) saved
  [18262670] 1 media file(s) saved
  [18262892] 1 media file(s) saved
  [18262983] 1 media file(s) saved
  [18263024] 1 media file(s) saved
  [18263831] 1 media file(s) saved
  [18265038] 1 media file(s) saved
  [ERROR] record 18265365: 410 Client Error: GONE for url: https://zenodo.org/api/records/18265365
  [18267975] 7 media file(s) saved
  [1826903] 1 media file(s) saved
  [18269338] 1 media file(s) saved
  [18271233] 1 media file(s) saved
  [18271241] 1 media file(s) saved
  [18271549] 1 media file(s) saved
  [18275630] 1 media file(s) saved
  [18275949] 3 media file(s) saved
  [18277168] 1 media file(s) saved
  [1827724] 1 media file(s) saved
  [18279348] 1 media file(s) saved
    [ERROR] download https://zenodo.org/api/records/18279506/files/gammaH2AX.csv/content: 429 Client Error: TOO MANY REQUESTS for url: https://zenodo.org/api/records/18279506/files/gammaH2AX.csv/content
    [ERROR] download https://zenodo.org/api/records/18279506/files/ROS_DCFDA.csv/content: 429 Client Error: TOO MANY REQUESTS for url: https://zenodo.org/api/records/18279506/files/ROS_DCFDA.csv/content
    [ERROR] download https://zenodo.org/api/records/18279506/files/MTT.csv/content: 429 Client Error: TOO MANY REQUESTS for url: https://zenodo.org/api/records/18279506/files/MTT.csv/content
  [18279506] 30 media file(s) saved
  Rate limited — sleeping 60s
  [18279989] 1 media file(s) saved
  [1828590] 1 media file(s) saved
  [ERROR] record 18287032: 410 Client Error: GONE for url: https://zenodo.org/api/records/18287032
  [18290785] 1 media file(s) saved
  [18292801] 1 media file(s) saved
  [ERROR] record 18293404: 410 Client Error: GONE for url: https://zenodo.org/api/records/18293404
  [ERROR] record 18293640: 410 Client Error: GONE for url: https://zenodo.org/api/records/18293640
  [18294663] 1 media file(s) saved
  [18296724] 1 media file(s) saved
  [18297443] 1 media file(s) saved
  [18297737] 2 media file(s) saved
  [18297759] 1 media file(s) saved
  [18298808] 1 media file(s) saved
  [18300885] 1 media file(s) saved
  [18303165] 1 media file(s) saved
  [18303349] 1 media file(s) saved
  [18304823] 11 media file(s) saved
  [18307546] 1 media file(s) saved
  [18309477] 1 media file(s) saved
  [18310038] 1 media file(s) saved
  [18312292] 1 media file(s) saved
  [18312686] 4 media file(s) saved
  [18313961] 1 media file(s) saved
  [18314140] 1 media file(s) saved
  [18315521] 1 media file(s) saved
  [18316369] 1 media file(s) saved
  [18316704] 1 media file(s) saved
  [18318223] 1 media file(s) saved
  [18319174] 12 media file(s) saved
  [18320426] 1 media file(s) saved
  [18320590] 1 media file(s) saved
  [18322937] 1 media file(s) saved
  [18323273] 1 media file(s) saved
  [1832400] 1 media file(s) saved
  [18324089] 3 media file(s) saved
  [18324648] 1 media file(s) saved
  [18324729] 3 media file(s) saved
  [18324908] 1 media file(s) saved
  [18326389] 1 media file(s) saved
  [18326719] 1 media file(s) saved
  [1832688] 1 media file(s) saved
  [18328234] 1 media file(s) saved
  [18328305] 1 media file(s) saved
  [18333459] 1 media file(s) saved
  [18335136] 1 media file(s) saved
  [18335344] 1 media file(s) saved
  [18336181] 2 media file(s) saved
  [18338139] 2 media file(s) saved
  [18339116] 6 media file(s) saved
  [18339167] 1 media file(s) saved
  [18340528] 1 media file(s) saved
  [18342023] 3 media file(s) saved
  [18343090] 1 media file(s) saved
  [18343245] 1 media file(s) saved
  [18345188] 1 media file(s) saved
  [18345671] 1 media file(s) saved
  [18346490] 1 media file(s) saved
  [18346683] 1 media file(s) saved
  [18347107] 1 media file(s) saved
  [18347151] 1 media file(s) saved
  [18348034] 1 media file(s) saved
  [18350926] 1 media file(s) saved
  [18351036] 8 media file(s) saved
  [18351219] 1 media file(s) saved
  [18351651] 1 media file(s) saved
  [18352347] 1 media file(s) saved
  [18356773] 1 media file(s) saved
  [18357507] 2 media file(s) saved
  [18359161] 1 media file(s) saved
  [18363030] 1 media file(s) saved
  [18363765] 3 media file(s) saved
  [18363895] 3 media file(s) saved
  [18365071] 1 media file(s) saved
  [18365978] 3 media file(s) saved
  [18366015] 1 media file(s) saved
  [18366555] 1 media file(s) saved
  [18366658] 1 media file(s) saved
  [18368631] 1 media file(s) saved
  [18371402] 1 media file(s) saved
  [18371620] 1 media file(s) saved
  [18372491] 1 media file(s) saved
  [1837335] 1 media file(s) saved
  [18374578] 1 media file(s) saved
  [18375086] 1 media file(s) saved
  [18375198] 1 media file(s) saved
  [18376715] 1 media file(s) saved
  [18378010] 1 media file(s) saved
  [18380741] 1 media file(s) saved
  [18380830] 1 media file(s) saved
  [18385285] 2 media file(s) saved
  [18385304] 1 media file(s) saved
  [18386871] 1 media file(s) saved
  [18387898] 1 media file(s) saved
  [18389129] 1 media file(s) saved
  [18392569] 1 media file(s) saved
  [18393298] 1 media file(s) saved
  [18393475] 5 media file(s) saved
  [18396389] 2 media file(s) saved
  [18400187] 1 media file(s) saved
  [18400814] 1 media file(s) saved
  [18402391] 1 media file(s) saved
  [18403859] 1 media file(s) saved
  [18404332] 1 media file(s) saved
    [ERROR] download https://zenodo.org/api/records/18405530/files/VI_A__Collapse.pdf/content: 429 Client Error: TOO MANY REQUESTS for url: https://zenodo.org/api/records/18405530/files/VI_A__Collapse.pdf/content
  [1840815] 1 media file(s) saved
  [18409829] 1 media file(s) saved
  [18410046] 1 media file(s) saved
  [18411343] 1 media file(s) saved
  [18411423] 1 media file(s) saved
  [18412080] 1 media file(s) saved
  [18412178] 1 media file(s) saved
  [18412242] 1 media file(s) saved
  [18415152] 1 media file(s) saved
  [18415561] 1 media file(s) saved
  [18417294] 4 media file(s) saved
  [18424439] 1 media file(s) saved
  [18425242] 3 media file(s) saved
  [18426268] 1 media file(s) saved
  [18427093] 1 media file(s) saved
  [18428177] 1 media file(s) saved
  [18428630] 1 media file(s) saved
  [18429448] 1 media file(s) saved
  [1843018] 1 media file(s) saved
  [18432] 1 media file(s) saved
  [18432347] 7 media file(s) saved
  [18436278] 2 media file(s) saved
  [1843924] 1 media file(s) saved
  [18439362] 1 media file(s) saved
  [18439797] 1 media file(s) saved
  [18441846] 2 media file(s) saved
  [18442014] 1 media file(s) saved
  [18442788] 1 media file(s) saved
  [18444318] 1 media file(s) saved
  [18446261] 1 media file(s) saved
  [18446623] 1 media file(s) saved
  [18449577] 1 media file(s) saved
  [18449581] 1 media file(s) saved
  [18450594] 1 media file(s) saved
  [18451347] 1 media file(s) saved
  [18451597] 1 media file(s) saved
  [18451712] 1 media file(s) saved
  [18453013] 1 media file(s) saved
  [18453421] 1 media file(s) saved
  [18454451] 1 media file(s) saved
  [18456732] 1 media file(s) saved
  [18456939] 4 media file(s) saved
  [18457616] 2 media file(s) saved
  [18458139] 1 media file(s) saved
  [18458366] 2 media file(s) saved
  [18459429] 6 media file(s) saved
  [18460059] 1 media file(s) saved
  [18460099] 1 media file(s) saved
  [18460858] 1 media file(s) saved
  [18460899] 1 media file(s) saved
  [18463123] 1 media file(s) saved
  [1846617] 1 media file(s) saved
  [18466507] 1 media file(s) saved
  [18466732] 3 media file(s) saved
  [18467274] 1 media file(s) saved
  [18468266] 1 media file(s) saved
  [18470720] 1 media file(s) saved
  [18472314] 1 media file(s) saved
  [18473059] 1 media file(s) saved
  [18474011] 1 media file(s) saved
  [18474666] 1 media file(s) saved
  [18475062] 1 media file(s) saved
  [18476845] 1 media file(s) saved
  [18477494] 1 media file(s) saved
  [18477703] 1 media file(s) saved
  [18479742] 1 media file(s) saved
  [18480333] 1 media file(s) saved
  [18481801] 1 media file(s) saved
  [18482501] 1 media file(s) saved
  [18484298] 1 media file(s) saved
  [18484953] 1 media file(s) saved
  [18485076] 1 media file(s) saved
  [18485410] 1 media file(s) saved
  [18487469] 1 media file(s) saved
  [18490493] 1 media file(s) saved
  [18490968] 1 media file(s) saved
  [18491338] 5 media file(s) saved
  [18492007] 1 media file(s) saved
  [18492722] 1 media file(s) saved
  [18492748] 1 media file(s) saved
  [18495363] 1 media file(s) saved
  [18496525] 1 media file(s) saved
  [18501463] 1 media file(s) saved
  [18501682] 1 media file(s) saved
  [18503391] 1 media file(s) saved
  [18506419] 1 media file(s) saved
  [18508194] 1 media file(s) saved
  [18510193] 2 media file(s) saved
  [18510980] 10 media file(s) saved
  [18514626] 1 media file(s) saved
  [18516993] 1 media file(s) saved
  [18518580] 1 media file(s) saved
  [18520542] 1 media file(s) saved
  [18521743] 1 media file(s) saved
  [18522253] 1 media file(s) saved
  [1852351] 1 media file(s) saved
  [18524203] 1 media file(s) saved
  [18524700] 1 media file(s) saved
  [18525171] 1 media file(s) saved
  [18527366] 2 media file(s) saved
  [18527450] 2 media file(s) saved
  [18527807] 2 media file(s) saved
  [18528175] 2 media file(s) saved
  [18528415] 2 media file(s) saved
  [18528581] 2 media file(s) saved
  [18528847] 2 media file(s) saved
  [18528945] 2 media file(s) saved
  [18528975] 2 media file(s) saved
  [18528991] 2 media file(s) saved
  [18529030] 2 media file(s) saved
  [18529408] 2 media file(s) saved
  [18529599] 1 media file(s) saved
  [18529757] 2 media file(s) saved
  [18529789] 2 media file(s) saved
  [18529808] 2 media file(s) saved
  [18529979] 2 media file(s) saved
  [18530034] 2 media file(s) saved
  [18530038] 2 media file(s) saved
    [ERROR] download https://zenodo.org/api/records/18530050/files/zenodo.18530050.pdf/content: 429 Client Error: TOO MANY REQUESTS for url: https://zenodo.org/api/records/18530050/files/zenodo.18530050.pdf/content
    [ERROR] download https://zenodo.org/api/records/18530050/files/article.html/content: 429 Client Error: TOO MANY REQUESTS for url: https://zenodo.org/api/records/18530050/files/article.html/content
  Rate limited — sleeping 60s
  [18530083] 2 media file(s) saved
  [18530221] 2 media file(s) saved
  [18530283] 2 media file(s) saved
  [18530307] 2 media file(s) saved
  [18530470] 2 media file(s) saved
  [18530503] 2 media file(s) saved
  [18530538] 2 media file(s) saved
  [18530553] 2 media file(s) saved
  [18530853] 2 media file(s) saved
  [18531047] 2 media file(s) saved
  [18531053] 2 media file(s) saved
  [18531216] 2 media file(s) saved
  [1853129] 1 media file(s) saved
  [18531342] 2 media file(s) saved
  [18531378] 2 media file(s) saved
  [18531386] 2 media file(s) saved
  [18531460] 2 media file(s) saved
  [18531641] 2 media file(s) saved
  [18531703] 2 media file(s) saved
  [18531735] 2 media file(s) saved
  [18531755] 2 media file(s) saved
  [18531808] 2 media file(s) saved
  [18531824] 2 media file(s) saved
  [1853434] 1 media file(s) saved
  [18536302] 1 media file(s) saved
  [18538652] 2 media file(s) saved
  [18538752] 2 media file(s) saved
  [18538951] 1 media file(s) saved
  [18540672] 2 media file(s) saved
  [18541025] 2 media file(s) saved
  [18543491] 2 media file(s) saved
  [18543502] 2 media file(s) saved
  [18543758] 2 media file(s) saved
  [18551497] 1 media file(s) saved
  [1855260] 1 media file(s) saved
  [18553098] 1 media file(s) saved
  [18554250] 1 media file(s) saved
  [1855556] 1 media file(s) saved
  [1855632] 1 media file(s) saved
  [18556410] 1 media file(s) saved
  [18558563] 1 media file(s) saved
  [18559516] 1 media file(s) saved
  [18580616] 1 media file(s) saved
  [1858545] 1 media file(s) saved
  [18586901] 1 media file(s) saved
  [1858994] 1 media file(s) saved
  [18592772] 1 media file(s) saved
  [18593031] 1 media file(s) saved
  [18593397] 1 media file(s) saved
  [18594123] 1 media file(s) saved
  [18594697] 1 media file(s) saved
  Rate limited — sleeping 60s
  [18595024] 1 media file(s) saved
  [18599508] 1 media file(s) saved
  [18599524] 1 media file(s) saved
  [18600246] 1 media file(s) saved
  [18600324] 1 media file(s) saved
  [18601439] 1 media file(s) saved
  [18603894] 1 media file(s) saved
  [18605304] 1 media file(s) saved
  [18605822] 1 media file(s) saved
  [18606001] 1 media file(s) saved
  [18606718] 1 media file(s) saved
  [18607776] 1 media file(s) saved
  [18607842] 2 media file(s) saved
  [18608228] 1 media file(s) saved
  [18618435] 1 media file(s) saved
  [18625944] 2 media file(s) saved
  [18631672] 3 media file(s) saved
  [18632746] 1 media file(s) saved
  [18633759] 1 media file(s) saved
  [1863384] 1 media file(s) saved
  [18634926] 1 media file(s) saved
  [18635060] 1 media file(s) saved
  [18636009] 1 media file(s) saved
  [18636074] 1 media file(s) saved
  [18637101] 5 media file(s) saved
  [18637282] 1 media file(s) saved
  [18639538] 1 media file(s) saved
  [18640524] 1 media file(s) saved
  [18641679] 1 media file(s) saved
  [18642034] 1 media file(s) saved
  [18642929] 1 media file(s) saved
  [18643737] 2 media file(s) saved
  [18649039] 1 media file(s) saved
  [18649565] 1 media file(s) saved
  [18651054] 1 media file(s) saved
  [18657379] 1 media file(s) saved
  [18658130] 13 media file(s) saved
  [18658338] 1 media file(s) saved
  [18659552] 1 media file(s) saved
  [18660267] 1 media file(s) saved
  [18660843] 1 media file(s) saved
  [18662391] 1 media file(s) saved
  [18664056] 1 media file(s) saved
  [18666288] 1 media file(s) saved
  [18666690] 1 media file(s) saved
  [18666729] 1 media file(s) saved
  [18667801] 1 media file(s) saved
  [18668427] 1 media file(s) saved
  [18669743] 1 media file(s) saved
  Rate limited — sleeping 60s
  [18669864] 1 media file(s) saved
  [18672498] 1 media file(s) saved
  [18673105] 1 media file(s) saved
  [1867343] 1 media file(s) saved
  [18673443] 1 media file(s) saved
  [18674551] 8 media file(s) saved
  [18674677] 1 media file(s) saved
  [1867695] 1 media file(s) saved
  [18677683] 1 media file(s) saved
  [18678897] 1 media file(s) saved
  [18680702] 1 media file(s) saved
  [18681596] 1 media file(s) saved
  [18681604] 1 media file(s) saved
  [18682178] 1 media file(s) saved
  [18683733] 1 media file(s) saved
  [18684764] 1 media file(s) saved
  [18686282] 44 media file(s) saved
  [18688263] 1 media file(s) saved
  [18688447] 1 media file(s) saved
  [18692655] 9 media file(s) saved
  [18692661] 9 media file(s) saved
  [18692679] 9 media file(s) saved
    [ERROR] download https://zenodo.org/api/records/18692686/files/occurrences.csv.zip/content: 429 Client Error: TOO MANY REQUESTS for url: https://zenodo.org/api/records/18692686/files/occurrences.csv.zip/content
  [18692686] 8 media file(s) saved
  Rate limited — sleeping 60s
  [18699770] 2 media file(s) saved
  [18700104] 1 media file(s) saved
  [18701303] 1 media file(s) saved
  [18703859] 1 media file(s) saved
  [18703862] 1 media file(s) saved
  [18704503] 1 media file(s) saved
  [18706244] 2 media file(s) saved
  [1870749] 1 media file(s) saved
  [18709478] 2 media file(s) saved
  [18710515] 1 media file(s) saved
  [18710810] 1 media file(s) saved
  [18711286] 1 media file(s) saved
  [18711519] 2 media file(s) saved
  [1871181] 1 media file(s) saved
  [18714618] 1 media file(s) saved
  [ERROR] record 18715618: 410 Client Error: GONE for url: https://zenodo.org/api/records/18715618
  [18716119] 1 media file(s) saved
  [1871639] 1 media file(s) saved
  [18717718] 1 media file(s) saved
  [18723233] 2 media file(s) saved
  [18725017] 2 media file(s) saved
  [18725174] 2 media file(s) saved
  [18725598] 1 media file(s) saved
  [18726231] 2 media file(s) saved
  [18727353] 2 media file(s) saved
  [18728408] 2 media file(s) saved
  [18728487] 2 media file(s) saved
  [18729282] 1 media file(s) saved
  [18729774] 1 media file(s) saved
  [18729811] 2 media file(s) saved
  [18731477] 2 media file(s) saved
  [18731946] 2 media file(s) saved
  [18733381] 3 media file(s) saved
  [18734289] 1 media file(s) saved
  [18734513] 2 media file(s) saved
  [18734550] 1 media file(s) saved
  [18734605] 2 media file(s) saved
  [ERROR] record 18735468: 410 Client Error: GONE for url: https://zenodo.org/api/records/18735468
  [18737062] 1 media file(s) saved
  [18737072] 1 media file(s) saved
  [18737306] 1 media file(s) saved
  [18739734] 1 media file(s) saved
  [1874047] 1 media file(s) saved
  [1874073] 1 media file(s) saved
  [1874215] 1 media file(s) saved
  [18742433] 1 media file(s) saved
  [18743700] 2 media file(s) saved
  [18746537] 1 media file(s) saved
  [18750443] 1 media file(s) saved
  [18750645] 1 media file(s) saved
  [18751123] 1 media file(s) saved
  [18751278] 4 media file(s) saved
    [ERROR] download https://zenodo.org/api/records/18751854/files/article.html/content: 429 Client Error: TOO MANY REQUESTS for url: https://zenodo.org/api/records/18751854/files/article.html/content
  [18751854] 1 media file(s) saved
  Rate limited — sleeping 60s
  [18751882] 1 media file(s) saved
  [18752140] 1 media file(s) saved
  [18752297] 1 media file(s) saved
  [18753765] 2 media file(s) saved
  [18755158] 2 media file(s) saved
  [18755612] 2 media file(s) saved
  [18756481] 1 media file(s) saved
  [18756572] 3 media file(s) saved
  [18756574] 1 media file(s) saved
  [18757380] 2 media file(s) saved
  [18757491] 1 media file(s) saved
  [18758436] 9 media file(s) saved
  [18758446] 2 media file(s) saved
  [18758991] 1 media file(s) saved
  [18759229] 1 media file(s) saved
  [18761651] 1 media file(s) saved
  [18761881] 2 media file(s) saved
  [18762008] 1 media file(s) saved
  [18763244] 9 media file(s) saved
  [18763439] 1 media file(s) saved
  [18763987] 4 media file(s) saved
  [18764054] 1 media file(s) saved
  [18764113] 2 media file(s) saved
  [18764535] 1 media file(s) saved
  [18764739] 23 media file(s) saved
  [18765192] 2 media file(s) saved
  [18766081] 1 media file(s) saved
  [18766131] 1 media file(s) saved
  [18769403] 1 media file(s) saved
  [18770896] 1 media file(s) saved
  [18771575] 1 media file(s) saved
  [18772606] 1 media file(s) saved
  [18775661] 2 media file(s) saved
  [18777224] 1 media file(s) saved
  [18779895] 2 media file(s) saved
  [18783633] 1 media file(s) saved
  [18783844] 2 media file(s) saved
  [18784114] 1 media file(s) saved
  [18786274] 1 media file(s) saved
    [ERROR] download https://zenodo.org/api/records/18786370/files/article.html/content: 429 Client Error: TOO MANY REQUESTS for url: https://zenodo.org/api/records/18786370/files/article.html/content
    [ERROR] download https://zenodo.org/api/records/18786370/files/zenodo.18786370.pdf/content: 429 Client Error: TOO MANY REQUESTS for url: https://zenodo.org/api/records/18786370/files/zenodo.18786370.pdf/content
  Rate limited — sleeping 60s
  [18786451] 1 media file(s) saved
  [18786569] 1 media file(s) saved
  [18786591] 1 media file(s) saved
  [18786596] 1 media file(s) saved
  [18786602] 1 media file(s) saved
  [18786866] 1 media file(s) saved
  [18786957] 1 media file(s) saved
  [18787523] 2 media file(s) saved
  [18790208] 2 media file(s) saved
  [18790443] 1 media file(s) saved
  [18790547] 1 media file(s) saved
  [18790660] 1 media file(s) saved
  [18792959] 2 media file(s) saved
  [18793008] 3 media file(s) saved
  [18793268] 1 media file(s) saved
  [18793719] 1 media file(s) saved
  [18794192] 1 media file(s) saved
  [18794541] 1 media file(s) saved
  [18794605] 1 media file(s) saved
  [ERROR] record 18795423: 410 Client Error: GONE for url: https://zenodo.org/api/records/18795423
  [18799465] 2 media file(s) saved
  [18801260] 2 media file(s) saved
  [18802856] 1 media file(s) saved
  [18803965] 1 media file(s) saved
  [18804236] 4 media file(s) saved
  [18805864] 1 media file(s) saved
  [1880675] 1 media file(s) saved
  [18809553] 2 media file(s) saved
  [18809798] 2 media file(s) saved
  [18810685] 1 media file(s) saved
  [ERROR] record 18811784: 410 Client Error: GONE for url: https://zenodo.org/api/records/18811784
  [ERROR] record 18811939: 410 Client Error: GONE for url: https://zenodo.org/api/records/18811939
  [18812735] 1 media file(s) saved
  [1881383] 1 media file(s) saved
  [18815869] 1 media file(s) saved
  [18817122] 2 media file(s) saved
  [18817841] 1 media file(s) saved
  [18819659] 1 media file(s) saved
  [18820224] 2 media file(s) saved
  [18820453] 2 media file(s) saved
  [18820550] 2 media file(s) saved
  [18821791] 2 media file(s) saved
  [18822520] 2 media file(s) saved
  [18822763] 1 media file(s) saved
  [18822819] 1 media file(s) saved
  [18829650] 1 media file(s) saved
  [18830563] 2 media file(s) saved
  [18831007] 2 media file(s) saved
  [18832435] 1 media file(s) saved
  [18833049] 1 media file(s) saved
  [18834342] 2 media file(s) saved
  [18835160] 1 media file(s) saved
  [18836552] 1 media file(s) saved
  [18838067] 1 media file(s) saved
  [18838487] 2 media file(s) saved
  [18838527] 2 media file(s) saved
    [ERROR] download https://zenodo.org/api/records/18839486/files/zenodo.18839486.pdf/content: 429 Client Error: TOO MANY REQUESTS for url: https://zenodo.org/api/records/18839486/files/zenodo.18839486.pdf/content
    [ERROR] download https://zenodo.org/api/records/18839486/files/article.html/content: 429 Client Error: TOO MANY REQUESTS for url: https://zenodo.org/api/records/18839486/files/article.html/content
  Rate limited — sleeping 60s
  [18841246] 2 media file(s) saved
  [18842162] 2 media file(s) saved
  [18842309] 2 media file(s) saved
  [18842331] 2 media file(s) saved
  [18842923] 2 media file(s) saved
  [18843860] 2 media file(s) saved
  [18844882] 2 media file(s) saved
  [18845380] 2 media file(s) saved
  [18845582] 2 media file(s) saved
  [18846127] 23 media file(s) saved
  [18847680] 3 media file(s) saved
  [18849331] 1 media file(s) saved
  [18849445] 1 media file(s) saved
  [18850539] 6 media file(s) saved
  [18850629] 1 media file(s) saved
  [18853700] 1 media file(s) saved
  [18855185] 2 media file(s) saved
  [18856443] 1 media file(s) saved
  [188576] 1 media file(s) saved
  [18857639] 1 media file(s) saved
  [18857939] 1 media file(s) saved
  [18859291] 2 media file(s) saved
  [18860367] 1 media file(s) saved
  [18860459] 2 media file(s) saved
  [18860874] 2 media file(s) saved
  [18863177] 2 media file(s) saved
  [18863292] 2 media file(s) saved
  [18863553] 2 media file(s) saved
  [18863681] 2 media file(s) saved
  [18863902] 2 media file(s) saved
  [18864278] 2 media file(s) saved
    [ERROR] download https://zenodo.org/api/records/18864546/files/article.html/content: HTTPSConnectionPool(host='zenodo.org', port=443): Read timed out. (read timeout=30)
  [18864546] 1 media file(s) saved
  [18864596] 1 media file(s) saved
  [18864618] 2 media file(s) saved
  [18865992] 1 media file(s) saved
  [18866509] 1 media file(s) saved
  [18866577] 2 media file(s) saved
  [18868043] 1 media file(s) saved
  [18868057] 1 media file(s) saved
  [ERROR] record 18869165: 410 Client Error: GONE for url: https://zenodo.org/api/records/18869165
  [1887065] 1 media file(s) saved
  [18870766] 2 media file(s) saved
  [18871694] 1 media file(s) saved
  [18872925] 2 media file(s) saved
  [18873153] 2 media file(s) saved
  [18873934] 1 media file(s) saved
  [18874116] 2 media file(s) saved
  [18875837] 2 media file(s) saved
  [1887623] 4 media file(s) saved
  [18877543] 1 media file(s) saved
  [18877632] 1 media file(s) saved
  [1888141] 1 media file(s) saved
  [18881462] 2 media file(s) saved
  [18883942] 2 media file(s) saved
  [18886858] 3 media file(s) saved
  [18887005] 1 media file(s) saved
  [18888699] 2 media file(s) saved
  [18888754] 1 media file(s) saved
  [18888889] 1 media file(s) saved
  [18889778] 21 media file(s) saved
  [1889089] 1 media file(s) saved
  [18891530] 1 media file(s) saved
  [18891611] 1 media file(s) saved
  [18891812] 1 media file(s) saved
  [18892957] 1 media file(s) saved
  [18894805] 1 media file(s) saved
  [18896300] 2 media file(s) saved
  [18899525] 1 media file(s) saved
  [18903409] 1 media file(s) saved
  [18903619] 2 media file(s) saved
  [18904527] 2 media file(s) saved
  [18906883] 1 media file(s) saved
  [18906902] 1 media file(s) saved
  [18907390] 2 media file(s) saved
    [ERROR] download https://zenodo.org/api/records/18907508/files/opticlens-10.0.0-py3-none-any.whl/content: 429 Client Error: TOO MANY REQUESTS for url: https://zenodo.org/api/records/18907508/files/opticlens-10.0.0-py3-none-any.whl/content
    [ERROR] download https://zenodo.org/api/records/18907508/files/CITATION.cff/content: 429 Client Error: TOO MANY REQUESTS for url: https://zenodo.org/api/records/18907508/files/CITATION.cff/content
    [ERROR] download https://zenodo.org/api/records/18907508/files/requirements.txt/content: 429 Client Error: TOO MANY REQUESTS for url: https://zenodo.org/api/records/18907508/files/requirements.txt/content
    [ERROR] download https://zenodo.org/api/records/18907508/files/DEPLOYMENT.md/content: 429 Client Error: TOO MANY REQUESTS for url: https://zenodo.org/api/records/18907508/files/DEPLOYMENT.md/content
    [ERROR] download https://zenodo.org/api/records/18907508/files/AUTHORS.md/content: 429 Client Error: TOO MANY REQUESTS for url: https://zenodo.org/api/records/18907508/files/AUTHORS.md/content
    [ERROR] download https://zenodo.org/api/records/18907508/files/MANIFEST.in/content: 429 Client Error: TOO MANY REQUESTS for url: https://zenodo.org/api/records/18907508/files/MANIFEST.in/content
    [ERROR] download https://zenodo.org/api/records/18907508/files/LICENSE/content: 429 Client Error: TOO MANY REQUESTS for url: https://zenodo.org/api/records/18907508/files/LICENSE/content
    [ERROR] download https://zenodo.org/api/records/18907508/files/CODE_OF_CONDUCT.md/content: 429 Client Error: TOO MANY REQUESTS for url: https://zenodo.org/api/records/18907508/files/CODE_OF_CONDUCT.md/content
    [ERROR] download https://zenodo.org/api/records/18907508/files/INSTALL.md/content: 429 Client Error: TOO MANY REQUESTS for url: https://zenodo.org/api/records/18907508/files/INSTALL.md/content
    [ERROR] download https://zenodo.org/api/records/18907508/files/Dockerfile/content: 429 Client Error: TOO MANY REQUESTS for url: https://zenodo.org/api/records/18907508/files/Dockerfile/content
    [ERROR] download https://zenodo.org/api/records/18907508/files/DEPLOY.md/content: 429 Client Error: TOO MANY REQUESTS for url: https://zenodo.org/api/records/18907508/files/DEPLOY.md/content
    [ERROR] download https://zenodo.org/api/records/18907508/files/README.md/content: 429 Client Error: TOO MANY REQUESTS for url: https://zenodo.org/api/records/18907508/files/README.md/content
    [ERROR] download https://zenodo.org/api/records/18907508/files/COMPLETION.txt/content: 429 Client Error: TOO MANY REQUESTS for url: https://zenodo.org/api/records/18907508/files/COMPLETION.txt/content
    [ERROR] download https://zenodo.org/api/records/18907508/files/PROJECT_SUMMARY.md/content: 429 Client Error: TOO MANY REQUESTS for url: https://zenodo.org/api/records/18907508/files/PROJECT_SUMMARY.md/content
    [ERROR] download https://zenodo.org/api/records/18907508/files/OPTIC-LENS_Whitepaper.pdf/content: 429 Client Error: TOO MANY REQUESTS for url: https://zenodo.org/api/records/18907508/files/OPTIC-LENS_Whitepaper.pdf/content
    [ERROR] download https://zenodo.org/api/records/18907508/files/opticlens-10.0.0.tar.gz/content: 429 Client Error: TOO MANY REQUESTS for url: https://zenodo.org/api/records/18907508/files/opticlens-10.0.0.tar.gz/content
    [ERROR] download https://zenodo.org/api/records/18907508/files/CHANGELOG.md/content: 429 Client Error: TOO MANY REQUESTS for url: https://zenodo.org/api/records/18907508/files/CHANGELOG.md/content
    [ERROR] download https://zenodo.org/api/records/18907508/files/COMPLETION_CERTIFICATE.txt/content: 429 Client Error: TOO MANY REQUESTS for url: https://zenodo.org/api/records/18907508/files/COMPLETION_CERTIFICATE.txt/content
    [ERROR] download https://zenodo.org/api/records/18907508/files/COMPLETION.md/content: 429 Client Error: TOO MANY REQUESTS for url: https://zenodo.org/api/records/18907508/files/COMPLETION.md/content
    [ERROR] download https://zenodo.org/api/records/18907508/files/CONTRIBUTING.md/content: 429 Client Error: TOO MANY REQUESTS for url: https://zenodo.org/api/records/18907508/files/CONTRIBUTING.md/content
    [ERROR] download https://zenodo.org/api/records/18907508/files/OPTIC-LENS.zip/content: 429 Client Error: TOO MANY REQUESTS for url: https://zenodo.org/api/records/18907508/files/OPTIC-LENS.zip/content
  Rate limited — sleeping 60s
  [18908068] 1 media file(s) saved
  [18909405] 4 media file(s) saved
  [1891048] 1 media file(s) saved
  [18910997] 1 media file(s) saved
  [18916405] 2 media file(s) saved
  [18916731] 2 media file(s) saved
  [18917053] 1 media file(s) saved
  [18918363] 1 media file(s) saved
  [18919592] 1 media file(s) saved
  [18919958] 1 media file(s) saved
  [18920139] 2 media file(s) saved
  [18920472] 1 media file(s) saved
  [18921756] 8 media file(s) saved
  [18922695] 1 media file(s) saved
  [18923843] 1 media file(s) saved
  [18924343] 2 media file(s) saved
  [18926105] 1 media file(s) saved
  [18928020] 1 media file(s) saved
  [18930040] 1 media file(s) saved
  [18930244] 2 media file(s) saved
  [18930691] 2 media file(s) saved
  [18932603] 1 media file(s) saved
  [18933322] 2 media file(s) saved
  [18934324] 2 media file(s) saved
  [18934483] 2 media file(s) saved
  [18936251] 3 media file(s) saved
  [18936876] 1 media file(s) saved
  [18937491] 1 media file(s) saved
  [18938570] 1 media file(s) saved
  [18938741] 1 media file(s) saved
  [18939798] 1 media file(s) saved
  [18939965] 1 media file(s) saved
  [18940940] 1 media file(s) saved
  [18942462] 1 media file(s) saved
  [18945200] 1 media file(s) saved
  [18946238] 2 media file(s) saved
  [18946957] 2 media file(s) saved
  [18947054] 2 media file(s) saved
  [18947253] 2 media file(s) saved
  [18947919] 2 media file(s) saved
  [18948068] 2 media file(s) saved
  [18948510] 1 media file(s) saved
  [18949245] 1 media file(s) saved
  [18949378] 2 media file(s) saved
  [18949466] 2 media file(s) saved
  [18950255] 1 media file(s) saved
  [18952412] 2 media file(s) saved
    [ERROR] download https://zenodo.org/api/records/18953154/files/data-inhouse-trial.xlsx/content: 429 Client Error: TOO MANY REQUESTS for url: https://zenodo.org/api/records/18953154/files/data-inhouse-trial.xlsx/content
  [18953154] 1 media file(s) saved
  Rate limited — sleeping 60s
  [18953910] 2 media file(s) saved
  [18954044] 1 media file(s) saved
  [18954373] 2 media file(s) saved
  [18954538] 2 media file(s) saved
  [18955716] 2 media file(s) saved
  [18956599] 2 media file(s) saved
  [18957573] 1 media file(s) saved
  [18958491] 1 media file(s) saved
  [18959597] 1 media file(s) saved
  [18962022] 1 media file(s) saved
  [18963295] 1 media file(s) saved
  [18963685] 2 media file(s) saved
  [18963898] 1 media file(s) saved
  [18964996] 2 media file(s) saved
  [18965717] 2 media file(s) saved
  [18966341] 2 media file(s) saved
  [18967270] 2 media file(s) saved
  [18968546] 2 media file(s) saved
  [18968733] 2 media file(s) saved
  [18969883] 2 media file(s) saved
  [18970022] 2 media file(s) saved
  [18970840] 2 media file(s) saved
  [18971341] 2 media file(s) saved
  [18971604] 2 media file(s) saved
  [18972890] 2 media file(s) saved
  [18974085] 2 media file(s) saved
  [18977185] 2 media file(s) saved
  [18980222] 2 media file(s) saved
  [18981084] 1 media file(s) saved
  [18981453] 1 media file(s) saved
  [18983914] 1 media file(s) saved
  [18984776] 1 media file(s) saved
  [18985792] 1 media file(s) saved
  [18990204] 2 media file(s) saved
  [18993243] 1 media file(s) saved
  [18993267] 2 media file(s) saved
  [18994443] 2 media file(s) saved
  [18995920] 1 media file(s) saved
  [18996629] 1 media file(s) saved
  [18999221] 41 media file(s) saved
  [19000320] 1 media file(s) saved
  [19005396] 2 media file(s) saved
  [19005646] 1 media file(s) saved
    [ERROR] download https://zenodo.org/api/records/19006260/files/Gradient%203_0.2FlowRate_CyclicAMP.csv/content: 429 Client Error: TOO MANY REQUESTS for url: https://zenodo.org/api/records/19006260/files/Gradient%203_0.2FlowRate_CyclicAMP.csv/content
    [ERROR] download https://zenodo.org/api/records/19006260/files/Gradient%202_0.6FlowRate_LinearAMP.csv/content: 429 Client Error: TOO MANY REQUESTS for url: https://zenodo.org/api/records/19006260/files/Gradient%202_0.6FlowRate_LinearAMP.csv/content
    [ERROR] download https://zenodo.org/api/records/19006260/files/Gradient%201_0.2FlowRate_CyclicAMP.csv/content: 429 Client Error: TOO MANY REQUESTS for url: https://zenodo.org/api/records/19006260/files/Gradient%201_0.2FlowRate_CyclicAMP.csv/content
    [ERROR] download https://zenodo.org/api/records/19006260/files/Gradient%201_0.4FlowRate_CyclicAMP.csv/content: 429 Client Error: TOO MANY REQUESTS for url: https://zenodo.org/api/records/19006260/files/Gradient%201_0.4FlowRate_CyclicAMP.csv/content
    [ERROR] download https://zenodo.org/api/records/19006260/files/Gradient%202_0.4FlowRate_CyclicAMP.csv/content: 429 Client Error: TOO MANY REQUESTS for url: https://zenodo.org/api/records/19006260/files/Gradient%202_0.4FlowRate_CyclicAMP.csv/content
    [ERROR] download https://zenodo.org/api/records/19006260/files/Gradient%202_0.2FlowRate_CyclicAMP.csv/content: 429 Client Error: TOO MANY REQUESTS for url: https://zenodo.org/api/records/19006260/files/Gradient%202_0.2FlowRate_CyclicAMP.csv/content
    [ERROR] download https://zenodo.org/api/records/19006260/files/Gradient%203_0.6FlowRate_CyclicAMP.csv/content: 429 Client Error: TOO MANY REQUESTS for url: https://zenodo.org/api/records/19006260/files/Gradient%203_0.6FlowRate_CyclicAMP.csv/content
    [ERROR] download https://zenodo.org/api/records/19006260/files/Gradient%202_0.6FlowRate_CyclicAMP.csv/content: 429 Client Error: TOO MANY REQUESTS for url: https://zenodo.org/api/records/19006260/files/Gradient%202_0.6FlowRate_CyclicAMP.csv/content
    [ERROR] download https://zenodo.org/api/records/19006260/files/MatsudaExtendedGradient_Dimer%20Individual%20EIC.csv/content: 429 Client Error: TOO MANY REQUESTS for url: https://zenodo.org/api/records/19006260/files/MatsudaExtendedGradient_Dimer%20Individual%20EIC.csv/content
    [ERROR] download https://zenodo.org/api/records/19006260/files/MatsudaExtendedGradient_Trimer%20Individual%20EIC.csv/content: 429 Client Error: TOO MANY REQUESTS for url: https://zenodo.org/api/records/19006260/files/MatsudaExtendedGradient_Trimer%20Individual%20EIC.csv/content
    [ERROR] download https://zenodo.org/api/records/19006260/files/Schneider_Dimer%20Individual%20EIC.csv/content: 429 Client Error: TOO MANY REQUESTS for url: https://zenodo.org/api/records/19006260/files/Schneider_Dimer%20Individual%20EIC.csv/content
    [ERROR] download https://zenodo.org/api/records/19006260/files/Schneider%20_Tetramer%20Individual%20EIC.csv/content: 429 Client Error: TOO MANY REQUESTS for url: https://zenodo.org/api/records/19006260/files/Schneider%20_Tetramer%20Individual%20EIC.csv/content
    [ERROR] download https://zenodo.org/api/records/19006260/files/MatsudaExtendedGradient_Tetramer%20Individual%20EIC.csv/content: 429 Client Error: TOO MANY REQUESTS for url: https://zenodo.org/api/records/19006260/files/MatsudaExtendedGradient_Tetramer%20Individual%20EIC.csv/content
    [ERROR] download https://zenodo.org/api/records/19006260/files/Schneider_Trimer%20Individual%20EIC.csv/content: 429 Client Error: TOO MANY REQUESTS for url: https://zenodo.org/api/records/19006260/files/Schneider_Trimer%20Individual%20EIC.csv/content
    [ERROR] download https://zenodo.org/api/records/19006260/files/Cortese%20ATP%20Test%203%20(Neg).csv/content: 429 Client Error: TOO MANY REQUESTS for url: https://zenodo.org/api/records/19006260/files/Cortese%20ATP%20Test%203%20(Neg).csv/content
    [ERROR] download https://zenodo.org/api/records/19006260/files/Schneider%20ATP%20Test%201%20(Neg).csv/content: 429 Client Error: TOO MANY REQUESTS for url: https://zenodo.org/api/records/19006260/files/Schneider%20ATP%20Test%201%20(Neg).csv/content
    [ERROR] download https://zenodo.org/api/records/19006260/files/Schneider2%20ATP%20Test%203%20(Neg).csv/content: 429 Client Error: TOO MANY REQUESTS for url: https://zenodo.org/api/records/19006260/files/Schneider2%20ATP%20Test%203%20(Neg).csv/content
    [ERROR] download https://zenodo.org/api/records/19006260/files/Matsuda%20ATP%20Test%203%20(Neg).csv/content: 429 Client Error: TOO MANY REQUESTS for url: https://zenodo.org/api/records/19006260/files/Matsuda%20ATP%20Test%203%20(Neg).csv/content
    [ERROR] download https://zenodo.org/api/records/19006260/files/Cortese%20ATP%20Test%202%20(Neg).csv/content: 429 Client Error: TOO MANY REQUESTS for url: https://zenodo.org/api/records/19006260/files/Cortese%20ATP%20Test%202%20(Neg).csv/content
    [ERROR] download https://zenodo.org/api/records/19006260/files/Schneider%20ATP%20Test%202%20(Neg).csv/content: 429 Client Error: TOO MANY REQUESTS for url: https://zenodo.org/api/records/19006260/files/Schneider%20ATP%20Test%202%20(Neg).csv/content
    [ERROR] download https://zenodo.org/api/records/19006260/files/Matsuda-19%20RNA%20Building%20Blocks%20%20(Neg)%20Test%203.csv/content: 429 Client Error: TOO MANY REQUESTS for url: https://zenodo.org/api/records/19006260/files/Matsuda-19%20RNA%20Building%20Blocks%20%20(Neg)%20Test%203.csv/content
    [ERROR] download https://zenodo.org/api/records/19006260/files/Cortese%20ATP%20Test%201%20(Neg).csv/content: 429 Client Error: TOO MANY REQUESTS for url: https://zenodo.org/api/records/19006260/files/Cortese%20ATP%20Test%201%20(Neg).csv/content
    [ERROR] download https://zenodo.org/api/records/19006260/files/Matsuda-19%20RNA%20Building%20Blocks%20%20(Neg)%20Test%202.csv/content: 429 Client Error: TOO MANY REQUESTS for url: https://zenodo.org/api/records/19006260/files/Matsuda-19%20RNA%20Building%20Blocks%20%20(Neg)%20Test%202.csv/content
    [ERROR] download https://zenodo.org/api/records/19006260/files/SchneiderFormate%20ATP%20Test%203%20(Neg).csv/content: 429 Client Error: TOO MANY REQUESTS for url: https://zenodo.org/api/records/19006260/files/SchneiderFormate%20ATP%20Test%203%20(Neg).csv/content
    [ERROR] download https://zenodo.org/api/records/19006260/files/Matsuda-19%20RNA%20Building%20Blocks%20(Neg)%20Test%201.csv/content: 429 Client Error: TOO MANY REQUESTS for url: https://zenodo.org/api/records/19006260/files/Matsuda-19%20RNA%20Building%20Blocks%20(Neg)%20Test%201.csv/content
    [ERROR] download https://zenodo.org/api/records/19006260/files/Schneider_Day66_Tetramer.csv/content: 429 Client Error: TOO MANY REQUESTS for url: https://zenodo.org/api/records/19006260/files/Schneider_Day66_Tetramer.csv/content
    [ERROR] download https://zenodo.org/api/records/19006260/files/Schneider_Day175_Triplicate1_Mixture.csv/content: 429 Client Error: TOO MANY REQUESTS for url: https://zenodo.org/api/records/19006260/files/Schneider_Day175_Triplicate1_Mixture.csv/content
    [ERROR] download https://zenodo.org/api/records/19006260/files/Schneider_Day51_Dimer.csv/content: 429 Client Error: TOO MANY REQUESTS for url: https://zenodo.org/api/records/19006260/files/Schneider_Day51_Dimer.csv/content
    [ERROR] download https://zenodo.org/api/records/19006260/files/Schneider_Day50_Trimer.csv/content: 429 Client Error: TOO MANY REQUESTS for url: https://zenodo.org/api/records/19006260/files/Schneider_Day50_Trimer.csv/content
    [ERROR] download https://zenodo.org/api/records/19006260/files/Schneider_Day175_Triplicate1_Trimer.csv/content: 429 Client Error: TOO MANY REQUESTS for url: https://zenodo.org/api/records/19006260/files/Schneider_Day175_Triplicate1_Trimer.csv/content
    [ERROR] download https://zenodo.org/api/records/19006260/files/Schneider_Day51_Tetramer.csv/content: 429 Client Error: TOO MANY REQUESTS for url: https://zenodo.org/api/records/19006260/files/Schneider_Day51_Tetramer.csv/content
    [ERROR] download https://zenodo.org/api/records/19006260/files/Schneider_Day196_Triplicate1_Tetramer.csv/content: 429 Client Error: TOO MANY REQUESTS for url: https://zenodo.org/api/records/19006260/files/Schneider_Day196_Triplicate1_Tetramer.csv/content
    [ERROR] download https://zenodo.org/api/records/19006260/files/Schneider_Day196_Triplicate2_Tetramer.csv/content: 429 Client Error: TOO MANY REQUESTS for url: https://zenodo.org/api/records/19006260/files/Schneider_Day196_Triplicate2_Tetramer.csv/content
    [ERROR] download https://zenodo.org/api/records/19006260/files/Matsuda_Day21_Mixture.csv/content: 429 Client Error: TOO MANY REQUESTS for url: https://zenodo.org/api/records/19006260/files/Matsuda_Day21_Mixture.csv/content
    [ERROR] download https://zenodo.org/api/records/19006260/files/Schneider_Day175_Triplicate1_Dimer.csv/content: 429 Client Error: TOO MANY REQUESTS for url: https://zenodo.org/api/records/19006260/files/Schneider_Day175_Triplicate1_Dimer.csv/content
    [ERROR] download https://zenodo.org/api/records/19006260/files/Schneider_Day51_Mixture.csv/content: 429 Client Error: TOO MANY REQUESTS for url: https://zenodo.org/api/records/19006260/files/Schneider_Day51_Mixture.csv/content
    [ERROR] download https://zenodo.org/api/records/19006260/files/Schneider_Day196_Triplicate2_Mixture.csv/content: 429 Client Error: TOO MANY REQUESTS for url: https://zenodo.org/api/records/19006260/files/Schneider_Day196_Triplicate2_Mixture.csv/content
    [ERROR] download https://zenodo.org/api/records/19006260/files/Schneider_Day51_Trimer.csv/content: 429 Client Error: TOO MANY REQUESTS for url: https://zenodo.org/api/records/19006260/files/Schneider_Day51_Trimer.csv/content
    [ERROR] download https://zenodo.org/api/records/19006260/files/Matsuda_Day21_Tetramer.csv/content: 429 Client Error: TOO MANY REQUESTS for url: https://zenodo.org/api/records/19006260/files/Matsuda_Day21_Tetramer.csv/content
    [ERROR] download https://zenodo.org/api/records/19006260/files/Schneider_Day175_Triplicate3_Trimer.csv/content: 429 Client Error: TOO MANY REQUESTS for url: https://zenodo.org/api/records/19006260/files/Schneider_Day175_Triplicate3_Trimer.csv/content
    [ERROR] download https://zenodo.org/api/records/19006260/files/Schneider_Day9_Dimer.csv/content: 429 Client Error: TOO MANY REQUESTS for url: https://zenodo.org/api/records/19006260/files/Schneider_Day9_Dimer.csv/content
    [ERROR] download https://zenodo.org/api/records/19006260/files/Schneider_Day175_Triplicate2_Trimer.csv/content: 429 Client Error: TOO MANY REQUESTS for url: https://zenodo.org/api/records/19006260/files/Schneider_Day175_Triplicate2_Trimer.csv/content
    [ERROR] download https://zenodo.org/api/records/19006260/files/Schneider_Day34_Tetramer.csv/content: 429 Client Error: TOO MANY REQUESTS for url: https://zenodo.org/api/records/19006260/files/Schneider_Day34_Tetramer.csv/content
    [ERROR] download https://zenodo.org/api/records/19006260/files/Schneider_Day66_Trimer.csv/content: 429 Client Error: TOO MANY REQUESTS for url: https://zenodo.org/api/records/19006260/files/Schneider_Day66_Trimer.csv/content
    [ERROR] download https://zenodo.org/api/records/19006260/files/Schneider_Day175_Triplicate2_Mixture.csv/content: 429 Client Error: TOO MANY REQUESTS for url: https://zenodo.org/api/records/19006260/files/Schneider_Day175_Triplicate2_Mixture.csv/content
    [ERROR] download https://zenodo.org/api/records/19006260/files/Schneider_Day175_Triplicate3_Mixture.csv/content: 429 Client Error: TOO MANY REQUESTS for url: https://zenodo.org/api/records/19006260/files/Schneider_Day175_Triplicate3_Mixture.csv/content
    [ERROR] download https://zenodo.org/api/records/19006260/files/Schneider_Day9_Mixture.csv/content: 429 Client Error: TOO MANY REQUESTS for url: https://zenodo.org/api/records/19006260/files/Schneider_Day9_Mixture.csv/content
    [ERROR] download https://zenodo.org/api/records/19006260/files/Schneider_Day34_Mixture.csv/content: 429 Client Error: TOO MANY REQUESTS for url: https://zenodo.org/api/records/19006260/files/Schneider_Day34_Mixture.csv/content
    [ERROR] download https://zenodo.org/api/records/19006260/files/Schneider_Day175_Triplicate2_Tetramer.csv/content: 429 Client Error: TOO MANY REQUESTS for url: https://zenodo.org/api/records/19006260/files/Schneider_Day175_Triplicate2_Tetramer.csv/content
    [ERROR] download https://zenodo.org/api/records/19006260/files/Cortese_Day0_Tetramer.csv/content: 429 Client Error: TOO MANY REQUESTS for url: https://zenodo.org/api/records/19006260/files/Cortese_Day0_Tetramer.csv/content
    [ERROR] download https://zenodo.org/api/records/19006260/files/Schneider_Day196_Triplicate3_Mixture.csv/content: 429 Client Error: TOO MANY REQUESTS for url: https://zenodo.org/api/records/19006260/files/Schneider_Day196_Triplicate3_Mixture.csv/content
    [ERROR] download https://zenodo.org/api/records/19006260/files/Matsuda_Day21_Trimer.csv/content: 429 Client Error: TOO MANY REQUESTS for url: https://zenodo.org/api/records/19006260/files/Matsuda_Day21_Trimer.csv/content
    [ERROR] download https://zenodo.org/api/records/19006260/files/Cortese_Day0_Dimer.csv/content: 429 Client Error: TOO MANY REQUESTS for url: https://zenodo.org/api/records/19006260/files/Cortese_Day0_Dimer.csv/content
    [ERROR] download https://zenodo.org/api/records/19006260/files/Cortese_Day0_Trimer.csv/content: 429 Client Error: TOO MANY REQUESTS for url: https://zenodo.org/api/records/19006260/files/Cortese_Day0_Trimer.csv/content
    [ERROR] download https://zenodo.org/api/records/19006260/files/Schneider_Day175_Triplicate3_Dimer.csv/content: 429 Client Error: TOO MANY REQUESTS for url: https://zenodo.org/api/records/19006260/files/Schneider_Day175_Triplicate3_Dimer.csv/content
    [ERROR] download https://zenodo.org/api/records/19006260/files/Schneider_Day175_Triplicate3_Tetramer.csv/content: 429 Client Error: TOO MANY REQUESTS for url: https://zenodo.org/api/records/19006260/files/Schneider_Day175_Triplicate3_Tetramer.csv/content
  [19006260] 30 media file(s) saved
  [19006769] 1 media file(s) saved
  [19007685] 1 media file(s) saved
    [ERROR] download https://zenodo.org/api/records/19008862/files/CODEBOOK.md/content: 429 Client Error: TOO MANY REQUESTS for url: https://zenodo.org/api/records/19008862/files/CODEBOOK.md/content
    [ERROR] download https://zenodo.org/api/records/19008862/files/annotation_sheet_IAA_v2.xlsx/content: 429 Client Error: TOO MANY REQUESTS for url: https://zenodo.org/api/records/19008862/files/annotation_sheet_IAA_v2.xlsx/content
    [ERROR] download https://zenodo.org/api/records/19008862/files/ridda_combined_enriched.xlsx/content: 429 Client Error: TOO MANY REQUESTS for url: https://zenodo.org/api/records/19008862/files/ridda_combined_enriched.xlsx/content
    [ERROR] download https://zenodo.org/api/records/19008862/files/ridda_combined_scholarly_commanders.csv/content: 429 Client Error: TOO MANY REQUESTS for url: https://zenodo.org/api/records/19008862/files/ridda_combined_scholarly_commanders.csv/content
    [ERROR] download https://zenodo.org/api/records/19008862/files/ridda_combined_enriched.csv/content: 429 Client Error: TOO MANY REQUESTS for url: https://zenodo.org/api/records/19008862/files/ridda_combined_enriched.csv/content
    [ERROR] download https://zenodo.org/api/records/19008862/files/ridda_prompts.yaml/content: 429 Client Error: TOO MANY REQUESTS for url: https://zenodo.org/api/records/19008862/files/ridda_prompts.yaml/content
  [19008862] 13 media file(s) saved
  [19011824] 2 media file(s) saved
  [19012682] 1 media file(s) saved
  [19014984] 1 media file(s) saved
  [19016542] 1 media file(s) saved
  [19018879] 1 media file(s) saved
  [19019442] 1 media file(s) saved
    [ERROR] download https://zenodo.org/api/records/19022898/files/Ana%20Let%C3%ADcia.pdf/content: 429 Client Error: TOO MANY REQUESTS for url: https://zenodo.org/api/records/19022898/files/Ana%20Let%C3%ADcia.pdf/content
  Rate limited — sleeping 60s
  [19023132] 1 media file(s) saved
  [ERROR] record 19027351: 410 Client Error: GONE for url: https://zenodo.org/api/records/19027351
  [19029252] 2 media file(s) saved
  [19029281] 2 media file(s) saved
  [19029367] 1 media file(s) saved
  [19029369] 1 media file(s) saved
  [19029371] 1 media file(s) saved
  [1903395] 1 media file(s) saved
  [19034428] 1 media file(s) saved
  [19035452] 1 media file(s) saved
  [19038830] 1 media file(s) saved
  [19041986] 1 media file(s) saved
  [19046647] 3 media file(s) saved
  [19047523] 3 media file(s) saved
  [19047621] 1 media file(s) saved
  [19049052] 1 media file(s) saved
  [19049887] 8 media file(s) saved
  [19052188] 1 media file(s) saved
  [1905723] 1 media file(s) saved
  [19059805] 1 media file(s) saved
  [19060869] 2 media file(s) saved
  [19061029] 1 media file(s) saved
  [19061084] 2 media file(s) saved
  [19061290] 1 media file(s) saved
  [19061561] 2 media file(s) saved
  [19061640] 2 media file(s) saved
  [19061670] 2 media file(s) saved
  [19061788] 2 media file(s) saved
  [19062072] 2 media file(s) saved
  [19062393] 2 media file(s) saved
  [19062828] 2 media file(s) saved
  [19064383] 1 media file(s) saved
  [19065323] 2 media file(s) saved
  [19065333] 1 media file(s) saved
  [19067316] 1 media file(s) saved
  [19067425] 2 media file(s) saved
  [19067836] 2 media file(s) saved
  [19067986] 2 media file(s) saved
  [19067996] 2 media file(s) saved
  [19068014] 2 media file(s) saved
  [19068300] 2 media file(s) saved
  [19068543] 14 media file(s) saved
  [19070848] 1 media file(s) saved
  [19072032] 1 media file(s) saved
  [19074455] 3 media file(s) saved
  [19076768] 1 media file(s) saved
  [1907771] 1 media file(s) saved
  [19079652] 1 media file(s) saved
  [19079662] 1 media file(s) saved
  [19080489] 2 media file(s) saved
  [19082713] 1 media file(s) saved
  [19083365] 1 media file(s) saved
  [ERROR] record 19083600: 410 Client Error: GONE for url: https://zenodo.org/api/records/19083600
  [19084516] 1 media file(s) saved
  [19084520] 1 media file(s) saved
  [19084527] 1 media file(s) saved
  [19084529] 1 media file(s) saved
  [19085974] 1 media file(s) saved
  [19085976] 1 media file(s) saved
  [19085978] 1 media file(s) saved
  [19085980] 1 media file(s) saved
  [19085982] 1 media file(s) saved
  [19086808] 1 media file(s) saved
  [19086810] 1 media file(s) saved
  [1908741] 1 media file(s) saved
  [19089969] 1 media file(s) saved
  [19090722] 1 media file(s) saved
  [19090754] 1 media file(s) saved
  [19092339] 1 media file(s) saved
  [19092343] 1 media file(s) saved
  [19092351] 1 media file(s) saved
  [19092358] 1 media file(s) saved
  [19092366] 1 media file(s) saved
  [19092624] 2 media file(s) saved
  [19093021] 1 media file(s) saved
  [19093100] 1 media file(s) saved
  [19093366] 1 media file(s) saved
  [19093370] 1 media file(s) saved
  [19093474] 1 media file(s) saved
  [19094037] 1 media file(s) saved
  [19095414] 1 media file(s) saved
  [19095687] 1 media file(s) saved
  [19096254] 1 media file(s) saved
  [19097392] 1 media file(s) saved
  [19099499] 1 media file(s) saved
  [1910123] 1 media file(s) saved
  [1910217] 1 media file(s) saved
  [19106824] 2 media file(s) saved
  [19109674] 1 media file(s) saved
  [19110174] 1 media file(s) saved
  [19112184] 1 media file(s) saved
  Rate limited — sleeping 60s
  [19113522] 2 media file(s) saved
  [19114166] 1 media file(s) saved
  [19115083] 1 media file(s) saved
  [19115883] 1 media file(s) saved
  [19115885] 1 media file(s) saved
  [19115889] 1 media file(s) saved
  [19115897] 1 media file(s) saved
  [19115908] 1 media file(s) saved
  [19115941] 1 media file(s) saved
  [19116247] 6 media file(s) saved
  [19116703] 1 media file(s) saved
  [19116781] 1 media file(s) saved
  [19116783] 1 media file(s) saved
  [19119064] 1 media file(s) saved
  [19131533] 1 media file(s) saved
  [ERROR] record 19133309: 410 Client Error: GONE for url: https://zenodo.org/api/records/19133309
  [19133360] 1 media file(s) saved
  [19133864] 1 media file(s) saved
  [19136845] 1 media file(s) saved
  [19139631] 5 media file(s) saved
  [19140892] 1 media file(s) saved
  [1914148] 1 media file(s) saved
  [1914388] 1 media file(s) saved
  [19144093] 1 media file(s) saved
  [19144451] 1 media file(s) saved
  [19144899] 1 media file(s) saved
  [19147375] 11 media file(s) saved
  [1915034] 1 media file(s) saved
  [19150647] 1 media file(s) saved
  [19151589] 1 media file(s) saved
  [19157821] 1 media file(s) saved
  [19159903] 6 media file(s) saved
  [19160730] 1 media file(s) saved
  [1916200] 1 media file(s) saved
  [19171996] 1 media file(s) saved
  [19174191] 1 media file(s) saved
  [19174201] 1 media file(s) saved
  [19174207] 1 media file(s) saved
  [19174235] 1 media file(s) saved
  [19174249] 1 media file(s) saved
  [19179397] 1 media file(s) saved
  [1917967] 1 media file(s) saved
  [19181729] 1 media file(s) saved
  [19182028] 1 media file(s) saved
  [19183389] 1 media file(s) saved
  [19183991] 7 media file(s) saved
  [19185887] 3 media file(s) saved
  [19187210] 2 media file(s) saved
  [19197970] 1 media file(s) saved
  [19198974] 1 media file(s) saved
  [19199169] 1 media file(s) saved
  [19199295] 1 media file(s) saved
  [19200596] 1 media file(s) saved
  [19201596] 2 media file(s) saved
  [19201782] 1 media file(s) saved
  [19202510] 1 media file(s) saved
  [19203415] 1 media file(s) saved
  [1920495] 1 media file(s) saved
  [19205442] 1 media file(s) saved
  [19205768] 1 media file(s) saved
  [19207562] 1 media file(s) saved
  [19208478] 1 media file(s) saved
  [19209940] 1 media file(s) saved
  [192191] 1 media file(s) saved
  [19220137] 1 media file(s) saved
  [19220643] 15 media file(s) saved
  [19221435] 1 media file(s) saved
  [19221726] 1 media file(s) saved
  [19222524] 1 media file(s) saved
  [19225028] 1 media file(s) saved
  [19227766] 5 media file(s) saved
  [19231178] 1 media file(s) saved
  [19231402] 1 media file(s) saved
  [19232149] 7 media file(s) saved
  [1923236] 1 media file(s) saved
  [19235259] 1 media file(s) saved
  [19235573] 1 media file(s) saved
  [19235939] 1 media file(s) saved
  [19238425] 1 media file(s) saved
  [19241195] 1 media file(s) saved
  [19244014] 1 media file(s) saved
  [19246903] 1 media file(s) saved
  [19249273] 2 media file(s) saved
  [19249554] 1 media file(s) saved
  [1925113] 1 media file(s) saved
  [19254000] 2 media file(s) saved
  [19254467] 27 media file(s) saved
  [19254656] 1 media file(s) saved
  [192574] 1 media file(s) saved
  [19260037] 1 media file(s) saved
  [19286734] 2 media file(s) saved
  [19291616] 1 media file(s) saved
  [19291623] 1 media file(s) saved
  [19296189] 1 media file(s) saved
  [19297046] 1 media file(s) saved
  [1929884] 1 media file(s) saved
  [1930042] 1 media file(s) saved
  [1930064] 1 media file(s) saved
  [19308327] 1 media file(s) saved
  [19317248] 1 media file(s) saved
  [19317264] 1 media file(s) saved
  [19323096] 2 media file(s) saved
  [19326982] 1 media file(s) saved
  [19329791] 1 media file(s) saved
  [19330359] 1 media file(s) saved
  [19331900] 1 media file(s) saved
  [19334684] 1 media file(s) saved
  [19335207] 1 media file(s) saved
  [19336279] 1 media file(s) saved
  [19339445] 1 media file(s) saved
  [19339625] 1 media file(s) saved
  [19339840] 1 media file(s) saved
  [19339910] 1 media file(s) saved
  [19341573] 1 media file(s) saved
  [19342954] 1 media file(s) saved
  Rate limited — sleeping 60s
  [19344544] 4 media file(s) saved
  [19344629] 1 media file(s) saved
  [19344868] 3 media file(s) saved
  [19345535] 1 media file(s) saved
  [19347864] 1 media file(s) saved
  [19348065] 1 media file(s) saved
  [19348686] 1 media file(s) saved
  [1934936] 1 media file(s) saved
  [19349502] 1 media file(s) saved
  [19352143] 1 media file(s) saved
  [ERROR] record 19352504: 410 Client Error: GONE for url: https://zenodo.org/api/records/19352504
  [19353031] 1 media file(s) saved
  [19353251] 1 media file(s) saved
  [19363040] 6 media file(s) saved
  [19364246] 1 media file(s) saved
  [19365082] 1 media file(s) saved
  [19365347] 1 media file(s) saved
  [1936546] 1 media file(s) saved
  [19366952] 1 media file(s) saved
  [19367053] 9 media file(s) saved
  [19367387] 1 media file(s) saved
  [1936854] 1 media file(s) saved
  [19368622] 2 media file(s) saved
  [19369962] 1 media file(s) saved
  [19369982] 2 media file(s) saved
  [19370509] 1 media file(s) saved
  [19372792] 5 media file(s) saved
  [19374460] 1 media file(s) saved
  [19383502] 1 media file(s) saved
  [19384846] 2 media file(s) saved
  [19386620] 1 media file(s) saved
  [1939359] 1 media file(s) saved
  [19393938] 1 media file(s) saved
  [19395378] 2 media file(s) saved
  [19396138] 2 media file(s) saved
  [19396256] 1 media file(s) saved
  [19396749] 7 media file(s) saved
  [19396957] 2 media file(s) saved
  [19396971] 2 media file(s) saved
  [19397002] 1 media file(s) saved
  [19397005] 1 media file(s) saved
  [19397007] 1 media file(s) saved
  [19397033] 1 media file(s) saved
  [19397035] 1 media file(s) saved
  [19397094] 1 media file(s) saved
  [19400449] 1 media file(s) saved
  [19410213] 1 media file(s) saved
  [19411018] 1 media file(s) saved
  [19412695] 1 media file(s) saved
  [1941370] 1 media file(s) saved
  [19414028] 2 media file(s) saved
  [19416442] 1 media file(s) saved
  [19418081] 1 media file(s) saved
  [19422537] 1 media file(s) saved
  [1942292] 1 media file(s) saved
  [19424874] 1 media file(s) saved
    [ERROR] download https://zenodo.org/api/records/19426091/files/Comparative%20Evaluation%20of%20Microscopy,%20Rapid%20Diagnostic%20Test%20(RDT),%20and%20PCR%20for%20Malaria%20Diagnosis%20among%20Clinical%20Malaria%20Patients%20in%20Gombe%20State,%20North-East%20Nigeria.pdf/content: 429 Client Error: TOO MANY REQUESTS for url: https://zenodo.org/api/records/19426091/files/Comparative%20Evaluation%20of%20Microscopy,%20Rapid%20Diagnostic%20Test%20(RDT),%20and%20PCR%20for%20Malaria%20Diagnosis%20among%20Clinical%20Malaria%20Patients%20in%20Gombe%20State,%20North-East%20Nigeria.pdf/content
    [ERROR] download https://zenodo.org/api/records/19430353/files/Navigating%20Electorate%20Landscape%20and%20Building%20Resilient%20Digital%20Ecosystem.pdf/content: 429 Client Error: TOO MANY REQUESTS for url: https://zenodo.org/api/records/19430353/files/Navigating%20Electorate%20Landscape%20and%20Building%20Resilient%20Digital%20Ecosystem.pdf/content
  [19430853] 1 media file(s) saved
  [19433007] 1 media file(s) saved
  [19436394] 1 media file(s) saved
    [ERROR] download https://zenodo.org/api/records/19437440/files/IO3_Guide_Projects_Collaboratifs_RecThink_FR/content: 429 Client Error: TOO MANY REQUESTS for url: https://zenodo.org/api/records/19437440/files/IO3_Guide_Projects_Collaboratifs_RecThink_FR/content
    [ERROR] download https://zenodo.org/api/records/19437440/files/IO3_Guia_Proyectos_Colaborativos_RecThink_SPA/content: 429 Client Error: TOO MANY REQUESTS for url: https://zenodo.org/api/records/19437440/files/IO3_Guia_Proyectos_Colaborativos_RecThink_SPA/content
    [ERROR] download https://zenodo.org/api/records/19437440/files/IO3_Guide_Collaborative_Projects_RecThink_ENG/content: 429 Client Error: TOO MANY REQUESTS for url: https://zenodo.org/api/records/19437440/files/IO3_Guide_Collaborative_Projects_RecThink_ENG/content
  [19441529] 1 media file(s) saved
    [ERROR] download https://zenodo.org/api/records/19443944/files/CAS_denv_4.cas/content: 429 Client Error: TOO MANY REQUESTS for url: https://zenodo.org/api/records/19443944/files/CAS_denv_4.cas/content
    [ERROR] download https://zenodo.org/api/records/19443944/files/GEO.geo/content: 429 Client Error: TOO MANY REQUESTS for url: https://zenodo.org/api/records/19443944/files/GEO.geo/content
  [19443944] 1 media file(s) saved
    [ERROR] download https://zenodo.org/api/records/19448411/files/51-55.pdf/content: 429 Client Error: TOO MANY REQUESTS for url: https://zenodo.org/api/records/19448411/files/51-55.pdf/content
  [19448919] 1 media file(s) saved
  [19449277] 1 media file(s) saved
  [19450475] 1 media file(s) saved
  [19451958] 1 media file(s) saved
  [19452878] 1 media file(s) saved
  [19453483] 1 media file(s) saved
  [19455383] 1 media file(s) saved
  [1945816] 1 media file(s) saved
  [19462349] 1 media file(s) saved
  [19462501] 6 media file(s) saved
  [19463659] 1 media file(s) saved
  [19466085] 1 media file(s) saved
  [19466542] 1 media file(s) saved
  [19466803] 1 media file(s) saved
  [19467722] 1 media file(s) saved
  [19470364] 1 media file(s) saved
  [19472190] 1 media file(s) saved
  [19472407] 1 media file(s) saved
  [19473089] 1 media file(s) saved
  [19478111] 1 media file(s) saved
  [19479684] 1 media file(s) saved
  [19480078] 2 media file(s) saved
  [19481550] 6 media file(s) saved
  [19481678] 1 media file(s) saved
  [19481743] 1 media file(s) saved
  [19482034] 1 media file(s) saved
  [19485277] 1 media file(s) saved
  [19485855] 1 media file(s) saved
  [19486872] 2 media file(s) saved
  [19487184] 1 media file(s) saved
  [19487747] 1 media file(s) saved
  [19487799] 3 media file(s) saved
  [19488058] 1 media file(s) saved
  [19488448] 1 media file(s) saved
  [19488626] 1 media file(s) saved
  [19488728] 1 media file(s) saved
  [19488811] 1 media file(s) saved
    [ERROR] download https://zenodo.org/api/records/19489460/files/targets.preprocessed.500.annotated_intervals.tsv/content: 429 Client Error: TOO MANY REQUESTS for url: https://zenodo.org/api/records/19489460/files/targets.preprocessed.500.annotated_intervals.tsv/content
  [19489460] 9 media file(s) saved
  [19490648] 1 media file(s) saved
  [19491075] 1 media file(s) saved
  [19492453] 1 media file(s) saved
  [1949286] 1 media file(s) saved
  [19493411] 1 media file(s) saved
  [19493417] 1 media file(s) saved
  [19493429] 1 media file(s) saved
  [19493435] 1 media file(s) saved
  [19493443] 1 media file(s) saved
  [19493458] 1 media file(s) saved
  [19493464] 1 media file(s) saved
  [19493471] 1 media file(s) saved
  [19493502] 1 media file(s) saved
  [19493556] 1 media file(s) saved
  [19493928] 1 media file(s) saved
  [19494060] 1 media file(s) saved
  Rate limited — sleeping 60s
  [19495168] 1 media file(s) saved
  [19495301] 1 media file(s) saved
  [19495371] 1 media file(s) saved
  [19496038] 4 media file(s) saved
  [1949854] 1 media file(s) saved
  [19499674] 1 media file(s) saved
  [19499686] 1 media file(s) saved
  [19500003] 1 media file(s) saved
  [19501393] 1 media file(s) saved
  [19501396] 1 media file(s) saved
  [19501417] 1 media file(s) saved
  [19508474] 1 media file(s) saved
  [19509530] 1 media file(s) saved
  [19509722] 1 media file(s) saved
  [19510395] 1 media file(s) saved
  [19525153] 1 media file(s) saved
  [19525234] 1 media file(s) saved
  [19525464] 1 media file(s) saved
  [19525524] 1 media file(s) saved
  [19530770] 1 media file(s) saved
  [1953337] 1 media file(s) saved
  [19535663] 1 media file(s) saved
  [19540734] 1 media file(s) saved
  [19542739] 1 media file(s) saved
  [19546597] 1 media file(s) saved
  [19550169] 1 media file(s) saved
  [19554818] 1 media file(s) saved
  [19554965] 1 media file(s) saved
  [19555383] 1 media file(s) saved
  [19558082] 1 media file(s) saved
  [19558526] 1 media file(s) saved
  [19558852] 1 media file(s) saved
  [19558915] 1 media file(s) saved
  [19558949] 1 media file(s) saved
  [19558969] 1 media file(s) saved
  [1956034] 1 media file(s) saved
  [19560851] 1 media file(s) saved
  [19564371] 1 media file(s) saved
  [19565930] 1 media file(s) saved
  [1956632] 1 media file(s) saved
  [19567245] 1 media file(s) saved
  [19567714] 1 media file(s) saved
  [19568212] 6 media file(s) saved
  [19568971] 1 media file(s) saved
  [19570421] 3 media file(s) saved
  [19571888] 1 media file(s) saved
  [19581384] 1 media file(s) saved
  [19581417] 27 media file(s) saved
  [19583424] 1 media file(s) saved
  [19586600] 1 media file(s) saved
  [19589705] 1 media file(s) saved
  [19589706] 1 media file(s) saved
  [19590697] 1 media file(s) saved
  [19591588] 1 media file(s) saved
  [19591832] 1 media file(s) saved
  [19593204] 1 media file(s) saved
  [19594057] 1 media file(s) saved
  [19594459] 1 media file(s) saved
  [19595154] 1 media file(s) saved
  [19595173] 1 media file(s) saved
  [19596814] 1 media file(s) saved
  [19596868] 1 media file(s) saved
  [1959820] 1 media file(s) saved
  [19599454] 1 media file(s) saved
  [19601768] 1 media file(s) saved
  [19602698] 1 media file(s) saved
  [19604349] 1 media file(s) saved
  [19604468] 1 media file(s) saved
  [19605290] 1 media file(s) saved
  [19606429] 1 media file(s) saved
  [19606710] 4 media file(s) saved
  [19607655] 1 media file(s) saved
  [19608449] 3 media file(s) saved
  [1960956] 1 media file(s) saved
  [19609940] 1 media file(s) saved
  [19617277] 2 media file(s) saved
  [1962004] 1 media file(s) saved
  [19625180] 1 media file(s) saved
  [19626542] 1 media file(s) saved
  [19626613] 2 media file(s) saved
  [19626792] 1 media file(s) saved
  [19627536] 1 media file(s) saved
  [19629576] 1 media file(s) saved
  [19630122] 1 media file(s) saved
  [19630201] 3 media file(s) saved
  [19630304] 1 media file(s) saved
  [19630425] 6 media file(s) saved
  [19632701] 1 media file(s) saved
  [ERROR] record 19633305: 410 Client Error: GONE for url: https://zenodo.org/api/records/19633305
  [ERROR] record 19634153: 410 Client Error: GONE for url: https://zenodo.org/api/records/19634153
  [19636795] 1 media file(s) saved
  [ERROR] record 19637482: 410 Client Error: GONE for url: https://zenodo.org/api/records/19637482
  [19637758] 1 media file(s) saved
  [19638097] 1 media file(s) saved
  [19639719] 1 media file(s) saved
  [19643120] 4 media file(s) saved
  [19643883] 1 media file(s) saved
  [19643884] 1 media file(s) saved
  [19645413] 1 media file(s) saved
  [19646551] 1 media file(s) saved
  [19647259] 2 media file(s) saved
  [19647407] 1 media file(s) saved
  [19649337] 2 media file(s) saved
  [19653078] 5 media file(s) saved
  [19653830] 1 media file(s) saved
  [19653929] 1 media file(s) saved
  [19654094] 1 media file(s) saved
  [19657058] 1 media file(s) saved
  [19657066] 1 media file(s) saved
  [19657163] 1 media file(s) saved
  [19657171] 1 media file(s) saved
  [19660407] 1 media file(s) saved
  [19660415] 1 media file(s) saved
  [19660934] 1 media file(s) saved
  [19663775] 1 media file(s) saved
  [19663907] 1 media file(s) saved
  [19666157] 1 media file(s) saved
  [19666596] 1 media file(s) saved
  [19669375] 1 media file(s) saved
  [19673204] 1 media file(s) saved
  [19673381] 1 media file(s) saved
  [19678526] 1 media file(s) saved
  [19679987] 1 media file(s) saved
  [19680449] 4 media file(s) saved
  [1968175] 1 media file(s) saved
  [19682153] 1 media file(s) saved
  [19683677] 1 media file(s) saved
  [19685591] 1 media file(s) saved
  [19688148] 1 media file(s) saved
  [19690974] 1 media file(s) saved
  [19690978] 1 media file(s) saved
  [19691985] 1 media file(s) saved
  [19692220] 1 media file(s) saved
  [19692891] 1 media file(s) saved
  [1969483] 1 media file(s) saved
  [19695309] 1 media file(s) saved
  [19696224] 1 media file(s) saved
  [19696248] 1 media file(s) saved
  [19698516] 1 media file(s) saved
  [19699408] 1 media file(s) saved
  [19699922] 8 media file(s) saved
  [19701873] 1 media file(s) saved
  [19704692] 1 media file(s) saved
  [19705670] 1 media file(s) saved
  [19705998] 1 media file(s) saved
  [19707070] 1 media file(s) saved
  [19709530] 1 media file(s) saved
  [19709725] 1 media file(s) saved
  [19709854] 1 media file(s) saved
  [19709855] 1 media file(s) saved
  [19709857] 1 media file(s) saved
    [ERROR] download https://zenodo.org/api/records/19709865/files/307230_TSBMer5_U2_trimmed.fastq.gz/content: 429 Client Error: TOO MANY REQUESTS for url: https://zenodo.org/api/records/19709865/files/307230_TSBMer5_U2_trimmed.fastq.gz/content
    [ERROR] download https://zenodo.org/api/records/19709865/files/307231_TSBMer9_U2_trimmed.fastq.gz/content: 429 Client Error: TOO MANY REQUESTS for url: https://zenodo.org/api/records/19709865/files/307231_TSBMer9_U2_trimmed.fastq.gz/content
    [ERROR] download https://zenodo.org/api/records/19709865/files/307233_TSBControl1_U2_trimmed.fastq.gz/content: 429 Client Error: TOO MANY REQUESTS for url: https://zenodo.org/api/records/19709865/files/307233_TSBControl1_U2_trimmed.fastq.gz/content
    [ERROR] download https://zenodo.org/api/records/19709865/files/307236_TSBControl4_U2_trimmed.fastq.gz/content: 429 Client Error: TOO MANY REQUESTS for url: https://zenodo.org/api/records/19709865/files/307236_TSBControl4_U2_trimmed.fastq.gz/content
    [ERROR] download https://zenodo.org/api/records/19709865/files/307238_PAO1Ancestral_U2_trimmed.fastq.gz/content: 429 Client Error: TOO MANY REQUESTS for url: https://zenodo.org/api/records/19709865/files/307238_PAO1Ancestral_U2_trimmed.fastq.gz/content
    [ERROR] download https://zenodo.org/api/records/19709865/files/307223_LungControl1_U2_trimmed.fastq.gz/content: 429 Client Error: TOO MANY REQUESTS for url: https://zenodo.org/api/records/19709865/files/307223_LungControl1_U2_trimmed.fastq.gz/content
  [19709865] 15 media file(s) saved
  [19710833] 2 media file(s) saved
  [19711948] 1 media file(s) saved
  [19714552] 1 media file(s) saved
  [19714690] 1 media file(s) saved
  [19719006] 1 media file(s) saved
  [19719814] 1 media file(s) saved
  [1972041] 1 media file(s) saved
  [19721051] 1 media file(s) saved
  [19721093] 1 media file(s) saved
  [19721130] 1 media file(s) saved
  [19721280] 1 media file(s) saved
  [19721383] 1 media file(s) saved
  [19721587] 1 media file(s) saved
    [ERROR] download https://zenodo.org/api/records/19724942/files/071415.pdf/content: 429 Client Error: TOO MANY REQUESTS for url: https://zenodo.org/api/records/19724942/files/071415.pdf/content
  [19725360] 1 media file(s) saved
  [19726258] 2 media file(s) saved
  [19727805] 2 media file(s) saved
  [19729792] 1 media file(s) saved
  [19732058] 1 media file(s) saved
  [19733028] 1 media file(s) saved
    [ERROR] download https://zenodo.org/api/records/19734615/files/analyses.R/content: 429 Client Error: TOO MANY REQUESTS for url: https://zenodo.org/api/records/19734615/files/analyses.R/content
    [ERROR] download https://zenodo.org/api/records/19734615/files/indicator_dimensions_per_study.csv/content: 429 Client Error: TOO MANY REQUESTS for url: https://zenodo.org/api/records/19734615/files/indicator_dimensions_per_study.csv/content
    [ERROR] download https://zenodo.org/api/records/19734615/files/coding_matrix.csv/content: 429 Client Error: TOO MANY REQUESTS for url: https://zenodo.org/api/records/19734615/files/coding_matrix.csv/content
    [ERROR] download https://zenodo.org/api/records/19734615/files/coding_matrix.xlsx/content: 429 Client Error: TOO MANY REQUESTS for url: https://zenodo.org/api/records/19734615/files/coding_matrix.xlsx/content
    [ERROR] download https://zenodo.org/api/records/19734615/files/data_source_per_study.csv/content: 429 Client Error: TOO MANY REQUESTS for url: https://zenodo.org/api/records/19734615/files/data_source_per_study.csv/content
  [19734615] 5 media file(s) saved
  [19736892] 2 media file(s) saved
  Rate limited — sleeping 60s
  [19738270] 10 media file(s) saved
  [1973830] 1 media file(s) saved
  [19741372] 1 media file(s) saved
  [19741473] 1 media file(s) saved
  [19741663] 1 media file(s) saved
  [19741922] 1 media file(s) saved
  [1974794] 1 media file(s) saved
  [1975019] 1 media file(s) saved
  [19753138] 1 media file(s) saved
  [19755135] 1 media file(s) saved
  [19755892] 1 media file(s) saved
  [1976000] 1 media file(s) saved
  [ERROR] record 19763365: 410 Client Error: GONE for url: https://zenodo.org/api/records/19763365
  [19764060] 1 media file(s) saved
  [1976430] 1 media file(s) saved
  [19764834] 1 media file(s) saved
  [19778457] 1 media file(s) saved
  [1978037] 1 media file(s) saved
  [19783829] 1 media file(s) saved
  [19784599] 1 media file(s) saved
  [19790011] 1 media file(s) saved
  [19790733] 1 media file(s) saved
  [1979296] 1 media file(s) saved
  [19793618] 1 media file(s) saved
  [1979763] 1 media file(s) saved
  [1980114] 1 media file(s) saved
  [19806631] 1 media file(s) saved
  [1980890] 1 media file(s) saved
  [1981320] 1 media file(s) saved
  [19818496] 1 media file(s) saved
  [1981970] 1 media file(s) saved
  [19827648] 1 media file(s) saved
  [1983516] 1 media file(s) saved
  [19842196] 1 media file(s) saved
  [19843070] 1 media file(s) saved
  [19843373] 1 media file(s) saved
  [19845170] 1 media file(s) saved
  [19849972] 1 media file(s) saved
  [19851722] 1 media file(s) saved
  [19854840] 1 media file(s) saved
  [19859184] 1 media file(s) saved
  [1986010] 1 media file(s) saved
  [19860927] 1 media file(s) saved
  [19864797] 1 media file(s) saved
  [19864921] 1 media file(s) saved
  [19865340] 1 media file(s) saved
  [19865382] 1 media file(s) saved
  [19865400] 1 media file(s) saved
  [19865503] 1 media file(s) saved
  [19865620] 1 media file(s) saved
  [19865643] 1 media file(s) saved
  [19872453] 1 media file(s) saved
  [19877326] 1 media file(s) saved
  [19878347] 1 media file(s) saved
  [19884322] 1 media file(s) saved
  [19886330] 1 media file(s) saved
  [19886846] 1 media file(s) saved
  [19887168] 4 media file(s) saved
  [ERROR] record 19893138: 410 Client Error: GONE for url: https://zenodo.org/api/records/19893138
  [19896732] 1 media file(s) saved
  [19900025] 2 media file(s) saved
  [1990041] 1 media file(s) saved
  [1990327] 1 media file(s) saved
  [19906041] 1 media file(s) saved
  [19906090] 1 media file(s) saved
  [19906296] 1 media file(s) saved
  [19906849] 1 media file(s) saved
  [1990821] 1 media file(s) saved
  [19910977] 2 media file(s) saved
  [19911274] 1 media file(s) saved
  [19916206] 1 media file(s) saved
  [19919323] 1 media file(s) saved
  [19919727] 5 media file(s) saved
  [19920798] 1 media file(s) saved
  [19922879] 1 media file(s) saved
  [19923514] 1 media file(s) saved
  [19924423] 2 media file(s) saved
  [19925513] 3 media file(s) saved
  [1992556] 1 media file(s) saved
  [19926183] 1 media file(s) saved
  [1992870] 1 media file(s) saved
  [1993148] 1 media file(s) saved
  [1993550] 1 media file(s) saved
  [19937668] 1 media file(s) saved
  [19940059] 1 media file(s) saved
  [19942915] 1 media file(s) saved
  [19943910] 1 media file(s) saved
  [1994555] 1 media file(s) saved
  [19949075] 1 media file(s) saved
  [19950490] 1 media file(s) saved
  [19951442] 1 media file(s) saved
  [19951614] 1 media file(s) saved
  [1995404] 1 media file(s) saved
  [1995531] 1 media file(s) saved
  [1995616] 1 media file(s) saved
  [19967942] 1 media file(s) saved
    [ERROR] download https://zenodo.org/api/records/1996995/files/article.pdf/content: 429 Client Error: TOO MANY REQUESTS for url: https://zenodo.org/api/records/1996995/files/article.pdf/content
  Rate limited — sleeping 60s
  [1997331] 1 media file(s) saved
  [19975173] 1 media file(s) saved
  [19976255] 1 media file(s) saved
  [19976960] 1 media file(s) saved
  [19977102] 1 media file(s) saved
  [19977192] 1 media file(s) saved
  [19979474] 1 media file(s) saved
  [1999120] 1 media file(s) saved
  [19992179] 1 media file(s) saved
  [20003693] 1 media file(s) saved
  [20005465] 1 media file(s) saved
  [20006632] 1 media file(s) saved
  [20014598] 1 media file(s) saved
  [20015117] 1 media file(s) saved
  [2001713] 1 media file(s) saved
  [20018025] 1 media file(s) saved
  [20018543] 1 media file(s) saved
  [20021021] 1 media file(s) saved
  [20021830] 1 media file(s) saved
  [20021880] 1 media file(s) saved
  [20022046] 1 media file(s) saved
  [20022299] 1 media file(s) saved
  [20022768] 1 media file(s) saved
  [20023118] 1 media file(s) saved
  [20024306] 1 media file(s) saved
  [20026358] 1 media file(s) saved
  [20026453] 1 media file(s) saved
  [20027058] 1 media file(s) saved
  [20032981] 1 media file(s) saved
  [20033160] 1 media file(s) saved
  [20033700] 1 media file(s) saved
  [20034200] 1 media file(s) saved
  [20036035] 1 media file(s) saved
  [20036472] 1 media file(s) saved
  [200365] 1 media file(s) saved
  [20039936] 1 media file(s) saved
  [20040621] 1 media file(s) saved
  [20040886] 1 media file(s) saved
  [ERROR] record 20041147: 410 Client Error: GONE for url: https://zenodo.org/api/records/20041147
  [20042934] 1 media file(s) saved
  [2004548] 1 media file(s) saved
  [20045687] 1 media file(s) saved
  [20046396] 1 media file(s) saved
  [20046924] 1 media file(s) saved
  [20048618] 2 media file(s) saved
  [20050265] 1 media file(s) saved
  [20050933] 1 media file(s) saved
  [20050961] 1 media file(s) saved
  [20052734] 1 media file(s) saved
  [20052917] 1 media file(s) saved
  [2005351] 1 media file(s) saved
  [20054470] 1 media file(s) saved
  [20055050] 1 media file(s) saved
  [20059456] 1 media file(s) saved
  [20061127] 7 media file(s) saved
  [20061129] 1 media file(s) saved
  [20061266] 1 media file(s) saved
  [20061487] 1 media file(s) saved
  [20063188] 1 media file(s) saved
  [20063761] 1 media file(s) saved
  [20064005] 1 media file(s) saved
  [20064853] 1 media file(s) saved
  [20064868] 1 media file(s) saved
  [20065166] 1 media file(s) saved
  [20065695] 2 media file(s) saved
  [20067415] 1 media file(s) saved
  [20068194] 1 media file(s) saved
  [20068814] 1 media file(s) saved
  [20068840] 1 media file(s) saved
  [20072266] 1 media file(s) saved
  [20072566] 1 media file(s) saved
  [20072664] 1 media file(s) saved
  [20073359] 1 media file(s) saved
  [20078073] 1 media file(s) saved
  [2007991] 1 media file(s) saved
  [20080019] 1 media file(s) saved
  [20081368] 1 media file(s) saved
  [20082353] 1 media file(s) saved
  [20082466] 1 media file(s) saved
  [20084005] 10 media file(s) saved
  [20085558] 1 media file(s) saved
  [ERROR] record 20086569: HTTPSConnectionPool(host='zenodo.org', port=443): Read timed out. (read timeout=20)
  [20086579] 1 media file(s) saved
  [20086589] 1 media file(s) saved
  [20088547] 1 media file(s) saved
  [20095413] 1 media file(s) saved
  [20096141] 1 media file(s) saved
  [20096616] 1 media file(s) saved
  [20098139] 1 media file(s) saved
  [20099265] 1 media file(s) saved
  [20102326] 1 media file(s) saved
  [20106524] 1 media file(s) saved
  [20106526] 1 media file(s) saved
  [20106530] 1 media file(s) saved
  [20106532] 1 media file(s) saved
  [20106538] 1 media file(s) saved
  [20106540] 1 media file(s) saved
  [20106542] 1 media file(s) saved
  [20109134] 1 media file(s) saved
  [20110048] 1 media file(s) saved
  [20112228] 1 media file(s) saved
  [20113953] 1 media file(s) saved
  [20114473] 1 media file(s) saved
  [2011815] 1 media file(s) saved
  [20118372] 1 media file(s) saved
  [20119753] 1 media file(s) saved
  [20120083] 1 media file(s) saved
  [20123554] 1 media file(s) saved
  [20127054] 2 media file(s) saved
  [20128718] 1 media file(s) saved
  [20131354] 1 media file(s) saved
  [20132996] 1 media file(s) saved
  [20135773] 1 media file(s) saved
  [20138081] 1 media file(s) saved
  [20140085] 1 media file(s) saved
  [20140959] 1 media file(s) saved
  [20142256] 10 media file(s) saved
  [20144660] 1 media file(s) saved
  [20146072] 1 media file(s) saved
  [20146330] 1 media file(s) saved
  [20146657] 1 media file(s) saved
  [20147192] 1 media file(s) saved
  [20147820] 1 media file(s) saved
  [20148051] 1 media file(s) saved
  [20152205] 1 media file(s) saved
  [20153414] 1 media file(s) saved
  [20153428] 1 media file(s) saved
  [20153447] 1 media file(s) saved
  [20155016] 3 media file(s) saved
  [20155763] 1 media file(s) saved
  [20157144] 1 media file(s) saved
  [2015938] 1 media file(s) saved
  [20171142] 1 media file(s) saved
  [20173933] 1 media file(s) saved
  [20174330] 1 media file(s) saved
  [20176857] 2 media file(s) saved
  [20177209] 1 media file(s) saved
  [20179976] 1 media file(s) saved
  [20182462] 1 media file(s) saved
  [20182612] 1 media file(s) saved
  [20184341] 1 media file(s) saved
  [20187030] 1 media file(s) saved
  [20187670] 1 media file(s) saved
  [2018888] 1 media file(s) saved
  [20191235] 1 media file(s) saved
  [20195403] 1 media file(s) saved
  [20195764] 1 media file(s) saved
  [20195766] 1 media file(s) saved
  [20195768] 1 media file(s) saved
  [20195772] 1 media file(s) saved
  [20196287] 1 media file(s) saved
  [20196336] 1 media file(s) saved
  [20196639] 2 media file(s) saved
  [20197114] 1 media file(s) saved
  [20197171] 1 media file(s) saved
  [20197173] 1 media file(s) saved
  [20197175] 1 media file(s) saved
  [20197962] 1 media file(s) saved
  [20199034] 1 media file(s) saved
  [20199122] 1 media file(s) saved
  [20199124] 1 media file(s) saved
  [20199496] 1 media file(s) saved
  [20199719] 1 media file(s) saved
  [20199805] 1 media file(s) saved
  [20199807] 1 media file(s) saved
  [20200022] 1 media file(s) saved
  [20200108] 1 media file(s) saved
  [20200485] 11 media file(s) saved
  [20200697] 1 media file(s) saved
  [20201001] 1 media file(s) saved
  [20201133] 1 media file(s) saved
  [20201837] 1 media file(s) saved
  [20201956] 1 media file(s) saved
  [20202132] 1 media file(s) saved
  [20202142] 1 media file(s) saved
  [20203682] 1 media file(s) saved
  [20204122] 1 media file(s) saved
  [20204398] 1 media file(s) saved
  [20205466] 1 media file(s) saved
  [20205613] 1 media file(s) saved
  [20205917] 1 media file(s) saved
  [20206059] 1 media file(s) saved
  [20206117] 1 media file(s) saved
  [20206566] 1 media file(s) saved
  [20206605] 1 media file(s) saved
  [20206613] 1 media file(s) saved
  [20206617] 1 media file(s) saved
  [20207526] 1 media file(s) saved
  [20207531] 1 media file(s) saved
  [20208708] 3 media file(s) saved
  [20208868] 1 media file(s) saved
  [20209350] 1 media file(s) saved
  [20209354] 1 media file(s) saved
  [20209358] 1 media file(s) saved
  [20209816] 1 media file(s) saved
  [20209818] 1 media file(s) saved
  [20209821] 1 media file(s) saved
  [20210125] 1 media file(s) saved
  [20210478] 1 media file(s) saved
  [20210969] 1 media file(s) saved
  [20210974] 1 media file(s) saved
  [20211104] 1 media file(s) saved
  [20211106] 1 media file(s) saved
  [20211359] 1 media file(s) saved
  [20211371] 1 media file(s) saved
  [20213316] 1 media file(s) saved
  [20214234] 1 media file(s) saved
  [20214236] 1 media file(s) saved
  [20214240] 1 media file(s) saved
  [20214434] 1 media file(s) saved
  [20215035] 1 media file(s) saved
  [20215850] 2 media file(s) saved
  [20217503] 1 media file(s) saved
  [20217834] 1 media file(s) saved
  [20217836] 1 media file(s) saved
  [20217945] 1 media file(s) saved
  [20217961] 1 media file(s) saved
  [20218090] 2 media file(s) saved
  [20218125] 1 media file(s) saved
  [20218133] 1 media file(s) saved
  [20218173] 1 media file(s) saved
  [20218184] 1 media file(s) saved
  [20218261] 1 media file(s) saved
  [20218358] 1 media file(s) saved
  [20218432] 1 media file(s) saved
  [20218460] 1 media file(s) saved
  [20218733] 1 media file(s) saved
  [20219065] 1 media file(s) saved
  [20219543] 1 media file(s) saved
  [20219545] 1 media file(s) saved
  [20220388] 1 media file(s) saved
  [20220425] 1 media file(s) saved
  [20221733] 1 media file(s) saved
  [20221737] 1 media file(s) saved
  [20221756] 1 media file(s) saved
  [20221932] 1 media file(s) saved
  [20221936] 2 media file(s) saved
  [20221938] 1 media file(s) saved
  [20221940] 1 media file(s) saved
  [20221942] 2 media file(s) saved
  [20222777] 1 media file(s) saved
  [20223117] 1 media file(s) saved
  [20224862] 1 media file(s) saved
  [20224868] 1 media file(s) saved
  [20224872] 1 media file(s) saved
  [20224876] 1 media file(s) saved
  [20224884] 1 media file(s) saved
  [20225203] 1 media file(s) saved
  [20225205] 1 media file(s) saved
  [20225207] 1 media file(s) saved
  [20225286] 2 media file(s) saved
  [20225290] 1 media file(s) saved
  [20225728] 1 media file(s) saved
  [20225730] 1 media file(s) saved
  [20226198] 1 media file(s) saved
  [20226622] 1 media file(s) saved
  [20226628] 1 media file(s) saved
  [20228416] 1 media file(s) saved
  [20228428] 1 media file(s) saved
  [20228430] 1 media file(s) saved
  [20228611] 1 media file(s) saved
  [20228924] 1 media file(s) saved
  [20228930] 1 media file(s) saved
  [20229020] 1 media file(s) saved
  [20229613] 1 media file(s) saved
  [20232649] 1 media file(s) saved
  [20232727] 1 media file(s) saved
  [20232974] 1 media file(s) saved
  [20233322] 1 media file(s) saved
  [20233969] 1 media file(s) saved
  [20233971] 1 media file(s) saved
  [20234086] 1 media file(s) saved
  [20234586] 1 media file(s) saved
  [20235901] 1 media file(s) saved
  [20236296] 1 media file(s) saved
  [20236491] 1 media file(s) saved
  [20236651] 1 media file(s) saved
  [20236826] 1 media file(s) saved
  [20236833] 1 media file(s) saved
  [20237698] 1 media file(s) saved
  [20237766] 1 media file(s) saved
  [20238112] 1 media file(s) saved
  [20238116] 1 media file(s) saved
  [20238451] 1 media file(s) saved
  [20238453] 1 media file(s) saved
  [20242268] 1 media file(s) saved
  [20242290] 1 media file(s) saved
  [20246065] 1 media file(s) saved
  [20246085] 1 media file(s) saved
  [20247342] 2 media file(s) saved
  [20247481] 2 media file(s) saved
  [20248649] 1 media file(s) saved
  [20251396] 1 media file(s) saved
  [ERROR] record 20251736: 410 Client Error: GONE for url: https://zenodo.org/api/records/20251736
  [ERROR] record 20251738: 410 Client Error: GONE for url: https://zenodo.org/api/records/20251738
  [ERROR] record 20251740: 410 Client Error: GONE for url: https://zenodo.org/api/records/20251740
  [ERROR] record 20251742: 410 Client Error: GONE for url: https://zenodo.org/api/records/20251742
  [20252208] 1 media file(s) saved
  [20252665] 1 media file(s) saved
  [20252741] 1 media file(s) saved
  [20258075] 1 media file(s) saved
  [20264315] 1 media file(s) saved
  [20266614] 1 media file(s) saved
  [20266741] 1 media file(s) saved
  [20266979] 1 media file(s) saved
  [20266983] 1 media file(s) saved
  [20268939] 1 media file(s) saved
  [20270496] 1 media file(s) saved
  [20270910] 25 media file(s) saved
  [20270977] 1 media file(s) saved
  [20274536] 3 media file(s) saved
  [20275343] 1 media file(s) saved
  [20275356] 1 media file(s) saved
  [20276039] 1 media file(s) saved
  [20277445] 1 media file(s) saved
  [20280588] 3 media file(s) saved
  [20280685] 1 media file(s) saved
  [2028125] 1 media file(s) saved
  [2028147] 1 media file(s) saved
  [20282215] 1 media file(s) saved
  [20282713] 1 media file(s) saved
  [2028345] 1 media file(s) saved
  [20284039] 1 media file(s) saved
  [20284779] 1 media file(s) saved
  [20285297] 1 media file(s) saved
  [20285349] 5 media file(s) saved
  [20285901] 1 media file(s) saved
  [20286079] 1 media file(s) saved
  [20287553] 8 media file(s) saved
  [20289279] 1 media file(s) saved
  [2028972] 1 media file(s) saved
  [20290211] 1 media file(s) saved
  [20290982] 1 media file(s) saved
  [20291536] 18 media file(s) saved
  [20298770] 2 media file(s) saved
  [20300961] 1 media file(s) saved
  [20301266] 1 media file(s) saved
  [20302716] 1 media file(s) saved
  [20304110] 1 media file(s) saved
  [20304778] 1 media file(s) saved
  [20305975] 1 media file(s) saved
  [20305983] 1 media file(s) saved
  [20305990] 1 media file(s) saved
  [20306158] 1 media file(s) saved
  [20306269] 1 media file(s) saved
  [20306414] 3 media file(s) saved
  [2030666] 1 media file(s) saved
  [20307589] 1 media file(s) saved
  [20309259] 1 media file(s) saved
  [20309915] 1 media file(s) saved
  [20310027] 1 media file(s) saved
  [20311749] 1 media file(s) saved
  [2031628] 1 media file(s) saved
  [20316367] 1 media file(s) saved
  [20317441] 1 media file(s) saved
  [20320555] 1 media file(s) saved
  [20321247] 1 media file(s) saved
  [20321601] 1 media file(s) saved
  [20322204] 1 media file(s) saved
  [20322931] 1 media file(s) saved
  [20323908] 1 media file(s) saved
  [20324728] 1 media file(s) saved
  [20326482] 2 media file(s) saved
  [20326518] 2 media file(s) saved
  [ERROR] record 20327127: 410 Client Error: GONE for url: https://zenodo.org/api/records/20327127
  [ERROR] record 20327578: 410 Client Error: GONE for url: https://zenodo.org/api/records/20327578
  [20328245] 1 media file(s) saved
  [20329463] 1 media file(s) saved
  [20329755] 1 media file(s) saved
  [20332425] 1 media file(s) saved
  [20332625] 1 media file(s) saved
  [20332809] 1 media file(s) saved
  [20332932] 1 media file(s) saved
  [20333179] 1 media file(s) saved
  [20333597] 1 media file(s) saved
  [20333762] 1 media file(s) saved
  [20334082] 1 media file(s) saved
  [20334202] 1 media file(s) saved
  [20335217] 1 media file(s) saved
  [20337393] 1 media file(s) saved
  [20338457] 1 media file(s) saved
  [20340259] 1 media file(s) saved
  [ERROR] record 20343987: 410 Client Error: GONE for url: https://zenodo.org/api/records/20343987
  [20347228] 1 media file(s) saved
  [20347383] 1 media file(s) saved
  [20347543] 1 media file(s) saved
  [20352262] 1 media file(s) saved
  [20352872] 1 media file(s) saved
  [20353740] 1 media file(s) saved
  [2035401] 1 media file(s) saved
  [20354228] 1 media file(s) saved
  [20359577] 1 media file(s) saved
  [20359934] 1 media file(s) saved
  [20363501] 1 media file(s) saved
  [20363503] 1 media file(s) saved
  [20363505] 1 media file(s) saved
  [ERROR] record 20367161: 410 Client Error: GONE for url: https://zenodo.org/api/records/20367161
  [20367519] 1 media file(s) saved
  [20368295] 13 media file(s) saved
  [20371152] 1 media file(s) saved
  [2037572] 1 media file(s) saved
  [20378727] 1 media file(s) saved
  [ERROR] record 20380668: 410 Client Error: GONE for url: https://zenodo.org/api/records/20380668
  [20381240] 1 media file(s) saved
  [20382199] 1 media file(s) saved
  [20384281] 1 media file(s) saved
  [20384903] 1 media file(s) saved
  [20385007] 1 media file(s) saved
  [20385195] 1 media file(s) saved
  [20385433] 1 media file(s) saved
  [20385435] 1 media file(s) saved
  [20385439] 1 media file(s) saved
  [20386016] 1 media file(s) saved
  [20386116] 1 media file(s) saved
  [20386231] 1 media file(s) saved
  [2038769] 1 media file(s) saved
  [20390640] 1 media file(s) saved
  [20391117] 1 media file(s) saved
  [20391148] 1 media file(s) saved
  [20392012] 1 media file(s) saved
  [20392264] 1 media file(s) saved
  [20392721] 1 media file(s) saved
  [20392851] 1 media file(s) saved
  [20394666] 3 media file(s) saved
  [20394720] 1 media file(s) saved
  [20395015] 8 media file(s) saved
  [20395663] 2 media file(s) saved
  [203957] 1 media file(s) saved
  [20397180] 3 media file(s) saved
  [20397192] 1 media file(s) saved
  [20400053] 1 media file(s) saved
  [20400257] 1 media file(s) saved
  [20401748] 1 media file(s) saved
  [20407474] 8 media file(s) saved
  [20408028] 1 media file(s) saved
  [20408331] 1 media file(s) saved
  [20408637] 1 media file(s) saved
  [20410915] 4 media file(s) saved
  [20411518] 1 media file(s) saved
  [2041272] 1 media file(s) saved
  [ERROR] record 20413065: 410 Client Error: GONE for url: https://zenodo.org/api/records/20413065
  [20417815] 1 media file(s) saved
  [20427358] 1 media file(s) saved
  [20428760] 1 media file(s) saved
  [20429683] 1 media file(s) saved
  [20432028] 3 media file(s) saved
  [20433134] 38 media file(s) saved
  [20433647] 1 media file(s) saved
  [2043406] 1 media file(s) saved
  [20436748] 2 media file(s) saved
  [20437447] 1 media file(s) saved
  [20440485] 2 media file(s) saved
  [20441103] 1 media file(s) saved
  [20444328] 1 media file(s) saved
  [20445648] 1 media file(s) saved
  [20445873] 1 media file(s) saved
  [20446339] 1 media file(s) saved
  [20448086] 1 media file(s) saved
  [20449087] 1 media file(s) saved
  [20449516] 1 media file(s) saved
  [20450254] 2 media file(s) saved
  [20451432] 1 media file(s) saved
  [20456856] 5 media file(s) saved
  [20463517] 1 media file(s) saved
  [20465327] 1 media file(s) saved
    [ERROR] download https://zenodo.org/api/records/20476522/files/Programmable%20Doped%20Metal%20Oxide%20Nanocrystals%20via%20Continuous%20Growth.pdf/content: 429 Client Error: TOO MANY REQUESTS for url: https://zenodo.org/api/records/20476522/files/Programmable%20Doped%20Metal%20Oxide%20Nanocrystals%20via%20Continuous%20Growth.pdf/content
    [ERROR] download https://zenodo.org/api/records/20476838/files/230-234.pdf/content: 429 Client Error: TOO MANY REQUESTS for url: https://zenodo.org/api/records/20476838/files/230-234.pdf/content
  [20477933] 1 media file(s) saved
  [ERROR] record 20479808: 410 Client Error: GONE for url: https://zenodo.org/api/records/20479808
  [20480393] 2 media file(s) saved
  [20483671] 1 media file(s) saved
  [20485859] 1 media file(s) saved
  [20486126] 1 media file(s) saved
  [20486323] 1 media file(s) saved
  [20488574] 1 media file(s) saved
  [20491084] 1 media file(s) saved
  [20491836] 1 media file(s) saved
  [20492443] 1 media file(s) saved
  [20493099] 1 media file(s) saved
  [2049532] 1 media file(s) saved
  [20495324] 1 media file(s) saved
  [20495330] 1 media file(s) saved
  [20498760] 1 media file(s) saved
  [20498910] 2 media file(s) saved
  [20501379] 1 media file(s) saved
  [20501704] 2 media file(s) saved
  [20505126] 2 media file(s) saved
  [20505134] 1 media file(s) saved
  [20507611] 1 media file(s) saved
  [20508175] 1 media file(s) saved
  [20508970] 1 media file(s) saved
  [20510203] 1 media file(s) saved
  [20514111] 1 media file(s) saved
  [2051533] 1 media file(s) saved
  [20516082] 1 media file(s) saved
  [20516529] 2 media file(s) saved
  [20519646] 1 media file(s) saved
  [20521703] 1 media file(s) saved
  [20522234] 1 media file(s) saved
  [20522536] 2 media file(s) saved
  [20523856] 1 media file(s) saved
  [20523924] 1 media file(s) saved
  [20525270] 4 media file(s) saved
  [20526108] 1 media file(s) saved
  [20526242] 1 media file(s) saved
  [20526478] 1 media file(s) saved
  [20526921] 1 media file(s) saved
  [20527130] 1 media file(s) saved
  [20527374] 1 media file(s) saved
  [20527421] 24 media file(s) saved
  [20528127] 1 media file(s) saved
  [20528149] 1 media file(s) saved
  [20528233] 1 media file(s) saved
  [20529335] 1 media file(s) saved
  [20531112] 1 media file(s) saved
  [20533860] 1 media file(s) saved
  [20537951] 2 media file(s) saved
  [20542335] 1 media file(s) saved
  [2054263] 1 media file(s) saved
  [20542932] 1 media file(s) saved
  [20546106] 2 media file(s) saved
  [20551961] 1 media file(s) saved
  [20555817] 1 media file(s) saved
  [20561836] 7 media file(s) saved
  [20563254] 1 media file(s) saved
  [2056349] 1 media file(s) saved
  [20567289] 1 media file(s) saved
  Rate limited — sleeping 60s
  [20567576] 1 media file(s) saved
  [20567910] 1 media file(s) saved
  [20568056] 2 media file(s) saved
  [20568482] 1 media file(s) saved
  [20571512] 1 media file(s) saved
  [20572383] 6 media file(s) saved
  [20573431] 1 media file(s) saved
  [20573570] 1 media file(s) saved
  [20574036] 1 media file(s) saved
  [20574110] 1 media file(s) saved
  [20575768] 1 media file(s) saved
  [20578328] 2 media file(s) saved
  [20578862] 1 media file(s) saved
  [20578874] 1 media file(s) saved
  [20581458] 1 media file(s) saved
  [20581771] 1 media file(s) saved
  [2058187] 1 media file(s) saved
  [20583306] 1 media file(s) saved
  [20584049] 1 media file(s) saved
  [20587809] 1 media file(s) saved
  [20588865] 19 media file(s) saved
  [20589015] 1 media file(s) saved
  [20589235] 1 media file(s) saved
  [20589372] 7 media file(s) saved
  [20590159] 1 media file(s) saved
  [20593587] 1 media file(s) saved
  [2059517] 1 media file(s) saved
  [20596244] 1 media file(s) saved
  [20597101] 1 media file(s) saved
  [20600995] 1 media file(s) saved
  [20605148] 1 media file(s) saved
  [20606968] 7 media file(s) saved
  [20606998] 1 media file(s) saved
  [20607346] 7 media file(s) saved
  [20607944] 1 media file(s) saved
  [20609990] 3 media file(s) saved
  [20610772] 1 media file(s) saved
  [20611003] 1 media file(s) saved
  [20613637] 1 media file(s) saved
  [2061373] 1 media file(s) saved
  [20614087] 1 media file(s) saved
  Rate limited — sleeping 60s
  [20614286] 13 media file(s) saved
  [20614367] 1 media file(s) saved
  [20614562] 13 media file(s) saved
  [20614852] 15 media file(s) saved
  [20614883] 2 media file(s) saved
  [ERROR] record 20616418: 410 Client Error: GONE for url: https://zenodo.org/api/records/20616418
  [20618150] 3 media file(s) saved
  [20618157] 3 media file(s) saved
  [20619433] 1 media file(s) saved
  [20619555] 1 media file(s) saved
  [2061967] 1 media file(s) saved
  [20621980] 1 media file(s) saved
  [20622083] 12 media file(s) saved
  [20622357] 1 media file(s) saved
  [20622419] 12 media file(s) saved
  [20623560] 1 media file(s) saved
  [20626248] 1 media file(s) saved
  [20627925] 1 media file(s) saved
  [20628645] 1 media file(s) saved
  [2062917] 1 media file(s) saved
  [20629776] 1 media file(s) saved
  [20630888] 1 media file(s) saved
  [20634485] 1 media file(s) saved
  [2063593] 1 media file(s) saved
  [20635996] 1 media file(s) saved
  [20642565] 1 media file(s) saved
  [20644470] 2 media file(s) saved
  [20645018] 1 media file(s) saved
  [20649807] 1 media file(s) saved
  [20651200] 1 media file(s) saved
  [20651204] 1 media file(s) saved
    [ERROR] download https://zenodo.org/api/records/20651291/files/figure.svg/content: 429 Client Error: TOO MANY REQUESTS for url: https://zenodo.org/api/records/20651291/files/figure.svg/content
    [ERROR] download https://zenodo.org/api/records/20651291/files/figure.png/content: 429 Client Error: TOO MANY REQUESTS for url: https://zenodo.org/api/records/20651291/files/figure.png/content
  Rate limited — sleeping 60s
  [20651293] 2 media file(s) saved
  [20652254] 1 media file(s) saved
  [20652284] 1 media file(s) saved
  [20652286] 1 media file(s) saved
  [20652288] 1 media file(s) saved
  [20652294] 2 media file(s) saved
  [20652296] 2 media file(s) saved
  [20652300] 2 media file(s) saved
  [20652339] 1 media file(s) saved
  [20652567] 1 media file(s) saved
  [20652700] 1 media file(s) saved
  [20652706] 1 media file(s) saved
  [20653123] 1 media file(s) saved
  [20661889] 3 media file(s) saved
  [20661944] 3 media file(s) saved
  [20662731] 1 media file(s) saved
  [20664131] 1 media file(s) saved
  [20664203] 1 media file(s) saved
  [20664355] 1 media file(s) saved
  [20664359] 1 media file(s) saved
  [20664933] 1 media file(s) saved
  [20665460] 1 media file(s) saved
  [20665718] 1 media file(s) saved
  [20667189] 1 media file(s) saved
  [20669570] 1 media file(s) saved
  [20669709] 4 media file(s) saved
  [20674088] 1 media file(s) saved
  [20676126] 1 media file(s) saved
  [20676922] 1 media file(s) saved
  [2067818] 1 media file(s) saved
  [20679122] 1 media file(s) saved
  [2068189] 1 media file(s) saved
  [20682168] 1 media file(s) saved
  [2068423] 1 media file(s) saved
  [20685935] 4 media file(s) saved
  [20686035] 1 media file(s) saved
  [20686298] 1 media file(s) saved
  [ERROR] record 20686470: 410 Client Error: GONE for url: https://zenodo.org/api/records/20686470
  [20687910] 1 media file(s) saved
  [20688105] 1 media file(s) saved
  [20690172] 1 media file(s) saved
  [20690365] 1 media file(s) saved
  [20690474] 1 media file(s) saved
  [20690957] 1 media file(s) saved
  [20692652] 1 media file(s) saved
  [20692770] 1 media file(s) saved
  [20695262] 3 media file(s) saved
  [20698845] 34 media file(s) saved
  [2069975] 1 media file(s) saved
  [20700288] 2 media file(s) saved
  [20701047] 1 media file(s) saved
  [20701349] 1 media file(s) saved
  [20702988] 1 media file(s) saved
  [20704170] 1 media file(s) saved
  [20705045] 7 media file(s) saved
  [20706289] 1 media file(s) saved
  [20707319] 1 media file(s) saved
  [20707998] 2 media file(s) saved
  [20708392] 1 media file(s) saved
  [20708545] 1 media file(s) saved
  [ERROR] record 20710606: 410 Client Error: GONE for url: https://zenodo.org/api/records/20710606
  [20710608] 1 media file(s) saved
  [20710804] 1 media file(s) saved
  [20715366] 3 media file(s) saved
  [20715711] 4 media file(s) saved
  [20717398] 1 media file(s) saved
  [20717714] 1 media file(s) saved
  [20717767] 1 media file(s) saved
  [20719840] 7 media file(s) saved
  [20720052] 1 media file(s) saved
  [20722802] 1 media file(s) saved
  [20729115] 1 media file(s) saved
  [20729703] 1 media file(s) saved
  [207331] 1 media file(s) saved
  [20733545] 18 media file(s) saved
  [ERROR] record 20736726: HTTPSConnectionPool(host='zenodo.org', port=443): Read timed out. (read timeout=20)
  [ERROR] record 20740: HTTPSConnectionPool(host='zenodo.org', port=443): Read timed out. (read timeout=20)
  [ERROR] record 20742249: HTTPSConnectionPool(host='zenodo.org', port=443): Read timed out. (read timeout=20)
  [ERROR] record 20742480: HTTPSConnectionPool(host='zenodo.org', port=443): Read timed out. (read timeout=20)
  [ERROR] record 20742861: HTTPSConnectionPool(host='zenodo.org', port=443): Read timed out. (read timeout=20)
  [ERROR] record 20742877: HTTPSConnectionPool(host='zenodo.org', port=443): Read timed out. (read timeout=20)
  [ERROR] record 20743012: HTTPSConnectionPool(host='zenodo.org', port=443): Read timed out. (read timeout=20)
  [ERROR] record 20743180: HTTPSConnectionPool(host='zenodo.org', port=443): Read timed out. (read timeout=20)
  [ERROR] record 2074398: HTTPSConnectionPool(host='zenodo.org', port=443): Read timed out. (read timeout=20)
  [ERROR] record 20745078: HTTPSConnectionPool(host='zenodo.org', port=443): Read timed out. (read timeout=20)
  [ERROR] record 20747565: HTTPSConnectionPool(host='zenodo.org', port=443): Read timed out. (read timeout=20)
  [ERROR] record 20748848: HTTPSConnectionPool(host='zenodo.org', port=443): Read timed out. (read timeout=20)
  [ERROR] record 20751255: HTTPSConnectionPool(host='zenodo.org', port=443): Read timed out. (read timeout=20)
  [ERROR] record 2075525: HTTPSConnectionPool(host='zenodo.org', port=443): Read timed out. (read timeout=20)
  [ERROR] record 2078427: HTTPSConnectionPool(host='zenodo.org', port=443): Read timed out. (read timeout=20)
  [2083921] 1 media file(s) saved
  [ERROR] record 2085693: HTTPSConnectionPool(host='zenodo.org', port=443): Read timed out. (read timeout=20)
  [2086875] 1 media file(s) saved
  [2088661] 1 media file(s) saved
  [2089121] 1 media file(s) saved
    [ERROR] download https://zenodo.org/api/records/2091361/files/article.pdf/content: 504 Server Error: Gateway Time-out for url: https://zenodo.org/api/records/2091361/files/article.pdf/content
  [2092264] 1 media file(s) saved
  [2095280] 1 media file(s) saved
  [2097594] 1 media file(s) saved
  [2099062] 1 media file(s) saved
  [ERROR] record 2103101: HTTPSConnectionPool(host='zenodo.org', port=443): Read timed out. (read timeout=20)
  [ERROR] record 2106315: HTTPSConnectionPool(host='zenodo.org', port=443): Read timed out. (read timeout=20)
  [ERROR] record 2111290: HTTPSConnectionPool(host='zenodo.org', port=443): Read timed out. (read timeout=20)
  [ERROR] record 2116966: HTTPSConnectionPool(host='zenodo.org', port=443): Read timed out. (read timeout=20)
  [ERROR] record 2121438: HTTPSConnectionPool(host='zenodo.org', port=443): Read timed out. (read timeout=20)
    [ERROR] download https://zenodo.org/api/records/2124199/files/article.pdf/content: HTTPSConnectionPool(host='zenodo.org', port=443): Read timed out. (read timeout=30)
    [ERROR] download https://zenodo.org/api/records/2125167/files/article.pdf/content: HTTPSConnectionPool(host='zenodo.org', port=443): Read timed out. (read timeout=30)
  [ERROR] record 2127931: HTTPSConnectionPool(host='zenodo.org', port=443): Read timed out. (read timeout=20)
  [ERROR] record 2129312: HTTPSConnectionPool(host='zenodo.org', port=443): Read timed out. (read timeout=20)
  [ERROR] record 2130574: HTTPSConnectionPool(host='zenodo.org', port=443): Read timed out. (read timeout=20)
  [2130870] 1 media file(s) saved
  [ERROR] record 2133213: HTTPSConnectionPool(host='zenodo.org', port=443): Read timed out. (read timeout=20)
  [2135492] 1 media file(s) saved
  [2137602] 1 media file(s) saved
  [ERROR] record 2139520: HTTPSConnectionPool(host='zenodo.org', port=443): Read timed out. (read timeout=20)
  [ERROR] record 2142115: HTTPSConnectionPool(host='zenodo.org', port=443): Read timed out. (read timeout=20)
  [ERROR] record 2143083: HTTPSConnectionPool(host='zenodo.org', port=443): Read timed out. (read timeout=20)
    [ERROR] download https://zenodo.org/api/records/2144184/files/article.pdf/content: 504 Server Error: Gateway Time-out for url: https://zenodo.org/api/records/2144184/files/article.pdf/content
  [ERROR] record 21468: HTTPSConnectionPool(host='zenodo.org', port=443): Read timed out. (read timeout=20)
  [ERROR] record 2151761: HTTPSConnectionPool(host='zenodo.org', port=443): Read timed out. (read timeout=20)
  [ERROR] record 2156655: HTTPSConnectionPool(host='zenodo.org', port=443): Read timed out. (read timeout=20)
  [ERROR] record 2163992: HTTPSConnectionPool(host='zenodo.org', port=443): Read timed out. (read timeout=20)
  [ERROR] record 2167002: HTTPSConnectionPool(host='zenodo.org', port=443): Read timed out. (read timeout=20)
  [2171281] 1 media file(s) saved
  [ERROR] record 2179743: HTTPSConnectionPool(host='zenodo.org', port=443): Read timed out. (read timeout=20)
  [ERROR] record 2193403: HTTPSConnectionPool(host='zenodo.org', port=443): Read timed out. (read timeout=20)
  [ERROR] record 2195066: HTTPSConnectionPool(host='zenodo.org', port=443): Read timed out. (read timeout=20)
    [ERROR] download https://zenodo.org/api/records/2195960/files/article.pdf/content: HTTPSConnectionPool(host='zenodo.org', port=443): Read timed out. (read timeout=30)
    [ERROR] download https://zenodo.org/api/records/2197386/files/article.pdf/content: 504 Server Error: Gateway Time-out for url: https://zenodo.org/api/records/2197386/files/article.pdf/content
  [ERROR] record 2198491: HTTPSConnectionPool(host='zenodo.org', port=443): Read timed out. (read timeout=20)
  [2201195] 1 media file(s) saved
  [2201467] 1 media file(s) saved
  [2202538] 1 media file(s) saved
  [2206393] 1 media file(s) saved
  [2206810] 1 media file(s) saved
  [ERROR] record 220879: HTTPSConnectionPool(host='zenodo.org', port=443): Read timed out. (read timeout=20)
    [ERROR] download https://zenodo.org/api/records/2211121/files/article.pdf/content: HTTPSConnectionPool(host='zenodo.org', port=443): Read timed out. (read timeout=30)
  [ERROR] record 2213452: HTTPSConnectionPool(host='zenodo.org', port=443): Read timed out. (read timeout=20)
  [ERROR] record 2224571: HTTPSConnectionPool(host='zenodo.org', port=443): Read timed out. (read timeout=20)
  [2225369] 1 media file(s) saved
  [2227070] 1 media file(s) saved
  [2227400] 1 media file(s) saved
  [2227716] 1 media file(s) saved
  [2232485] 1 media file(s) saved
  [223834] 1 media file(s) saved
  [2238566] 1 media file(s) saved
  [2239688] 1 media file(s) saved
  [2243235] 1 media file(s) saved
  [2244869] 1 media file(s) saved
  [2247973] 1 media file(s) saved
  [2248744] 1 media file(s) saved
  [224939] 1 media file(s) saved
  [2251244] 1 media file(s) saved
  [2252487] 1 media file(s) saved
  [2254068] 1 media file(s) saved
  [2255526] 1 media file(s) saved
  [2256865] 1 media file(s) saved
  [2261173] 1 media file(s) saved
  [2261837] 1 media file(s) saved
  [2263763] 1 media file(s) saved
  [2265057] 1 media file(s) saved
  [2268945] 1 media file(s) saved
  [2269170] 1 media file(s) saved
  [2269937] 1 media file(s) saved
  [2272237] 1 media file(s) saved
  [2273292] 1 media file(s) saved
  [2274567] 1 media file(s) saved
  [2278721] 1 media file(s) saved
  [2286233] 1 media file(s) saved
  [2287012] 1 media file(s) saved
  [2287632] 1 media file(s) saved
  [2288937] 1 media file(s) saved
  [2289318] 1 media file(s) saved
  [2292470] 1 media file(s) saved
  [2293231] 1 media file(s) saved
  [2297584] 1 media file(s) saved
  [2299962] 1 media file(s) saved
  [2304553] 1 media file(s) saved
  [2312612] 1 media file(s) saved
  [2314478] 1 media file(s) saved
  [2315591] 1 media file(s) saved
  [2318183] 1 media file(s) saved
  [2319410] 1 media file(s) saved
  [2324012] 1 media file(s) saved
  [2325580] 1 media file(s) saved
  [2326176] 1 media file(s) saved
  [2331582] 1 media file(s) saved
  [2335726] 1 media file(s) saved
  [2335882] 1 media file(s) saved
  [2338201] 1 media file(s) saved
  [2345969] 1 media file(s) saved
  [2348414] 1 media file(s) saved
  [2348450] 1 media file(s) saved
  [2350134] 1 media file(s) saved
  [2351454] 1 media file(s) saved
  [2352617] 1 media file(s) saved
  [235823] 2 media file(s) saved
  [2361131] 1 media file(s) saved
  [2361774] 1 media file(s) saved
  [2364644] 1 media file(s) saved
  [2364885] 1 media file(s) saved
  [2367407] 1 media file(s) saved
  [2371839] 1 media file(s) saved
  [2372755] 1 media file(s) saved
  [2374482] 1 media file(s) saved
  [2374857] 1 media file(s) saved
  [2375549] 1 media file(s) saved
  [2375781] 1 media file(s) saved
  [23779] 1 media file(s) saved
  [2379051] 1 media file(s) saved
  [2380243] 1 media file(s) saved
  [2380911] 1 media file(s) saved
  [2381435] 1 media file(s) saved
  [2383121] 1 media file(s) saved
  [2384452] 1 media file(s) saved
  [2386044] 1 media file(s) saved
  [2386505] 1 media file(s) saved
  [2387112] 1 media file(s) saved
  [239067] 1 media file(s) saved
  [2393246] 1 media file(s) saved
  [2393498] 1 media file(s) saved
  [2394856] 1 media file(s) saved
  [2398124] 1 media file(s) saved
  [2404247] 1 media file(s) saved
  [2406492] 1 media file(s) saved
  [2412748] 1 media file(s) saved
  [2414080] 1 media file(s) saved
  [24193] 1 media file(s) saved
  [2420352] 1 media file(s) saved
  [2422517] 1 media file(s) saved
  [2426189] 1 media file(s) saved
  [2426792] 1 media file(s) saved
  [242975] 1 media file(s) saved
  [2430097] 1 media file(s) saved
  [24307] 1 media file(s) saved
  [2431895] 1 media file(s) saved
  [2433350] 1 media file(s) saved
  [2436046] 1 media file(s) saved
  [2437764] 1 media file(s) saved
  [2438060] 1 media file(s) saved
  [2438387] 1 media file(s) saved
  [2446808] 1 media file(s) saved
  [2447861] 1 media file(s) saved
  [2448567] 1 media file(s) saved
  [2449433] 1 media file(s) saved
  [2449818] 1 media file(s) saved
  [2451059] 1 media file(s) saved
  [2451854] 1 media file(s) saved
  [2453497] 1 media file(s) saved
  [2453575] 1 media file(s) saved
  [2453589] 1 media file(s) saved
  [2453993] 1 media file(s) saved
  [2459842] 1 media file(s) saved
  [2462871] 1 media file(s) saved
  [2464291] 1 media file(s) saved
  [2477210] 1 media file(s) saved
  [2482172] 1 media file(s) saved
  [2487728] 1 media file(s) saved
  [2494119] 1 media file(s) saved
  [2502246] 1 media file(s) saved
  [250290] 1 media file(s) saved
  [2509153] 1 media file(s) saved
  [2515731] 1 media file(s) saved
  [2515811] 1 media file(s) saved
  [2523231] 1 media file(s) saved
  [2523265] 1 media file(s) saved
  [2525692] 1 media file(s) saved
  [2525708] 1 media file(s) saved
  [2525800] 1 media file(s) saved
  [2526025] 1 media file(s) saved
  [2526091] 1 media file(s) saved
  [2526127] 1 media file(s) saved
  [2526157] 1 media file(s) saved
  [2526209] 1 media file(s) saved
  [2526751] 1 media file(s) saved
  [2526809] 1 media file(s) saved
  [2526823] 1 media file(s) saved
  [2526877] 1 media file(s) saved
  [2526954] 1 media file(s) saved
  [2527164] 1 media file(s) saved
  [2527443] 1 media file(s) saved
  [2527455] 1 media file(s) saved
  [2528661] 1 media file(s) saved
  [2528922] 1 media file(s) saved
  [2529091] 1 media file(s) saved
  [2529139] 2 media file(s) saved
  [2529321] 1 media file(s) saved
  [2530682] 1 media file(s) saved
  [2531364] 1 media file(s) saved
  [2531400] 1 media file(s) saved
  [2533131] 1 media file(s) saved
  [2533158] 1 media file(s) saved
  [2533174] 1 media file(s) saved
  [2533196] 1 media file(s) saved
  [2534774] 1 media file(s) saved
  [2534977] 2 media file(s) saved
  [2535840] 1 media file(s) saved
  [2536510] 1 media file(s) saved
  [2539569] 1 media file(s) saved
  [2539802] 1 media file(s) saved
  [2540016] 1 media file(s) saved
  [2540018] 1 media file(s) saved
  [2540020] 1 media file(s) saved
  [2540852] 11 media file(s) saved
  [254115] 2 media file(s) saved
  [2541806] 1 media file(s) saved
  [2542058] 1 media file(s) saved
  [2542071] 1 media file(s) saved
  [2542907] 2 media file(s) saved
  [2544555] 1 media file(s) saved
  [2544743] 1 media file(s) saved
  [2545561] 2 media file(s) saved
  [2547485] 1 media file(s) saved
  [2547869] 1 media file(s) saved
  [2547922] 1 media file(s) saved
  [2550922] 6 media file(s) saved
  [2552777] 1 media file(s) saved
  [2552818] 1 media file(s) saved
  [2553154] 1 media file(s) saved
  [2553714] 1 media file(s) saved
  [2555150] 1 media file(s) saved
  [2556433] 2 media file(s) saved
  [2556554] 1 media file(s) saved
  [2556583] 1 media file(s) saved
  [2557603] 1 media file(s) saved
  [2557760] 1 media file(s) saved
  [2559171] 1 media file(s) saved
  [2559693] 2 media file(s) saved
  [2560056] 1 media file(s) saved
  [2560377] 1 media file(s) saved
  [2560596] 1 media file(s) saved
  [2560737] 1 media file(s) saved
  [2560741] 1 media file(s) saved
  [2560747] 1 media file(s) saved
  [2560753] 1 media file(s) saved
  [2560755] 1 media file(s) saved
  [2560762] 1 media file(s) saved
  [2560771] 1 media file(s) saved
  [2560776] 1 media file(s) saved
  [2560778] 1 media file(s) saved
  [2560782] 1 media file(s) saved
  [2560784] 1 media file(s) saved
  [2560786] 1 media file(s) saved
  [2560853] 1 media file(s) saved
  [2562016] 1 media file(s) saved
  [2562027] 1 media file(s) saved
  [2562137] 1 media file(s) saved
  [2563049] 1 media file(s) saved
  [2563338] 1 media file(s) saved
  [2563436] 1 media file(s) saved
  [2565655] 1 media file(s) saved
  [2566075] 1 media file(s) saved
  [2567191] 1 media file(s) saved
  [2567721] 1 media file(s) saved
  [2567768] 1 media file(s) saved
  [2571621] 1 media file(s) saved
  [2572388] 1 media file(s) saved
  [2572489] 1 media file(s) saved
  [2574692] 4 media file(s) saved
  [2575486] 1 media file(s) saved
  [2577412] 1 media file(s) saved
  [2577429] 1 media file(s) saved
  [2577710] 1 media file(s) saved
  [2578323] 1 media file(s) saved
  [2578325] 1 media file(s) saved
  [2578439] 1 media file(s) saved
  [2578459] 2 media file(s) saved
  [2578965] 1 media file(s) saved
  [2579086] 1 media file(s) saved
  [2579319] 2 media file(s) saved
  [2579809] 1 media file(s) saved
  [2579908] 1 media file(s) saved
  [2580156] 1 media file(s) saved
  [258109] 1 media file(s) saved
  [2582995] 3 media file(s) saved
  [2584109] 1 media file(s) saved
  [2584264] 1 media file(s) saved
  [2585369] 1 media file(s) saved
  [2585768] 1 media file(s) saved
  [2586046] 1 media file(s) saved
  [2586109] 1 media file(s) saved
  [2586851] 1 media file(s) saved
  [2587938] 1 media file(s) saved
  [2590953] 1 media file(s) saved
  [2591366] 1 media file(s) saved
  [2591955] 1 media file(s) saved
  [2591986] 1 media file(s) saved
  [2591997] 1 media file(s) saved
  [2592018] 1 media file(s) saved
  [2592287] 1 media file(s) saved
  [2593118] 1 media file(s) saved
  [2594599] 1 media file(s) saved
  [2594662] 1 media file(s) saved
  [2595666] 1 media file(s) saved
  [2595727] 1 media file(s) saved
  [2595794] 1 media file(s) saved
  [2596274] 1 media file(s) saved
  [2596282] 1 media file(s) saved
  [2596729] 1 media file(s) saved
  [2596759] 1 media file(s) saved
  [2596893] 4 media file(s) saved
  [2597319] 1 media file(s) saved
  [2597639] 1 media file(s) saved
  [2598072] 1 media file(s) saved
  [2598185] 1 media file(s) saved
  [260205] 1 media file(s) saved
  [2604555] 1 media file(s) saved
  [2605632] 1 media file(s) saved
  [2606310] 1 media file(s) saved
  [2608041] 1 media file(s) saved
  [2609006] 1 media file(s) saved
  [2610975] 2 media file(s) saved
  [2611039] 1 media file(s) saved
  [2611041] 1 media file(s) saved
  [2611065] 1 media file(s) saved
  [2611067] 1 media file(s) saved
  [2613308] 1 media file(s) saved
  [2617127] 1 media file(s) saved
  [2619887] 1 media file(s) saved
  [2620469] 1 media file(s) saved
  [2625137] 2 media file(s) saved
  [2626243] 1 media file(s) saved
  [2628243] 1 media file(s) saved
  [2629123] 1 media file(s) saved
  [2629348] 2 media file(s) saved
  [2629354] 2 media file(s) saved
  [2630630] 1 media file(s) saved
  [2631165] 1 media file(s) saved
  [2631433] 1 media file(s) saved
  [2631492] 1 media file(s) saved
  [2631751] 1 media file(s) saved
  [2631958] 1 media file(s) saved
  [2633715] 1 media file(s) saved
  [2634303] 1 media file(s) saved
  [2635451] 1 media file(s) saved
  [2635773] 1 media file(s) saved
  [2635775] 1 media file(s) saved
  [2636528] 1 media file(s) saved
  [2637772] 1 media file(s) saved
  [2637982] 1 media file(s) saved
  [2638004] 1 media file(s) saved
  [26386] 1 media file(s) saved
  [2639282] 1 media file(s) saved
  [2639477] 1 media file(s) saved
  [2639652] 2 media file(s) saved
  [2639900] 10 media file(s) saved
  [2640553] 1 media file(s) saved
  [2640991] 1 media file(s) saved
  [2644891] 1 media file(s) saved
  [2646982] 1 media file(s) saved
  [2648033] 1 media file(s) saved
  [2648868] 2 media file(s) saved
  [2648940] 1 media file(s) saved
  [2653329] 1 media file(s) saved
  [2653925] 2 media file(s) saved
  [2654996] 1 media file(s) saved
  [2655030] 1 media file(s) saved
  [2655048] 1 media file(s) saved
  [2656551] 1 media file(s) saved
  [2656679] 1 media file(s) saved
  [2656830] 2 media file(s) saved
  [2662964] 2 media file(s) saved
  [2667935] 1 media file(s) saved
  [2669401] 1 media file(s) saved
  [2669683] 2 media file(s) saved
  [2677613] 1 media file(s) saved
  [2685087] 1 media file(s) saved
  [268921] 1 media file(s) saved
  [268947] 1 media file(s) saved
  [2703356] 1 media file(s) saved
  [2703470] 1 media file(s) saved
  [2707230] 1 media file(s) saved
  [2710530] 1 media file(s) saved
  [2711232] 1 media file(s) saved
  [2718713] 2 media file(s) saved
  [2728394] 2 media file(s) saved
  [2784000] 1 media file(s) saved
  [2832470] 1 media file(s) saved
  [2840358] 2 media file(s) saved
  [2861704] 13 media file(s) saved
  [2869756] 1 media file(s) saved
  [2875824] 1 media file(s) saved
  [290168] 1 media file(s) saved
  [290174] 1 media file(s) saved
  [291470] 1 media file(s) saved
  [291864] 1 media file(s) saved
  [291876] 1 media file(s) saved
  [291948] 1 media file(s) saved
  [30259] 1 media file(s) saved
  [3047433] 1 media file(s) saved
  [3065309] 1 media file(s) saved
  [3066442] 1 media file(s) saved
  [30775] 1 media file(s) saved
  [30813] 1 media file(s) saved
  [30881] 1 media file(s) saved
  [31054] 1 media file(s) saved
  [31145] 1 media file(s) saved
  [31150] 1 media file(s) saved
  [31172] 1 media file(s) saved
  [3132479] 1 media file(s) saved
  [3139473] 1 media file(s) saved
  [3214925] 1 media file(s) saved
  [321583] 1 media file(s) saved
  [322472] 1 media file(s) saved
  [322476] 2 media file(s) saved
  [322854] 5 media file(s) saved
  [322871] 1 media file(s) saved
  [3228787] 1 media file(s) saved
  [3228898] 1 media file(s) saved
  [3229056] 1 media file(s) saved
  [3229715] 1 media file(s) saved
  [3233089] 1 media file(s) saved
  [3233186] 1 media file(s) saved
  [3234676] 2 media file(s) saved
  [3235361] 1 media file(s) saved
  [3235703] 1 media file(s) saved
  [3236154] 1 media file(s) saved
  [3236828] 1 media file(s) saved
  [3236830] 1 media file(s) saved
  [3236869] 1 media file(s) saved
  [3237914] 1 media file(s) saved
  [3239110] 1 media file(s) saved
  [32398] 1 media file(s) saved
  [3240397] 1 media file(s) saved
  [3240604] 1 media file(s) saved
  [3241372] 1 media file(s) saved
  [32415] 1 media file(s) saved
  [3243371] 1 media file(s) saved
  [3244050] 1 media file(s) saved
  [3244269] 1 media file(s) saved
  [3244445] 1 media file(s) saved
  [3244968] 1 media file(s) saved
  [3245111] 1 media file(s) saved
  [3245460] 4 media file(s) saved
  [3246341] 1 media file(s) saved
  [3246801] 1 media file(s) saved
  [3248003] 2 media file(s) saved
  [3248565] 1 media file(s) saved
  [3248575] 1 media file(s) saved
  [3249213] 1 media file(s) saved
  [3249866] 1 media file(s) saved
  [3250814] 1 media file(s) saved
  [3250902] 1 media file(s) saved
  [3251333] 2 media file(s) saved
  [3251593] 1 media file(s) saved
  [3251963] 1 media file(s) saved
  [3252304] 1 media file(s) saved
  [3253363] 4 media file(s) saved
  [3253646] 1 media file(s) saved
  [3255439] 1 media file(s) saved
  [3256430] 1 media file(s) saved
  [3258937] 1 media file(s) saved
  [3259467] 1 media file(s) saved
  [3260616] 3 media file(s) saved
  [3260733] 1 media file(s) saved
    [ERROR] download https://zenodo.org/api/records/3261902/files/BISS_article_36349.xml/content: 429 Client Error: TOO MANY REQUESTS for url: https://zenodo.org/api/records/3261902/files/BISS_article_36349.xml/content
  [3261902] 1 media file(s) saved
  Rate limited — sleeping 60s
  [3261958] 2 media file(s) saved
  [3262159] 1 media file(s) saved
  [3262285] 1 media file(s) saved
  [3263706] 1 media file(s) saved
  [3263741] 1 media file(s) saved
  [3264265] 1 media file(s) saved
  [3264269] 1 media file(s) saved
  [3264343] 1 media file(s) saved
  [3264466] 1 media file(s) saved
  [3264610] 1 media file(s) saved
  [3264724] 1 media file(s) saved
  [32663] 1 media file(s) saved
  [3267110] 1 media file(s) saved
  [3267126] 1 media file(s) saved
  [3267153] 3 media file(s) saved
  [3267528] 1 media file(s) saved
  [32683] 1 media file(s) saved
  [3269213] 1 media file(s) saved
  [3269245] 1 media file(s) saved
  [3269255] 1 media file(s) saved
  [32706] 1 media file(s) saved
  [3270760] 1 media file(s) saved
  [3271306] 1 media file(s) saved
  [3271511] 1 media file(s) saved
  [3283788] 1 media file(s) saved
  [3303801] 1 media file(s) saved
  [33267] 1 media file(s) saved
  [3333576] 1 media file(s) saved
  [3334546] 1 media file(s) saved
  [3334747] 1 media file(s) saved
  [3336579] 1 media file(s) saved
  [3336596] 1 media file(s) saved
  [3337426] 2 media file(s) saved
  [3338003] 2 media file(s) saved
  [3338354] 1 media file(s) saved
  [3340235] 2 media file(s) saved
  [3340379] 1 media file(s) saved
  [3341480] 101 media file(s) saved
  [3344828] 1 media file(s) saved
  [3345109] 1 media file(s) saved
  [3345763] 1 media file(s) saved
  [3345774] 1 media file(s) saved
  [3346541] 1 media file(s) saved
  [3346585] 1 media file(s) saved
  [3346587] 1 media file(s) saved
  [3347003] 1 media file(s) saved
  [3348428] 1 media file(s) saved
  [3350164] 1 media file(s) saved
  [3351609] 1 media file(s) saved
  [3352048] 1 media file(s) saved
  [3352187] 1 media file(s) saved
    [ERROR] download https://zenodo.org/api/records/3352787/files/conditions.txt/content: 429 Client Error: TOO MANY REQUESTS for url: https://zenodo.org/api/records/3352787/files/conditions.txt/content
  [3352787] 4 media file(s) saved
  [3353527] 1 media file(s) saved
  [3353577] 1 media file(s) saved
    [ERROR] download https://zenodo.org/api/records/3354018/files/sjdbInfo.txt/content: 429 Client Error: TOO MANY REQUESTS for url: https://zenodo.org/api/records/3354018/files/sjdbInfo.txt/content
    [ERROR] download https://zenodo.org/api/records/3354018/files/chrName.txt/content: 429 Client Error: TOO MANY REQUESTS for url: https://zenodo.org/api/records/3354018/files/chrName.txt/content
  [3354018] 10 media file(s) saved
    [ERROR] download https://zenodo.org/api/records/3354032/files/filter-steps.zip/content: 429 Client Error: TOO MANY REQUESTS for url: https://zenodo.org/api/records/3354032/files/filter-steps.zip/content
    [ERROR] download https://zenodo.org/api/records/3355036/files/Errington%202017%20%5B215%5D.pdf/content: 429 Client Error: TOO MANY REQUESTS for url: https://zenodo.org/api/records/3355036/files/Errington%202017%20%5B215%5D.pdf/content
    [ERROR] download https://zenodo.org/api/records/3355199/files/8616cnc02.pdf/content: 429 Client Error: TOO MANY REQUESTS for url: https://zenodo.org/api/records/3355199/files/8616cnc02.pdf/content
    [ERROR] download https://zenodo.org/api/records/3357041/files/Tripanosoma%20cruzi%20and%20tripanosomatids%20in%20Non-human%20primates.xlsx/content: 429 Client Error: TOO MANY REQUESTS for url: https://zenodo.org/api/records/3357041/files/Tripanosoma%20cruzi%20and%20tripanosomatids%20in%20Non-human%20primates.xlsx/content
    [ERROR] download https://zenodo.org/api/records/3357351/files/IJEMR2019090113.pdf/content: 429 Client Error: TOO MANY REQUESTS for url: https://zenodo.org/api/records/3357351/files/IJEMR2019090113.pdf/content
    [ERROR] download https://zenodo.org/api/records/3357744/files/LOW-COST%20CAPILLARY.pdf/content: 429 Client Error: TOO MANY REQUESTS for url: https://zenodo.org/api/records/3357744/files/LOW-COST%20CAPILLARY.pdf/content
  Rate limited — sleeping 60s
  [3357842] 1 media file(s) saved
  [33590] 1 media file(s) saved
  [3359146] 1 media file(s) saved
  [3359705] 1 media file(s) saved
  [3359709] 1 media file(s) saved
  [3360314] 1 media file(s) saved
  [3360557] 1 media file(s) saved
  [3361602] 1 media file(s) saved
  [3362266] 1 media file(s) saved
  [3362492] 1 media file(s) saved
  [3362887] 1 media file(s) saved
  [33629] 1 media file(s) saved
  [3362914] 1 media file(s) saved
  [3364418] 1 media file(s) saved
  [3365736] 3 media file(s) saved
  [3366107] 4 media file(s) saved
  [3366429] 2 media file(s) saved
  [3367380] 1 media file(s) saved
  [3367705] 1 media file(s) saved
  [3368060] 1 media file(s) saved
  [3368401] 1 media file(s) saved
  [3368832] 1 media file(s) saved
  [3369474] 1 media file(s) saved
  [3369481] 1 media file(s) saved
  [3370076] 2 media file(s) saved
  [3370303] 1 media file(s) saved
  [3371315] 1 media file(s) saved
  [3371345] 1 media file(s) saved
  [3371504] 1 media file(s) saved
  [3371528] 1 media file(s) saved
  [3372075] 1 media file(s) saved
  [3372143] 1 media file(s) saved
  [3372231] 1 media file(s) saved
  [3372402] 5 media file(s) saved
  [3372611] 1 media file(s) saved
  [3372623] 1 media file(s) saved
  [3372922] 2 media file(s) saved
  [3373034] 1 media file(s) saved
  [3373243] 1 media file(s) saved
  [3373326] 1 media file(s) saved
  [3373427] 1 media file(s) saved
  [3373576] 1 media file(s) saved
  [3373653] 1 media file(s) saved
  [3373732] 1 media file(s) saved
  [3373754] 1 media file(s) saved
  [3374415] 5 media file(s) saved
  [3374490] 1 media file(s) saved
  [3374600] 1 media file(s) saved
  [3374722] 1 media file(s) saved
  [3374791] 1 media file(s) saved
  [3374829] 1 media file(s) saved
  [3375013] 1 media file(s) saved
  [3375350] 1 media file(s) saved
  [3376562] 1 media file(s) saved
  [3376720] 1 media file(s) saved
  [3376842] 1 media file(s) saved
  [3377426] 1 media file(s) saved
  [3377793] 1 media file(s) saved
  [3377814] 1 media file(s) saved
  [3377861] 1 media file(s) saved
  [3377954] 1 media file(s) saved
  [3378354] 1 media file(s) saved
  [3378392] 2 media file(s) saved
  [3379435] 1 media file(s) saved
  [3380115] 1 media file(s) saved
  [3380152] 1 media file(s) saved
  [3380512] 1 media file(s) saved
  [3381193] 1 media file(s) saved
  [3381296] 1 media file(s) saved
  [3381475] 1 media file(s) saved
  [3381556] 1 media file(s) saved
  [3382057] 1 media file(s) saved
  [3382304] 2 media file(s) saved
  [3382821] 1 media file(s) saved
  [3383814] 2 media file(s) saved
  [3383966] 1 media file(s) saved
  [3385087] 1 media file(s) saved
  [3386742] 1 media file(s) saved
  [3387345] 1 media file(s) saved
  [3390798] 1 media file(s) saved
  [3392118] 1 media file(s) saved
  [3394007] 1 media file(s) saved
  [3394225] 1 media file(s) saved
  [3397760] 1 media file(s) saved
  [3399512] 1 media file(s) saved
  [3401318] 1 media file(s) saved
  [3402681] 1 media file(s) saved
  [3402989] 1 media file(s) saved
  [3403034] 1 media file(s) saved
  [3403188] 1 media file(s) saved
  [3403537] 1 media file(s) saved
  [3403917] 1 media file(s) saved
  [3403920] 1 media file(s) saved
  [3403924] 2 media file(s) saved
  [3404264] 3 media file(s) saved
  [3404695] 1 media file(s) saved
  [3405240] 1 media file(s) saved
  [3405316] 1 media file(s) saved
  [3405597] 1 media file(s) saved
  [3406036] 1 media file(s) saved
  [3406249] 1 media file(s) saved
  [3406633] 1 media file(s) saved
  [3406909] 2 media file(s) saved
  [3406933] 1 media file(s) saved
  [3407301] 1 media file(s) saved
  [3408485] 1 media file(s) saved
  [34145] 1 media file(s) saved
  [34153] 1 media file(s) saved
  [3416597] 1 media file(s) saved
  [34192] 1 media file(s) saved
  [3427629] 1 media file(s) saved
  [3432326] 1 media file(s) saved
  [344040] 3 media file(s) saved
  [344895] 1 media file(s) saved
  [344959] 1 media file(s) saved
  [3451439] 1 media file(s) saved
  [3457177] 1 media file(s) saved
  [3457181] 1 media file(s) saved
  [3457349] 1 media file(s) saved
  [3457675] 1 media file(s) saved
  [3458058] 1 media file(s) saved
  [3458078] 1 media file(s) saved
  [3458091] 1 media file(s) saved
  [3458173] 1 media file(s) saved
  [3458656] 1 media file(s) saved
  [3460360] 1 media file(s) saved
  [3461239] 1 media file(s) saved
  [3461389] 1 media file(s) saved
  [3461747] 1 media file(s) saved
  [3463406] 1 media file(s) saved
  [3465426] 1 media file(s) saved
  [3465439] 1 media file(s) saved
  [3465443] 1 media file(s) saved
  [3465841] 1 media file(s) saved
  [3466036] 1 media file(s) saved
  [3466435] 1 media file(s) saved
  [3469333] 1 media file(s) saved
  [3469497] 1 media file(s) saved
  [34695] 1 media file(s) saved
  [3469916] 1 media file(s) saved
  [3470589] 1 media file(s) saved
  [3470613] 1 media file(s) saved
  [3470615] 1 media file(s) saved
  [3470617] 1 media file(s) saved
  [3470817] 1 media file(s) saved
  [3470837] 1 media file(s) saved
  [3470843] 1 media file(s) saved
  [3472206] 1 media file(s) saved
  [3472785] 1 media file(s) saved
  [3474547] 1 media file(s) saved
  [3474580] 1 media file(s) saved
  [3474796] 1 media file(s) saved
  [3474910] 1 media file(s) saved
  [3475277] 1 media file(s) saved
  [3475279] 1 media file(s) saved
  [3475283] 1 media file(s) saved
  [3475287] 1 media file(s) saved
  [3475291] 1 media file(s) saved
  [3475293] 1 media file(s) saved
  [3475319] 1 media file(s) saved
  [3475323] 1 media file(s) saved
  [3475325] 1 media file(s) saved
  [3475327] 1 media file(s) saved
  [3475331] 1 media file(s) saved
  [3475337] 1 media file(s) saved
  [3475339] 1 media file(s) saved
  [3475343] 1 media file(s) saved
  [3475373] 1 media file(s) saved
  [3475390] 1 media file(s) saved
  [3475856] 1 media file(s) saved
  [3476868] 1 media file(s) saved
  [3477546] 1 media file(s) saved
  [3477564] 1 media file(s) saved
  [3477654] 1 media file(s) saved
  [3479287] 1 media file(s) saved
  [3482751] 1 media file(s) saved
  [3483156] 1 media file(s) saved
  [3483164] 7 media file(s) saved
  [3483166] 4 media file(s) saved
  [3483795] 1 media file(s) saved
  [3484202] 1 media file(s) saved
  [3484479] 1 media file(s) saved
  [3484774] 1 media file(s) saved
  [3484956] 1 media file(s) saved
  [3488258] 1 media file(s) saved
  [3489808] 3 media file(s) saved
  [3490820] 1 media file(s) saved
  [3491016] 1 media file(s) saved
  [3491024] 1 media file(s) saved
  [3491847] 1 media file(s) saved
  [3492169] 1 media file(s) saved
  [3492258] 1 media file(s) saved
  [3496294] 1 media file(s) saved
  [3503983] 1 media file(s) saved
  [3510344] 1 media file(s) saved
  [3514411] 1 media file(s) saved
  [3514575] 1 media file(s) saved
  [35150] 1 media file(s) saved
  [3516727] 1 media file(s) saved
  [3517033] 9 media file(s) saved
  [3517107] 1 media file(s) saved
  [3517178] 1 media file(s) saved
  [3517354] 1 media file(s) saved
  [3517983] 1 media file(s) saved
  [3518352] 2 media file(s) saved
  [3518494] 1 media file(s) saved
  [3518684] 1 media file(s) saved
  [3518790] 1 media file(s) saved
  [3519713] 1 media file(s) saved
  [3521347] 1 media file(s) saved
  [3521925] 1 media file(s) saved
  [3522141] 1 media file(s) saved
  [3522181] 2 media file(s) saved
  [3523792] 1 media file(s) saved
  [3524094] 1 media file(s) saved
  [3524100] 1 media file(s) saved
  [3525010] 1 media file(s) saved
  [3525111] 1 media file(s) saved
  [3526066] 1 media file(s) saved
  [3526556] 1 media file(s) saved
  [3527653] 1 media file(s) saved
  [3527668] 1 media file(s) saved
  [3527670] 1 media file(s) saved
  [3527778] 1 media file(s) saved
  [3529267] 1 media file(s) saved
  [3529430] 1 media file(s) saved
  [3529913] 1 media file(s) saved
  [3529961] 1 media file(s) saved
  [3529969] 1 media file(s) saved
  [3530698] 1 media file(s) saved
  [3531370] 1 media file(s) saved
  [3531390] 1 media file(s) saved
  [3531709] 1 media file(s) saved
  [3532082] 1 media file(s) saved
  [3532992] 1 media file(s) saved
  [3533203] 1 media file(s) saved
  [3533491] 1 media file(s) saved
  [3533754] 1 media file(s) saved
  [3533788] 1 media file(s) saved
  [35340] 1 media file(s) saved
  [3534110] 1 media file(s) saved
  [3534156] 1 media file(s) saved
  [3534649] 1 media file(s) saved
  [3535120] 1 media file(s) saved
  [3535175] 1 media file(s) saved
  [3535928] 1 media file(s) saved
  [3536200] 1 media file(s) saved
  [3536258] 2 media file(s) saved
  [3536338] 1 media file(s) saved
  [3536402] 1 media file(s) saved
  [3536898] 1 media file(s) saved
  [3537160] 1 media file(s) saved
  [3537326] 1 media file(s) saved
  [3537436] 1 media file(s) saved
  [3538908] 1 media file(s) saved
  [3539125] 1 media file(s) saved
  [3541605] 1 media file(s) saved
  [3542361] 1 media file(s) saved
  [3542400] 2 media file(s) saved
  [3543574] 1 media file(s) saved
  [3543586] 21 media file(s) saved
  [3543780] 1 media file(s) saved
  [3544608] 1 media file(s) saved
  [3544993] 1 media file(s) saved
  [3545171] 1 media file(s) saved
  [3546021] 1 media file(s) saved
  [3547254] 1 media file(s) saved
  [3548119] 1 media file(s) saved
  Rate limited — sleeping 60s
  [3548731] 1 media file(s) saved
  [3548892] 1 media file(s) saved
  [3549059] 1 media file(s) saved
  [3550145] 1 media file(s) saved
  [3550754] 1 media file(s) saved
  [3552221] 1 media file(s) saved
  [3552550] 1 media file(s) saved
  [3554498] 1 media file(s) saved
  [3554588] 1 media file(s) saved
  [3554972] 1 media file(s) saved
  [3554989] 1 media file(s) saved
  [3555052] 1 media file(s) saved
  [3555229] 1 media file(s) saved
  [3555239] 1 media file(s) saved
  [3555532] 1 media file(s) saved
  [3557684] 1 media file(s) saved
  [3557695] 1 media file(s) saved
  [3558282] 1 media file(s) saved
  [3558439] 3 media file(s) saved
  [3559056] 1 media file(s) saved
  [3559097] 1 media file(s) saved
  [3559105] 1 media file(s) saved
  [3559301] 2 media file(s) saved
  [3559847] 1 media file(s) saved
  [3559960] 1 media file(s) saved
  [3560674] 1 media file(s) saved
  [3561175] 2 media file(s) saved
  [3561650] 1 media file(s) saved
  [3561706] 1 media file(s) saved
  [35639] 1 media file(s) saved
  [3564766] 1 media file(s) saved
  [3565508] 1 media file(s) saved
  [3565517] 1 media file(s) saved
  [3566201] 1 media file(s) saved
  [3567653] 1 media file(s) saved
  [3568182] 6 media file(s) saved
  [3569001] 1 media file(s) saved
  [3570012] 1 media file(s) saved
  [3570307] 1 media file(s) saved
  [3570318] 1 media file(s) saved
  [3570479] 1 media file(s) saved
  [3570914] 1 media file(s) saved
  [3570965] 1 media file(s) saved
  [3571036] 1 media file(s) saved
  [3571046] 1 media file(s) saved
  [3571052] 1 media file(s) saved
  [3571092] 1 media file(s) saved
  [3571680] 1 media file(s) saved
  [3572050] 1 media file(s) saved
  [3574067] 1 media file(s) saved
  [3574219] 1 media file(s) saved
  [3576540] 1 media file(s) saved
  [3576925] 1 media file(s) saved
  [3577303] 1 media file(s) saved
  [3577463] 1 media file(s) saved
  [3577942] 1 media file(s) saved
  [3578114] 1 media file(s) saved
  [3579126] 1 media file(s) saved
  [3579790] 1 media file(s) saved
  [3580186] 1 media file(s) saved
  [3580281] 1 media file(s) saved
  [3580301] 1 media file(s) saved
  [3580845] 1 media file(s) saved
  [35812] 1 media file(s) saved
  [3581834] 1 media file(s) saved
  [3581883] 1 media file(s) saved
  [3582074] 1 media file(s) saved
  [3582385] 2 media file(s) saved
  [3582829] 1 media file(s) saved
  [3582850] 1 media file(s) saved
  [3583563] 1 media file(s) saved
  [3583635] 1 media file(s) saved
  [3583896] 1 media file(s) saved
  [3583904] 1 media file(s) saved
  [3583942] 1 media file(s) saved
  [3584014] 1 media file(s) saved
  [3584045] 1 media file(s) saved
  [3584089] 1 media file(s) saved
  [3584158] 1 media file(s) saved
  [3584196] 1 media file(s) saved
  [3584226] 1 media file(s) saved
  [3584314] 1 media file(s) saved
  [3584348] 1 media file(s) saved
  [3584599] 1 media file(s) saved
  [3584782] 1 media file(s) saved
  [3584842] 1 media file(s) saved
  [3584882] 1 media file(s) saved
  [3584976] 1 media file(s) saved
  [3585050] 1 media file(s) saved
  [3585141] 1 media file(s) saved
  [3586360] 1 media file(s) saved
  [3587385] 1 media file(s) saved
  [3587905] 1 media file(s) saved
  [3587909] 1 media file(s) saved
  [3588027] 1 media file(s) saved
  [3588261] 1 media file(s) saved
  [3588620] 1 media file(s) saved
  [3588622] 1 media file(s) saved
  [3588847] 1 media file(s) saved
  [3588993] 1 media file(s) saved
  [3589107] 1 media file(s) saved
  [3589451] 1 media file(s) saved
  [3589524] 1 media file(s) saved
  [3589749] 1 media file(s) saved
  [3589896] 1 media file(s) saved
  [3590528] 1 media file(s) saved
  [3590735] 1 media file(s) saved
  [3590813] 1 media file(s) saved
  [3591061] 1 media file(s) saved
  [3591250] 1 media file(s) saved
  [3591282] 1 media file(s) saved
  [3591535] 1 media file(s) saved
  [3591551] 1 media file(s) saved
  [3591600] 1 media file(s) saved
  [3591616] 1 media file(s) saved
  [3591624] 1 media file(s) saved
  [3591691] 1 media file(s) saved
  [3591837] 1 media file(s) saved
  [3592739] 1 media file(s) saved
  [3594127] 1 media file(s) saved
  [3594363] 13 media file(s) saved
  [3594598] 1 media file(s) saved
  [3595778] 1 media file(s) saved
  [3595928] 1 media file(s) saved
  [3595985] 1 media file(s) saved
  [3596000] 1 media file(s) saved
  [3596231] 1 media file(s) saved
  [3596821] 1 media file(s) saved
  [3597219] 1 media file(s) saved
  [3597256] 1 media file(s) saved
  [3597612] 1 media file(s) saved
  [3598278] 1 media file(s) saved
  [3598929] 1 media file(s) saved
  [3599313] 1 media file(s) saved
  [3599404] 1 media file(s) saved
  [3599471] 1 media file(s) saved
  [3599525] 1 media file(s) saved
  [3599543] 1 media file(s) saved
  [3599838] 1 media file(s) saved
  [3599890] 1 media file(s) saved
  [3600880] 2 media file(s) saved
  [3600882] 1 media file(s) saved
  [3601263] 1 media file(s) saved
  [3601312] 2 media file(s) saved
  [3601334] 1 media file(s) saved
  [3601626] 1 media file(s) saved
  [3601827] 1 media file(s) saved
  [3604713] 1 media file(s) saved
  [3604735] 1 media file(s) saved
  [3605080] 1 media file(s) saved
  [3606397] 1 media file(s) saved
  [3606454] 1 media file(s) saved
  [3606952] 1 media file(s) saved
  [3607161] 1 media file(s) saved
  [3607317] 1 media file(s) saved
  [3608067] 1 media file(s) saved
  [3608170] 1 media file(s) saved
  [3608310] 1 media file(s) saved
  [3608395] 1 media file(s) saved
  [3608443] 1 media file(s) saved
  [3608470] 1 media file(s) saved
  [3608474] 1 media file(s) saved
  [3608539] 1 media file(s) saved
  [3609168] 1 media file(s) saved
  [3609726] 1 media file(s) saved
  [3609877] 1 media file(s) saved
  [3609980] 1 media file(s) saved
  [3610261] 1 media file(s) saved
  [3612517] 1 media file(s) saved
  [3612646] 2 media file(s) saved
  [3613531] 1 media file(s) saved
  [3613629] 1 media file(s) saved
  [3613854] 1 media file(s) saved
  [3614702] 1 media file(s) saved
  [3618163] 1 media file(s) saved
  [3620983] 1 media file(s) saved
  [3620985] 1 media file(s) saved
  [3620987] 1 media file(s) saved
  [3620989] 1 media file(s) saved
  [3620991] 1 media file(s) saved
  [3620993] 1 media file(s) saved
  [3621043] 1 media file(s) saved
  [3625058] 1 media file(s) saved
  [3625144] 1 media file(s) saved
  [3626055] 1 media file(s) saved
  [3626722] 1 media file(s) saved
  [3627168] 1 media file(s) saved
  [3627222] 1 media file(s) saved
  [36278] 1 media file(s) saved
  [3628063] 1 media file(s) saved
  [3628381] 1 media file(s) saved
  [3629145] 3 media file(s) saved
  [3629507] 1 media file(s) saved
  [3629643] 1 media file(s) saved
  [3629926] 1 media file(s) saved
  [3630126] 1 media file(s) saved
    [ERROR] download https://zenodo.org/api/records/3631173/files/LSV%2010000_a_01.mpr/content: 429 Client Error: TOO MANY REQUESTS for url: https://zenodo.org/api/records/3631173/files/LSV%2010000_a_01.mpr/content
    [ERROR] download https://zenodo.org/api/records/3631173/files/LSV%2010000_01.mpr/content: 429 Client Error: TOO MANY REQUESTS for url: https://zenodo.org/api/records/3631173/files/LSV%2010000_01.mpr/content
    [ERROR] download https://zenodo.org/api/records/3631173/files/EIS%20BoL%2030A.fcd/content: 429 Client Error: TOO MANY REQUESTS for url: https://zenodo.org/api/records/3631173/files/EIS%20BoL%2030A.fcd/content
    [ERROR] download https://zenodo.org/api/records/3631173/files/EIS%20BoL%2030A%20DC-point.fcd/content: 429 Client Error: TOO MANY REQUESTS for url: https://zenodo.org/api/records/3631173/files/EIS%20BoL%2030A%20DC-point.fcd/content
    [ERROR] download https://zenodo.org/api/records/3631173/files/EIS%207500_a%2030A.fcd/content: 429 Client Error: TOO MANY REQUESTS for url: https://zenodo.org/api/records/3631173/files/EIS%207500_a%2030A.fcd/content
    [ERROR] download https://zenodo.org/api/records/3631173/files/EIS%207500_a%2030A%20DC-point.fcd/content: 429 Client Error: TOO MANY REQUESTS for url: https://zenodo.org/api/records/3631173/files/EIS%207500_a%2030A%20DC-point.fcd/content
    [ERROR] download https://zenodo.org/api/records/3631173/files/EIS%207500%2030A.fcd/content: 429 Client Error: TOO MANY REQUESTS for url: https://zenodo.org/api/records/3631173/files/EIS%207500%2030A.fcd/content
    [ERROR] download https://zenodo.org/api/records/3631173/files/EIS%207500%2030A%20DC-point.fcd/content: 429 Client Error: TOO MANY REQUESTS for url: https://zenodo.org/api/records/3631173/files/EIS%207500%2030A%20DC-point.fcd/content
    [ERROR] download https://zenodo.org/api/records/3631173/files/EIS%205000_a%2030A.fcd/content: 429 Client Error: TOO MANY REQUESTS for url: https://zenodo.org/api/records/3631173/files/EIS%205000_a%2030A.fcd/content
    [ERROR] download https://zenodo.org/api/records/3631173/files/EIS%205000_a%2030A%20DC-point.fcd/content: 429 Client Error: TOO MANY REQUESTS for url: https://zenodo.org/api/records/3631173/files/EIS%205000_a%2030A%20DC-point.fcd/content
    [ERROR] download https://zenodo.org/api/records/3631173/files/EIS%202500_a%2030A.fcd/content: 429 Client Error: TOO MANY REQUESTS for url: https://zenodo.org/api/records/3631173/files/EIS%202500_a%2030A.fcd/content
    [ERROR] download https://zenodo.org/api/records/3631173/files/EIS%202500_a%2030A%20DC-point.fcd/content: 429 Client Error: TOO MANY REQUESTS for url: https://zenodo.org/api/records/3631173/files/EIS%202500_a%2030A%20DC-point.fcd/content
    [ERROR] download https://zenodo.org/api/records/3631173/files/EIS%202500%2030A.fcd/content: 429 Client Error: TOO MANY REQUESTS for url: https://zenodo.org/api/records/3631173/files/EIS%202500%2030A.fcd/content
    [ERROR] download https://zenodo.org/api/records/3631173/files/EIS%202500%2030A%20DC-point.fcd/content: 429 Client Error: TOO MANY REQUESTS for url: https://zenodo.org/api/records/3631173/files/EIS%202500%2030A%20DC-point.fcd/content
    [ERROR] download https://zenodo.org/api/records/3631173/files/EIS%2020000_a%2030A.fcd/content: 429 Client Error: TOO MANY REQUESTS for url: https://zenodo.org/api/records/3631173/files/EIS%2020000_a%2030A.fcd/content
    [ERROR] download https://zenodo.org/api/records/3631173/files/EIS%2020000_a%2030A%20DC-point.fcd/content: 429 Client Error: TOO MANY REQUESTS for url: https://zenodo.org/api/records/3631173/files/EIS%2020000_a%2030A%20DC-point.fcd/content
    [ERROR] download https://zenodo.org/api/records/3631173/files/EIS%2020000%2030A.fcd/content: 429 Client Error: TOO MANY REQUESTS for url: https://zenodo.org/api/records/3631173/files/EIS%2020000%2030A.fcd/content
    [ERROR] download https://zenodo.org/api/records/3631173/files/EIS%2020000%2030A%20DC-point.fcd/content: 429 Client Error: TOO MANY REQUESTS for url: https://zenodo.org/api/records/3631173/files/EIS%2020000%2030A%20DC-point.fcd/content
    [ERROR] download https://zenodo.org/api/records/3631173/files/EIS%2017500_a%2030A.fcd/content: 429 Client Error: TOO MANY REQUESTS for url: https://zenodo.org/api/records/3631173/files/EIS%2017500_a%2030A.fcd/content
    [ERROR] download https://zenodo.org/api/records/3631173/files/EIS%2017500_a%2030A%20DC-point.fcd/content: 429 Client Error: TOO MANY REQUESTS for url: https://zenodo.org/api/records/3631173/files/EIS%2017500_a%2030A%20DC-point.fcd/content
    [ERROR] download https://zenodo.org/api/records/3631173/files/EIS%2017500%2030A.fcd/content: 429 Client Error: TOO MANY REQUESTS for url: https://zenodo.org/api/records/3631173/files/EIS%2017500%2030A.fcd/content
    [ERROR] download https://zenodo.org/api/records/3631173/files/EIS%2017500%2030A%20DC-point.fcd/content: 429 Client Error: TOO MANY REQUESTS for url: https://zenodo.org/api/records/3631173/files/EIS%2017500%2030A%20DC-point.fcd/content
    [ERROR] download https://zenodo.org/api/records/3631173/files/EIS%2015000_b%2030A.fcd/content: 429 Client Error: TOO MANY REQUESTS for url: https://zenodo.org/api/records/3631173/files/EIS%2015000_b%2030A.fcd/content
    [ERROR] download https://zenodo.org/api/records/3631173/files/EIS%2015000_b%2030A%20DC-point.fcd/content: 429 Client Error: TOO MANY REQUESTS for url: https://zenodo.org/api/records/3631173/files/EIS%2015000_b%2030A%20DC-point.fcd/content
    [ERROR] download https://zenodo.org/api/records/3631173/files/EIS%2015000_a%2030A.fcd/content: 429 Client Error: TOO MANY REQUESTS for url: https://zenodo.org/api/records/3631173/files/EIS%2015000_a%2030A.fcd/content
    [ERROR] download https://zenodo.org/api/records/3631173/files/EIS%2015000_a%2030A%20DC-point.fcd/content: 429 Client Error: TOO MANY REQUESTS for url: https://zenodo.org/api/records/3631173/files/EIS%2015000_a%2030A%20DC-point.fcd/content
    [ERROR] download https://zenodo.org/api/records/3631173/files/EIS%2015000%2030A%20DC-point.fcd/content: 429 Client Error: TOO MANY REQUESTS for url: https://zenodo.org/api/records/3631173/files/EIS%2015000%2030A%20DC-point.fcd/content
    [ERROR] download https://zenodo.org/api/records/3631173/files/EIS%2012500_a%2030A%20DC-point.fcd/content: 429 Client Error: TOO MANY REQUESTS for url: https://zenodo.org/api/records/3631173/files/EIS%2012500_a%2030A%20DC-point.fcd/content
    [ERROR] download https://zenodo.org/api/records/3631173/files/EIS%2012500%2030A.fcd/content: 429 Client Error: TOO MANY REQUESTS for url: https://zenodo.org/api/records/3631173/files/EIS%2012500%2030A.fcd/content
    [ERROR] download https://zenodo.org/api/records/3631173/files/EIS%2012500%2030A%20DC-point.fcd/content: 429 Client Error: TOO MANY REQUESTS for url: https://zenodo.org/api/records/3631173/files/EIS%2012500%2030A%20DC-point.fcd/content
    [ERROR] download https://zenodo.org/api/records/3631173/files/EIS%2010000_b%2030A.fcd/content: 429 Client Error: TOO MANY REQUESTS for url: https://zenodo.org/api/records/3631173/files/EIS%2010000_b%2030A.fcd/content
    [ERROR] download https://zenodo.org/api/records/3631173/files/EIS%2010000_a%2030A.fcd/content: 429 Client Error: TOO MANY REQUESTS for url: https://zenodo.org/api/records/3631173/files/EIS%2010000_a%2030A.fcd/content
    [ERROR] download https://zenodo.org/api/records/3631173/files/EIS%2010000_a%2030A%20DC-point.fcd/content: 429 Client Error: TOO MANY REQUESTS for url: https://zenodo.org/api/records/3631173/files/EIS%2010000_a%2030A%20DC-point.fcd/content
    [ERROR] download https://zenodo.org/api/records/3631173/files/EIS%2010000%2030A.fcd/content: 429 Client Error: TOO MANY REQUESTS for url: https://zenodo.org/api/records/3631173/files/EIS%2010000%2030A.fcd/content
    [ERROR] download https://zenodo.org/api/records/3631173/files/EIS%2010000%2030A%20DC-point.fcd/content: 429 Client Error: TOO MANY REQUESTS for url: https://zenodo.org/api/records/3631173/files/EIS%2010000%2030A%20DC-point.fcd/content
    [ERROR] download https://zenodo.org/api/records/3631173/files/CV%207500_01.mpr/content: 429 Client Error: TOO MANY REQUESTS for url: https://zenodo.org/api/records/3631173/files/CV%207500_01.mpr/content
    [ERROR] download https://zenodo.org/api/records/3631173/files/CV%2010000_01.mpr/content: 429 Client Error: TOO MANY REQUESTS for url: https://zenodo.org/api/records/3631173/files/CV%2010000_01.mpr/content
    [ERROR] download https://zenodo.org/api/records/3631173/files/CV%2012500_01.mpr/content: 429 Client Error: TOO MANY REQUESTS for url: https://zenodo.org/api/records/3631173/files/CV%2012500_01.mpr/content
    [ERROR] download https://zenodo.org/api/records/3631173/files/CV%2012500_a_01.mpr/content: 429 Client Error: TOO MANY REQUESTS for url: https://zenodo.org/api/records/3631173/files/CV%2012500_a_01.mpr/content
    [ERROR] download https://zenodo.org/api/records/3631173/files/CV%2015000_b_01.mpr/content: 429 Client Error: TOO MANY REQUESTS for url: https://zenodo.org/api/records/3631173/files/CV%2015000_b_01.mpr/content
    [ERROR] download https://zenodo.org/api/records/3631173/files/CV%2017500_01.mpr/content: 429 Client Error: TOO MANY REQUESTS for url: https://zenodo.org/api/records/3631173/files/CV%2017500_01.mpr/content
    [ERROR] download https://zenodo.org/api/records/3631173/files/CV%2017500_a_01.mpr/content: 429 Client Error: TOO MANY REQUESTS for url: https://zenodo.org/api/records/3631173/files/CV%2017500_a_01.mpr/content
    [ERROR] download https://zenodo.org/api/records/3631173/files/CV%2020000_01.mpr/content: 429 Client Error: TOO MANY REQUESTS for url: https://zenodo.org/api/records/3631173/files/CV%2020000_01.mpr/content
    [ERROR] download https://zenodo.org/api/records/3631173/files/CV%2020000_a_01.mpr/content: 429 Client Error: TOO MANY REQUESTS for url: https://zenodo.org/api/records/3631173/files/CV%2020000_a_01.mpr/content
    [ERROR] download https://zenodo.org/api/records/3631173/files/CV%205000_01.mpr/content: 429 Client Error: TOO MANY REQUESTS for url: https://zenodo.org/api/records/3631173/files/CV%205000_01.mpr/content
    [ERROR] download https://zenodo.org/api/records/3631173/files/CV%205000_a_01.mpr/content: 429 Client Error: TOO MANY REQUESTS for url: https://zenodo.org/api/records/3631173/files/CV%205000_a_01.mpr/content
  [3631173] 49 media file(s) saved
  [3631285] 1 media file(s) saved
  [3631539] 1 media file(s) saved
  Rate limited — sleeping 60s
  [3633642] 1 media file(s) saved
  [3633677] 1 media file(s) saved
  [3634165] 1 media file(s) saved
  [3634182] 1 media file(s) saved
  [3634190] 3 media file(s) saved
  [3634606] 1 media file(s) saved
  [3634872] 1 media file(s) saved
  [3635029] 1 media file(s) saved
  [3635057] 1 media file(s) saved
  [3635762] 14 media file(s) saved
  [3635927] 1 media file(s) saved
  [3637678] 1 media file(s) saved
  [3638113] 1 media file(s) saved
  [3638181] 1 media file(s) saved
  [3641296] 1 media file(s) saved
  [3653753] 1 media file(s) saved
  [3660449] 1 media file(s) saved
  [3660861] 1 media file(s) saved
  [3661740] 1 media file(s) saved
  [3663177] 1 media file(s) saved
  [3663601] 1 media file(s) saved
  [3663927] 1 media file(s) saved
  [3664370] 6 media file(s) saved
  [3664927] 2 media file(s) saved
  [3665302] 6 media file(s) saved
  [3665358] 1 media file(s) saved
  [3665994] 1 media file(s) saved
  [3668237] 1 media file(s) saved
  [3668239] 1 media file(s) saved
  [3668409] 1 media file(s) saved
  [3668411] 1 media file(s) saved
  [3668413] 1 media file(s) saved
  [3668415] 1 media file(s) saved
  [3668417] 1 media file(s) saved
  [3668419] 1 media file(s) saved
  [3668421] 1 media file(s) saved
  [3668423] 1 media file(s) saved
  [3668425] 1 media file(s) saved
  [3668910] 1 media file(s) saved
  [3668974] 1 media file(s) saved
  [3669434] 1 media file(s) saved
  [3673994] 1 media file(s) saved
  [3676376] 1 media file(s) saved
  [3676410] 1 media file(s) saved
  [3676433] 1 media file(s) saved
  [3677479] 1 media file(s) saved
  [3678076] 1 media file(s) saved
  [3678295] 1 media file(s) saved
  [3678317] 1 media file(s) saved
  [3678820] 1 media file(s) saved
  [3685257] 1 media file(s) saved
  Rate limited — sleeping 60s
  [3685460] 1 media file(s) saved
  [3685803] 1 media file(s) saved
  [3686827] 1 media file(s) saved
  [3687228] 1 media file(s) saved
  [3688718] 1 media file(s) saved
  [3690299] 1 media file(s) saved
  [3692591] 1 media file(s) saved
  [3692902] 1 media file(s) saved
  [3692917] 1 media file(s) saved
  [3694912] 1 media file(s) saved
  [3695640] 20 media file(s) saved
  [3696559] 1 media file(s) saved
  [3696828] 1 media file(s) saved
  [3698421] 1 media file(s) saved
  [3700121] 1 media file(s) saved
  [3701150] 1 media file(s) saved
  [3701243] 1 media file(s) saved
  [3701486] 1 media file(s) saved
  [3702065] 1 media file(s) saved
  [3702361] 1 media file(s) saved
  [3702375] 1 media file(s) saved
  [3702785] 1 media file(s) saved
  [3706554] 2 media file(s) saved
  [3708293] 1 media file(s) saved
  [3709171] 1 media file(s) saved
  [3709188] 1 media file(s) saved
  [3709626] 1 media file(s) saved
  [3710247] 1 media file(s) saved
  [3711546] 1 media file(s) saved
  [3711646] 2 media file(s) saved
  [3712336] 1 media file(s) saved
  [3712354] 1 media file(s) saved
  [3712376] 1 media file(s) saved
  [3712690] 1 media file(s) saved
  [3712772] 1 media file(s) saved
  [3712780] 1 media file(s) saved
  [3712823] 1 media file(s) saved
  [3712851] 1 media file(s) saved
  [3712864] 1 media file(s) saved
  [3714819] 1 media file(s) saved
  [3714951] 1 media file(s) saved
  [3715054] 1 media file(s) saved
  [3716120] 1 media file(s) saved
  [3716401] 1 media file(s) saved
  [3716819] 1 media file(s) saved
  [37231] 1 media file(s) saved
  [3723665] 1 media file(s) saved
  [3723667] 1 media file(s) saved
  [3726847] 1 media file(s) saved
  [3726942] 1 media file(s) saved
  [3730476] 1 media file(s) saved
  [3730608] 1 media file(s) saved
  [3730899] 1 media file(s) saved
  [3731306] 1 media file(s) saved
  [3731327] 6 media file(s) saved
  [3732398] 1 media file(s) saved
  [3733913] 1 media file(s) saved
  [3734077] 3 media file(s) saved
  [3735152] 3 media file(s) saved
  [3735329] 2 media file(s) saved
  [3736169] 1 media file(s) saved
  [3737278] 1 media file(s) saved
  [3737541] 1 media file(s) saved
  [3738201] 1 media file(s) saved
  [3738330] 1 media file(s) saved
  [3738361] 1 media file(s) saved
  [3738372] 1 media file(s) saved
  [3739500] 1 media file(s) saved
  [3740232] 3 media file(s) saved
  [3740851] 3 media file(s) saved
  [3741250] 1 media file(s) saved
  [3741327] 1 media file(s) saved
  [3741943] 1 media file(s) saved
  [3742443] 1 media file(s) saved
  [3743097] 1 media file(s) saved
  [3743104] 1 media file(s) saved
  [3743111] 1 media file(s) saved
  [3743125] 1 media file(s) saved
  [3743131] 1 media file(s) saved
  [3743135] 1 media file(s) saved
  [3743143] 1 media file(s) saved
  [3743170] 1 media file(s) saved
  [3743178] 1 media file(s) saved
  [3743258] 1 media file(s) saved
  [3743280] 1 media file(s) saved
  [3743290] 1 media file(s) saved
  [3744210] 7 media file(s) saved
  [3744912] 1 media file(s) saved
  [3745022] 1 media file(s) saved
  [3745709] 1 media file(s) saved
  [3745751] 1 media file(s) saved
  [3745902] 1 media file(s) saved
  [3746192] 1 media file(s) saved
  [3746211] 1 media file(s) saved
  [3746298] 1 media file(s) saved
  [3747143] 1 media file(s) saved
  [3747553] 1 media file(s) saved
  [3747665] 1 media file(s) saved
  [3748356] 1 media file(s) saved
  [3749370] 1 media file(s) saved
  [3750609] 1 media file(s) saved
  [3750684] 1 media file(s) saved
  [3751258] 1 media file(s) saved
  [3752026] 4 media file(s) saved
  [3752726] 1 media file(s) saved
  [3753837] 2 media file(s) saved
  [3753914] 4 media file(s) saved
  [375608] 1 media file(s) saved
  [3756900] 1 media file(s) saved
  [3756972] 1 media file(s) saved
  [3757485] 2 media file(s) saved
  [3757770] 1 media file(s) saved
  [3757905] 1 media file(s) saved
  [3757917] 1 media file(s) saved
  [3758994] 1 media file(s) saved
  [3759445] 1 media file(s) saved
  [3759727] 1 media file(s) saved
  [3760624] 1 media file(s) saved
  [3760974] 1 media file(s) saved
  [3762642] 1 media file(s) saved
  [3763161] 1 media file(s) saved
  [3763285] 1 media file(s) saved
  [3766072] 1 media file(s) saved
  [376770] 1 media file(s) saved
  [3772527] 1 media file(s) saved
  [3772637] 1 media file(s) saved
    [ERROR] download https://zenodo.org/api/records/3773905/files/ERC_H_v2.txt/content: 429 Client Error: TOO MANY REQUESTS for url: https://zenodo.org/api/records/3773905/files/ERC_H_v2.txt/content
    [ERROR] download https://zenodo.org/api/records/3773905/files/detect_GB.txt/content: 429 Client Error: TOO MANY REQUESTS for url: https://zenodo.org/api/records/3773905/files/detect_GB.txt/content
    [ERROR] download https://zenodo.org/api/records/3773905/files/detect_ML.txt/content: 429 Client Error: TOO MANY REQUESTS for url: https://zenodo.org/api/records/3773905/files/detect_ML.txt/content
    [ERROR] download https://zenodo.org/api/records/3773905/files/detect_PT.txt/content: 429 Client Error: TOO MANY REQUESTS for url: https://zenodo.org/api/records/3773905/files/detect_PT.txt/content
  [3773905] 2 media file(s) saved
  [3774092] 1 media file(s) saved
  [3775125] 1 media file(s) saved
  [3775511] 1 media file(s) saved
  [3776772] 1 media file(s) saved
  [3778203] 1 media file(s) saved
  [3778320] 1 media file(s) saved
  [3778686] 1 media file(s) saved
  [3778795] 1 media file(s) saved
  [3779941] 1 media file(s) saved
  [3782212] 1 media file(s) saved
  [3782214] 1 media file(s) saved
  [3782218] 1 media file(s) saved
  [3783814] 1 media file(s) saved
  [3783846] 1 media file(s) saved
  [3783948] 1 media file(s) saved
  [3784368] 1 media file(s) saved
  [3784637] 3 media file(s) saved
  [3786009] 1 media file(s) saved
  [3786249] 1 media file(s) saved
  [3786937] 1 media file(s) saved
  [3791211] 1 media file(s) saved
  [3791622] 1 media file(s) saved
  [3792764] 1 media file(s) saved
  [3795222] 1 media file(s) saved
  [3795351] 1 media file(s) saved
  [3796908] 1 media file(s) saved
  [3798156] 1 media file(s) saved
  [3799432] 1 media file(s) saved
  [3805505] 1 media file(s) saved
  [3810825] 1 media file(s) saved
  [3812470] 1 media file(s) saved
  [3813560] 1 media file(s) saved
  [3813767] 1 media file(s) saved
  [3816954] 1 media file(s) saved
  [3818029] 1 media file(s) saved
  [3818198] 1 media file(s) saved
  [3818340] 1 media file(s) saved
  [3818560] 1 media file(s) saved
  [3819149] 1 media file(s) saved
  [3819183] 1 media file(s) saved
  [3819394] 5 media file(s) saved
  [3819420] 1 media file(s) saved
  [3819911] 3 media file(s) saved
  [3820162] 1 media file(s) saved
  [3820251] 1 media file(s) saved
  [3820279] 2 media file(s) saved
  [3820285] 3 media file(s) saved
  [3822274] 3 media file(s) saved
  [3822370] 1 media file(s) saved
  [3822570] 1 media file(s) saved
  [3824290] 1 media file(s) saved
  [3826915] 1 media file(s) saved
  [3827905] 1 media file(s) saved
  [3828444] 1 media file(s) saved
  [3828600] 8 media file(s) saved
  [3831357] 1 media file(s) saved
  [3831410] 1 media file(s) saved
  [3831412] 1 media file(s) saved
  [3833579] 1 media file(s) saved
  [3833843] 1 media file(s) saved
  [3837058] 1 media file(s) saved
  [3837190] 1 media file(s) saved
  [3840742] 1 media file(s) saved
  [3841102] 1 media file(s) saved
  [3842228] 3 media file(s) saved
  [3842706] 1 media file(s) saved
  [3842953] 1 media file(s) saved
  [3843478] 9 media file(s) saved
  [38458] 1 media file(s) saved
  [3856395] 1 media file(s) saved
  [3856667] 1 media file(s) saved
  [3858219] 1 media file(s) saved
  [3859145] 1 media file(s) saved
  [3859317] 1 media file(s) saved
  [3860205] 1 media file(s) saved
  [3860232] 1 media file(s) saved
  [3862353] 1 media file(s) saved
  [3862370] 1 media file(s) saved
  [3862882] 1 media file(s) saved
  [3865968] 1 media file(s) saved
  [3866204] 1 media file(s) saved
  [3866273] 1 media file(s) saved
  [3866409] 1 media file(s) saved
  [3866422] 1 media file(s) saved
  [3868242] 1 media file(s) saved
  [3870822] 1 media file(s) saved
  [3871675] 2 media file(s) saved
  [3874066] 1 media file(s) saved
  [3874664] 1 media file(s) saved
  [3875004] 1 media file(s) saved
  [3875049] 1 media file(s) saved
  [3875777] 1 media file(s) saved
  [3877284] 1 media file(s) saved
  [3877528] 1 media file(s) saved
  [3881852] 1 media file(s) saved
  [3882924] 1 media file(s) saved
  [3884402] 1 media file(s) saved
  [3885386] 1 media file(s) saved
  [3887107] 1 media file(s) saved
  [3887376] 1 media file(s) saved
  [3888431] 1 media file(s) saved
  [3891901] 4 media file(s) saved
  [3892412] 1 media file(s) saved
  [3892600] 1 media file(s) saved
  [3892615] 1 media file(s) saved
  [3894099] 1 media file(s) saved
  [3894105] 1 media file(s) saved
  [3895691] 1 media file(s) saved
  [3895693] 1 media file(s) saved
  [3895738] 1 media file(s) saved
  [3897211] 1 media file(s) saved
  [3898022] 1 media file(s) saved
  [3898789] 1 media file(s) saved
  [3898799] 1 media file(s) saved
  [3898986] 1 media file(s) saved
  [3899846] 1 media file(s) saved
  [3900236] 1 media file(s) saved
  [3901062] 1 media file(s) saved
  [3901064] 1 media file(s) saved
  [3901280] 1 media file(s) saved
  [3902046] 1 media file(s) saved
  [3902438] 1 media file(s) saved
  [3903995] 1 media file(s) saved
  [3904119] 1 media file(s) saved
  [3905995] 9 media file(s) saved
  [3906128] 1 media file(s) saved
  [3906146] 1 media file(s) saved
  [3906420] 1 media file(s) saved
  [3906672] 1 media file(s) saved
  [3906688] 1 media file(s) saved
  [3906697] 1 media file(s) saved
  [3906782] 1 media file(s) saved
  [3907024] 1 media file(s) saved
  [3907277] 3 media file(s) saved
  [3907349] 1 media file(s) saved
  [3908297] 1 media file(s) saved
  [3908323] 1 media file(s) saved
  [3908525] 1 media file(s) saved
  [39091] 1 media file(s) saved
  [3909519] 1 media file(s) saved
  [3909723] 1 media file(s) saved
  [3909739] 1 media file(s) saved
  [3910821] 1 media file(s) saved
  [3910823] 1 media file(s) saved
  [3910825] 1 media file(s) saved
  [3910827] 1 media file(s) saved
  [3910829] 1 media file(s) saved
  [3910944] 1 media file(s) saved
  [3911045] 1 media file(s) saved
  [3911446] 1 media file(s) saved
  [3911523] 1 media file(s) saved
  [3911633] 1 media file(s) saved
  [3911881] 1 media file(s) saved
  [3913188] 6 media file(s) saved
  [3917242] 1 media file(s) saved
  [3924210] 1 media file(s) saved
  [3924282] 1 media file(s) saved
  [3924628] 1 media file(s) saved
  [39249] 1 media file(s) saved
  [3924921] 1 media file(s) saved
  [3925511] 1 media file(s) saved
  [3925846] 1 media file(s) saved
  [3927374] 2 media file(s) saved
  [3927563] 1 media file(s) saved
  [3928597] 2 media file(s) saved
  [3929352] 1 media file(s) saved
  [3930042] 1 media file(s) saved
  [3930160] 1 media file(s) saved
  [3930832] 9 media file(s) saved
  [3932104] 1 media file(s) saved
  [3935240] 1 media file(s) saved
  [3935455] 1 media file(s) saved
  [3935799] 1 media file(s) saved
  [3937906] 1 media file(s) saved
  [3939895] 1 media file(s) saved
  [3940857] 1 media file(s) saved
  [3943311] 1 media file(s) saved
  [3944747] 1 media file(s) saved
  [3945928] 1 media file(s) saved
  [3945936] 1 media file(s) saved
  [3945968] 1 media file(s) saved
  [3946180] 1 media file(s) saved
  [3947188] 1 media file(s) saved
  [3947586] 1 media file(s) saved
  [3947843] 1 media file(s) saved
  [3948550] 1 media file(s) saved
  [3948970] 1 media file(s) saved
  [3949030] 1 media file(s) saved
  [3949078] 1 media file(s) saved
  [3949266] 1 media file(s) saved
  [3949720] 1 media file(s) saved
  [3949726] 1 media file(s) saved
  [3950013] 1 media file(s) saved
  [3950305] 1 media file(s) saved
  [3950554] 1 media file(s) saved
  [39506] 1 media file(s) saved
  [3952095] 1 media file(s) saved
  [3952300] 1 media file(s) saved
  [3953460] 1 media file(s) saved
  [3953832] 1 media file(s) saved
  [3954032] 1 media file(s) saved
  [3954876] 6 media file(s) saved
  [3955302] 1 media file(s) saved
  [3955351] 1 media file(s) saved
  [3955399] 1 media file(s) saved
  [3955559] 1 media file(s) saved
  [3955585] 1 media file(s) saved
  [3955611] 1 media file(s) saved
  [3955694] 1 media file(s) saved
  [3955751] 1 media file(s) saved
  [3956233] 1 media file(s) saved
  [3956984] 1 media file(s) saved
  [3957587] 1 media file(s) saved
  [3957609] 1 media file(s) saved
  [3958064] 1 media file(s) saved
  [3958391] 1 media file(s) saved
  [3958549] 1 media file(s) saved
  [3958954] 1 media file(s) saved
  [3959808] 1 media file(s) saved
  [3961165] 1 media file(s) saved
  [3961617] 1 media file(s) saved
  [3961705] 1 media file(s) saved
  [3961913] 1 media file(s) saved
  [3962031] 2 media file(s) saved
  [3962071] 3 media file(s) saved
  [3962218] 2 media file(s) saved
  [3962220] 4 media file(s) saved
  [3962362] 2 media file(s) saved
    [ERROR] download https://zenodo.org/api/records/3962434/files/odor_preferences.csv/content: 429 Client Error: TOO MANY REQUESTS for url: https://zenodo.org/api/records/3962434/files/odor_preferences.csv/content
  [3962434] 3 media file(s) saved
  Rate limited — sleeping 60s
  [3962732] 1 media file(s) saved
  [3962748] 2 media file(s) saved
  [3963166] 4 media file(s) saved
  [3963353] 1 media file(s) saved
  [3963513] 1 media file(s) saved
  [3963705] 1 media file(s) saved
  [3963814] 1 media file(s) saved
  [3963848] 1 media file(s) saved
  [3964782] 1 media file(s) saved
  [3965479] 1 media file(s) saved
  [3965996] 2 media file(s) saved
  [3966327] 6 media file(s) saved
  [3966377] 12 media file(s) saved
  [3966738] 1 media file(s) saved
  [3967726] 14 media file(s) saved
  [3969893] 1 media file(s) saved
  [3969910] 1 media file(s) saved
  [3970129] 1 media file(s) saved
  [3970379] 1 media file(s) saved
  [3970700] 1 media file(s) saved
  [3971231] 8 media file(s) saved
  [3972166] 1 media file(s) saved
  [3972767] 3 media file(s) saved
  [3973234] 1 media file(s) saved
  [3973708] 1 media file(s) saved
  [3973754] 1 media file(s) saved
  [3974504] 1 media file(s) saved
  [3974510] 1 media file(s) saved
  [3974599] 1 media file(s) saved
  [3975135] 9 media file(s) saved
  [3975172] 12 media file(s) saved
  [3975339] 1 media file(s) saved
  [3975589] 1 media file(s) saved
  [3975661] 1 media file(s) saved
  Rate limited — sleeping 60s
  [3975767] 1 media file(s) saved
  [3976323] 1 media file(s) saved
  [3976457] 2 media file(s) saved
  [3976467] 2 media file(s) saved
  [3976987] 1 media file(s) saved
  [3977491] 1 media file(s) saved
  [3977592] 1 media file(s) saved
  [3977773] 1 media file(s) saved
  [3978331] 5 media file(s) saved
  [3979014] 1 media file(s) saved
  [3979328] 1 media file(s) saved
  [3979927] 21 media file(s) saved
  [3980947] 1 media file(s) saved
  [3980965] 5 media file(s) saved
  [3981635] 1 media file(s) saved
  [3982009] 1 media file(s) saved
  [3982153] 1 media file(s) saved
  [3982353] 1 media file(s) saved
  [3982378] 1 media file(s) saved
  [3983398] 1 media file(s) saved
  [3984784] 1 media file(s) saved
  [3985270] 1 media file(s) saved
  [3985792] 1 media file(s) saved
  [3986607] 1 media file(s) saved
  [3986725] 3 media file(s) saved
  [3986856] 24 media file(s) saved
  [3986868] 1 media file(s) saved
  [3986944] 2 media file(s) saved
  [3987127] 1 media file(s) saved
  [3987143] 1 media file(s) saved
  [3987894] 1 media file(s) saved
  [3988003] 1 media file(s) saved
  [3988446] 1 media file(s) saved
  [3988742] 1 media file(s) saved
  [3989291] 1 media file(s) saved
  [3989352] 1 media file(s) saved
  [3989382] 1 media file(s) saved
  Rate limited — sleeping 60s
  [3989414] 1 media file(s) saved
  [3989521] 1 media file(s) saved
  [399001] 1 media file(s) saved
  [3991160] 1 media file(s) saved
  [3991901] 1 media file(s) saved
  [3992584] 1 media file(s) saved
  [3992690] 1 media file(s) saved
  [3994055] 1 media file(s) saved
  [3997610] 4 media file(s) saved
  [3997646] 2 media file(s) saved
  [3997909] 35 media file(s) saved
  [3998114] 1 media file(s) saved
  [3998211] 3 media file(s) saved
  [3998282] 3 media file(s) saved
  [3998323] 2 media file(s) saved
  [3999572] 5 media file(s) saved
  [4000749] 1 media file(s) saved
  [4001078] 1 media file(s) saved
  [4002010] 1 media file(s) saved
  [400232] 1 media file(s) saved
  [400244] 1 media file(s) saved
  [4002699] 1 media file(s) saved
  [4002772] 1 media file(s) saved
  [4003091] 1 media file(s) saved
  [4003473] 1 media file(s) saved
  [4003495] 1 media file(s) saved
  [4003689] 1 media file(s) saved
  [4004148] 1 media file(s) saved
  [4004150] 1 media file(s) saved
  [4004818] 1 media file(s) saved
  [4005225] 2 media file(s) saved
  [4005522] 1 media file(s) saved
  [4005997] 1 media file(s) saved
  [4006181] 1 media file(s) saved
  [4006249] 1 media file(s) saved
  [400628] 1 media file(s) saved
  [4007061] 2 media file(s) saved
  [4007087] 1 media file(s) saved
  [4007091] 1 media file(s) saved
  [4007412] 1 media file(s) saved
  Rate limited — sleeping 60s
  [4007426] 1 media file(s) saved
  [4007454] 1 media file(s) saved
  [4008452] 1 media file(s) saved
  [4008581] 1 media file(s) saved
  [4008606] 5 media file(s) saved
  [4008889] 1 media file(s) saved
  [4009457] 2 media file(s) saved
  [4010274] 1 media file(s) saved
  [4010334] 1 media file(s) saved
  [401070] 1 media file(s) saved
  [4010824] 1 media file(s) saved
  [4010904] 1 media file(s) saved
  [4011248] 2 media file(s) saved
  [4011280] 3 media file(s) saved
  [4011755] 1 media file(s) saved
  [4011800] 1 media file(s) saved
  [4013022] 1 media file(s) saved
  [4013713] 1 media file(s) saved
  [4014983] 1 media file(s) saved
  [4015029] 1 media file(s) saved
  [4015058] 1 media file(s) saved
  [4015486] 3 media file(s) saved
  [4015978] 1 media file(s) saved
  [4016180] 1 media file(s) saved
  [4018726] 1 media file(s) saved
  [4018898] 1 media file(s) saved
  [4019773] 1 media file(s) saved
  [4019816] 1 media file(s) saved
  [4022238] 1 media file(s) saved
  [4022995] 1 media file(s) saved
  [4023007] 1 media file(s) saved
  [4023578] 1 media file(s) saved
  [4023580] 1 media file(s) saved
  [4023582] 1 media file(s) saved
  [4023584] 1 media file(s) saved
  [4023686] 1 media file(s) saved
  [4023688] 1 media file(s) saved
  [4026186] 1 media file(s) saved
  [4027734] 2 media file(s) saved
  [4029393] 7 media file(s) saved
  [4029678] 1 media file(s) saved
  [4029873] 1 media file(s) saved
  [4030131] 1 media file(s) saved
  [4030194] 1 media file(s) saved
  [4031204] 3 media file(s) saved
  [4031692] 5 media file(s) saved
  [4031739] 1 media file(s) saved
  [4033139] 1 media file(s) saved
  [4033283] 1 media file(s) saved
  [4033998] 1 media file(s) saved
  [4034135] 1 media file(s) saved
    [ERROR] download https://zenodo.org/api/records/4034600/files/Data_Supplementary_Fig_6.csv/content: 429 Client Error: TOO MANY REQUESTS for url: https://zenodo.org/api/records/4034600/files/Data_Supplementary_Fig_6.csv/content
    [ERROR] download https://zenodo.org/api/records/4034600/files/Data_Supplementary_Fig_4.csv/content: 429 Client Error: TOO MANY REQUESTS for url: https://zenodo.org/api/records/4034600/files/Data_Supplementary_Fig_4.csv/content
    [ERROR] download https://zenodo.org/api/records/4034600/files/Data_Supplementary_Fig_2.csv/content: 429 Client Error: TOO MANY REQUESTS for url: https://zenodo.org/api/records/4034600/files/Data_Supplementary_Fig_2.csv/content
    [ERROR] download https://zenodo.org/api/records/4034600/files/Data_Supplementary_Fig_1.csv/content: 429 Client Error: TOO MANY REQUESTS for url: https://zenodo.org/api/records/4034600/files/Data_Supplementary_Fig_1.csv/content
    [ERROR] download https://zenodo.org/api/records/4034600/files/Data_Fig_2.csv/content: 429 Client Error: TOO MANY REQUESTS for url: https://zenodo.org/api/records/4034600/files/Data_Fig_2.csv/content
    [ERROR] download https://zenodo.org/api/records/4034600/files/Data_Fig_1a.csv/content: 429 Client Error: TOO MANY REQUESTS for url: https://zenodo.org/api/records/4034600/files/Data_Fig_1a.csv/content
    [ERROR] download https://zenodo.org/api/records/4034600/files/solver.py/content: 429 Client Error: TOO MANY REQUESTS for url: https://zenodo.org/api/records/4034600/files/solver.py/content
  [4034600] 4 media file(s) saved
  [4034862] 1 media file(s) saved
  [4035119] 1 media file(s) saved
  [4035213] 1 media file(s) saved
  [4035288] 1 media file(s) saved
  [4035329] 1 media file(s) saved
  [4035364] 1 media file(s) saved
  [4035514] 1 media file(s) saved
  [4035813] 1 media file(s) saved
  [4036035] 1 media file(s) saved
  [4037642] 1 media file(s) saved
  [4038241] 1 media file(s) saved
  [4038896] 1 media file(s) saved
  [4039600] 1 media file(s) saved
  [4039709] 1 media file(s) saved
  [4040465] 1 media file(s) saved
  [4040467] 1 media file(s) saved
  [4040789] 1 media file(s) saved
  [4040934] 1 media file(s) saved
  [4041208] 1 media file(s) saved
  [4041302] 1 media file(s) saved
  [4041341] 3 media file(s) saved
  [4041823] 1 media file(s) saved
  [4042361] 1 media file(s) saved
  [4042399] 1 media file(s) saved
  [4042635] 2 media file(s) saved
  [4044006] 1 media file(s) saved
    [ERROR] download https://zenodo.org/api/records/4044753/files/17-transform_different_scRNA_objects.md/content: 429 Client Error: TOO MANY REQUESTS for url: https://zenodo.org/api/records/4044753/files/17-transform_different_scRNA_objects.md/content
    [ERROR] download https://zenodo.org/api/records/4044753/files/03-QC.md/content: 429 Client Error: TOO MANY REQUESTS for url: https://zenodo.org/api/records/4044753/files/03-QC.md/content
    [ERROR] download https://zenodo.org/api/records/4044753/files/20-Practice3-10X_unfilter_PBMC.md/content: 429 Client Error: TOO MANY REQUESTS for url: https://zenodo.org/api/records/4044753/files/20-Practice3-10X_unfilter_PBMC.md/content
    [ERROR] download https://zenodo.org/api/records/4044753/files/02-scRNA-wet-to%20dry.md/content: 429 Client Error: TOO MANY REQUESTS for url: https://zenodo.org/api/records/4044753/files/02-scRNA-wet-to%20dry.md/content
    [ERROR] download https://zenodo.org/api/records/4044753/files/16-deal_with_large_datasets.md/content: 429 Client Error: TOO MANY REQUESTS for url: https://zenodo.org/api/records/4044753/files/16-deal_with_large_datasets.md/content
    [ERROR] download https://zenodo.org/api/records/4044753/files/07-clustering.md/content: 429 Client Error: TOO MANY REQUESTS for url: https://zenodo.org/api/records/4044753/files/07-clustering.md/content
    [ERROR] download https://zenodo.org/api/records/4044753/files/21-Practice4-10X_filtered_PBMC.md/content: 429 Client Error: TOO MANY REQUESTS for url: https://zenodo.org/api/records/4044753/files/21-Practice4-10X_filtered_PBMC.md/content
    [ERROR] download https://zenodo.org/api/records/4044753/files/14-trajectory_infer.md/content: 429 Client Error: TOO MANY REQUESTS for url: https://zenodo.org/api/records/4044753/files/14-trajectory_infer.md/content
    [ERROR] download https://zenodo.org/api/records/4044753/files/22-Practice5-CEL-seq2.md/content: 429 Client Error: TOO MANY REQUESTS for url: https://zenodo.org/api/records/4044753/files/22-Practice5-CEL-seq2.md/content
    [ERROR] download https://zenodo.org/api/records/4044753/files/23-Practice6-CEL-seq.md/content: 429 Client Error: TOO MANY REQUESTS for url: https://zenodo.org/api/records/4044753/files/23-Practice6-CEL-seq.md/content
    [ERROR] download https://zenodo.org/api/records/4044753/files/24-Practice7-SMARTer.md/content: 429 Client Error: TOO MANY REQUESTS for url: https://zenodo.org/api/records/4044753/files/24-Practice7-SMARTer.md/content
    [ERROR] download https://zenodo.org/api/records/4044753/files/26-Practice9-integrate_pancreas_data.md/content: 429 Client Error: TOO MANY REQUESTS for url: https://zenodo.org/api/records/4044753/files/26-Practice9-integrate_pancreas_data.md/content
    [ERROR] download https://zenodo.org/api/records/4044753/files/27-Practice10-CEL-seq_mHSCs.md/content: 429 Client Error: TOO MANY REQUESTS for url: https://zenodo.org/api/records/4044753/files/27-Practice10-CEL-seq_mHSCs.md/content
    [ERROR] download https://zenodo.org/api/records/4044753/files/28-Practice11-Smart-seq2-mHSCs.md/content: 429 Client Error: TOO MANY REQUESTS for url: https://zenodo.org/api/records/4044753/files/28-Practice11-Smart-seq2-mHSCs.md/content
    [ERROR] download https://zenodo.org/api/records/4044753/files/13-cell_cycle.md/content: 429 Client Error: TOO MANY REQUESTS for url: https://zenodo.org/api/records/4044753/files/13-cell_cycle.md/content
    [ERROR] download https://zenodo.org/api/records/4044753/files/30-Practice13-10X_mouse_breast.md/content: 429 Client Error: TOO MANY REQUESTS for url: https://zenodo.org/api/records/4044753/files/30-Practice13-10X_mouse_breast.md/content
    [ERROR] download https://zenodo.org/api/records/4044753/files/31-Practice14-10X-HCA_project.md/content: 429 Client Error: TOO MANY REQUESTS for url: https://zenodo.org/api/records/4044753/files/31-Practice14-10X-HCA_project.md/content
    [ERROR] download https://zenodo.org/api/records/4044753/files/11-DEG_for_multi_samlples.md/content: 429 Client Error: TOO MANY REQUESTS for url: https://zenodo.org/api/records/4044753/files/11-DEG_for_multi_samlples.md/content
    [ERROR] download https://zenodo.org/api/records/4044753/files/32-THE_END.md/content: 429 Client Error: TOO MANY REQUESTS for url: https://zenodo.org/api/records/4044753/files/32-THE_END.md/content
    [ERROR] download https://zenodo.org/api/records/4044753/files/19-Practice2-STRT-Seq.md/content: 429 Client Error: TOO MANY REQUESTS for url: https://zenodo.org/api/records/4044753/files/19-Practice2-STRT-Seq.md/content
  [4044753] 12 media file(s) saved
  [4044894] 1 media file(s) saved
  [4045303] 1 media file(s) saved
  [4046090] 1 media file(s) saved
  [4046684] 1 media file(s) saved
  [4046712] 1 media file(s) saved
  [4046951] 1 media file(s) saved
  [4046964] 1 media file(s) saved
  [4048669] 1 media file(s) saved
  [4049430] 1 media file(s) saved
  [4049624] 1 media file(s) saved
  [4050504] 1 media file(s) saved
  [4055232] 1 media file(s) saved
  [4056817] 1 media file(s) saved
  [4056893] 1 media file(s) saved
  [4056958] 1 media file(s) saved
  [4057942] 1 media file(s) saved
  [4057966] 1 media file(s) saved
    [ERROR] download https://zenodo.org/api/records/4058363/files/Serum%20Plasma%20II%20B.txt/content: 429 Client Error: TOO MANY REQUESTS for url: https://zenodo.org/api/records/4058363/files/Serum%20Plasma%20II%20B.txt/content
    [ERROR] download https://zenodo.org/api/records/4058363/files/Serum%20Plasma%20II%20A.txt/content: 429 Client Error: TOO MANY REQUESTS for url: https://zenodo.org/api/records/4058363/files/Serum%20Plasma%20II%20A.txt/content
  [4058363] 10 media file(s) saved
  [4059844] 2 media file(s) saved
    [ERROR] download https://zenodo.org/api/records/4059846/files/Preprint%20Morales-Rosello%20Fetal%20Diagn%20Ther%202020.pdf/content: 429 Client Error: TOO MANY REQUESTS for url: https://zenodo.org/api/records/4059846/files/Preprint%20Morales-Rosello%20Fetal%20Diagn%20Ther%202020.pdf/content
  [4060149] 1 media file(s) saved
  [4060567] 1 media file(s) saved
  [4060700] 1 media file(s) saved
  Rate limited — sleeping 60s
  [4061040] 1 media file(s) saved
  [4061072] 1 media file(s) saved
  [4061204] 1 media file(s) saved
  [4061206] 1 media file(s) saved
  [4061308] 1 media file(s) saved
  [4061570] 1 media file(s) saved
  [4061776] 1 media file(s) saved
  [4061844] 1 media file(s) saved
  [4061910] 1 media file(s) saved
  [4062417] 1 media file(s) saved
  [4062578] 1 media file(s) saved
  [4062598] 1 media file(s) saved
  [4062680] 1 media file(s) saved
  [4062855] 1 media file(s) saved
  [4062857] 1 media file(s) saved
  [4063112] 1 media file(s) saved
  [4063184] 1 media file(s) saved
  [4063369] 1 media file(s) saved
  [4063944] 1 media file(s) saved
  [4064000] 1 media file(s) saved
  [4064175] 1 media file(s) saved
  [4065643] 1 media file(s) saved
  [4065767] 1 media file(s) saved
  [4066008] 1 media file(s) saved
  [4066018] 1 media file(s) saved
  [4066091] 1 media file(s) saved
  [4066155] 1 media file(s) saved
  [4066303] 1 media file(s) saved
  [4066631] 1 media file(s) saved
  [4066778] 1 media file(s) saved
  [4066815] 4 media file(s) saved
  [4067261] 1 media file(s) saved
  [4067663] 1 media file(s) saved
  [4069088] 1 media file(s) saved
  [4069134] 2 media file(s) saved
  [4069142] 16 media file(s) saved
  [4069298] 3 media file(s) saved
  [4070574] 1 media file(s) saved
  [4071124] 1 media file(s) saved
  [4071256] 1 media file(s) saved
  [4071376] 1 media file(s) saved
  [4071384] 1 media file(s) saved
  [4071401] 1 media file(s) saved
  [4071562] 1 media file(s) saved
  [4071929] 1 media file(s) saved
  [4072066] 1 media file(s) saved
  [4072277] 1 media file(s) saved
  [4072425] 1 media file(s) saved
  [4072631] 1 media file(s) saved
  [4072683] 1 media file(s) saved
  [4072694] 1 media file(s) saved
  [4074313] 1 media file(s) saved
  [4074488] 1 media file(s) saved
  [4074555] 1 media file(s) saved
  [4074577] 1 media file(s) saved
  [4074761] 1 media file(s) saved
  [4074765] 1 media file(s) saved
  [4074829] 1 media file(s) saved
  [4074833] 1 media file(s) saved
  [4074837] 1 media file(s) saved
  [4075007] 1 media file(s) saved
  [4075151] 1 media file(s) saved
  [4075253] 1 media file(s) saved
  [4075690] 5 media file(s) saved
  [4080039] 1 media file(s) saved
  [4080045] 1 media file(s) saved
  [4080378] 1 media file(s) saved
  [4080859] 1 media file(s) saved
  [4081024] 1 media file(s) saved
  [4081686] 1 media file(s) saved
  [4082106] 1 media file(s) saved
  [4082609] 1 media file(s) saved
  [4083405] 1 media file(s) saved
  [4084422] 1 media file(s) saved
  [4084495] 1 media file(s) saved
  [4084684] 1 media file(s) saved
  [4084733] 1 media file(s) saved
  [4085998] 1 media file(s) saved
  [4086205] 1 media file(s) saved
  [4086249] 2 media file(s) saved
  [4086314] 23 media file(s) saved
  [4086384] 9 media file(s) saved
  [4086464] 9 media file(s) saved
  [4086466] 2 media file(s) saved
  [4086567] 8 media file(s) saved
  [4087103] 1 media file(s) saved
  [4087362] 1 media file(s) saved
  [4087632] 1 media file(s) saved
  [4088278] 1 media file(s) saved
  [4088871] 1 media file(s) saved
  [4089792] 1 media file(s) saved
  [4089812] 1 media file(s) saved
  [4089990] 1 media file(s) saved
  [4090895] 1 media file(s) saved
  [4093497] 1 media file(s) saved
  [4094584] 1 media file(s) saved
  [4095134] 1 media file(s) saved
  [4095314] 1 media file(s) saved
  [4096735] 1 media file(s) saved
  [4097667] 1 media file(s) saved
  [4104136] 1 media file(s) saved
  [4105851] 1 media file(s) saved
  [4105922] 1 media file(s) saved
  [4106284] 1 media file(s) saved
  [4106300] 1 media file(s) saved
  [4106438] 1 media file(s) saved
  [4107407] 1 media file(s) saved
  [4108058] 1 media file(s) saved
  [4108107] 1 media file(s) saved
  Rate limited — sleeping 60s
  [4109230] 1 media file(s) saved
  [4113328] 1 media file(s) saved
  [4114125] 1 media file(s) saved
  [4115640] 1 media file(s) saved
  [4115939] 1 media file(s) saved
  [4116056] 1 media file(s) saved
  [4116590] 1 media file(s) saved
  [4118187] 1 media file(s) saved
  [4118371] 2 media file(s) saved
  [4118423] 1 media file(s) saved
  [4119208] 1 media file(s) saved
  [4119399] 1 media file(s) saved
  [4120231] 1 media file(s) saved
  [4121999] 1 media file(s) saved
  [4122429] 1 media file(s) saved
  [4126924] 1 media file(s) saved
  [4132841] 1 media file(s) saved
  [4132941] 1 media file(s) saved
  [4133965] 1 media file(s) saved
  [4134778] 1 media file(s) saved
  [4134998] 1 media file(s) saved
  [4136571] 1 media file(s) saved
  [4136730] 1 media file(s) saved
  [4136958] 1 media file(s) saved
  [4137412] 1 media file(s) saved
  [4138088] 1 media file(s) saved
  [4140414] 1 media file(s) saved
  [4141435] 1 media file(s) saved
  [4146319] 1 media file(s) saved
  [4146742] 1 media file(s) saved
  [4147010] 7 media file(s) saved
  [4147086] 1 media file(s) saved
  [4152899] 1 media file(s) saved
  [4153357] 1 media file(s) saved
  [4153603] 1 media file(s) saved
  [4155459] 1 media file(s) saved
  [4159211] 1 media file(s) saved
  [4159281] 1 media file(s) saved
  [4159309] 1 media file(s) saved
  [4161160] 2 media file(s) saved
  [4163558] 1 media file(s) saved
  [4181159] 1 media file(s) saved
  [4190889] 1 media file(s) saved
  [4231622] 1 media file(s) saved
  [4240642] 1 media file(s) saved
  [4243042] 1 media file(s) saved
  [4243549] 3 media file(s) saved
  [4243881] 1 media file(s) saved
  [4244138] 1 media file(s) saved
  [4244151] 1 media file(s) saved
  [4244295] 1 media file(s) saved
  [4244514] 1 media file(s) saved
  [4245065] 2 media file(s) saved
  [4245143] 3 media file(s) saved
  [4245993] 1 media file(s) saved
  [4246023] 1 media file(s) saved
  [4246230] 1 media file(s) saved
  [4246450] 1 media file(s) saved
  [4246621] 1 media file(s) saved
  [4246966] 1 media file(s) saved
  [4247424] 2 media file(s) saved
  [4247873] 1 media file(s) saved
  [4248269] 1 media file(s) saved
  [4248287] 1 media file(s) saved
  [4263207] 1 media file(s) saved
  [4263213] 1 media file(s) saved
  [4263592] 1 media file(s) saved
  [4263635] 1 media file(s) saved
  [4263838] 1 media file(s) saved
  [4263944] 1 media file(s) saved
  [4264321] 1 media file(s) saved
  [4264999] 1 media file(s) saved
  [4265928] 1 media file(s) saved
  [4265938] 1 media file(s) saved
  [4265949] 1 media file(s) saved
  [4267157] 1 media file(s) saved
  [4267655] 1 media file(s) saved
  [4268700] 1 media file(s) saved
  [4269383] 1 media file(s) saved
  [4269431] 1 media file(s) saved
  [4270150] 1 media file(s) saved
  [4270170] 1 media file(s) saved
  [4270293] 1 media file(s) saved
  [4270334] 3 media file(s) saved
  [4270401] 9 media file(s) saved
  [4270496] 1 media file(s) saved
  [4270675] 1 media file(s) saved
  [4271174] 1 media file(s) saved
  [4271235] 1 media file(s) saved
  [4271286] 1 media file(s) saved
  [4271563] 1 media file(s) saved
  [4271822] 1 media file(s) saved
  [4272029] 2 media file(s) saved
  [4272031] 1 media file(s) saved
  [ERROR] record 4273092: HTTPSConnectionPool(host='zenodo.org', port=443): Read timed out. (read timeout=20)
  [4273757] 1 media file(s) saved
  [4274079] 1 media file(s) saved
  [4274423] 1 media file(s) saved
  [4274426] 1 media file(s) saved
  [4274528] 1 media file(s) saved
  [4274562] 1 media file(s) saved
  [4275018] 1 media file(s) saved
  [4275118] 1 media file(s) saved
  [4275642] 1 media file(s) saved
  [4275843] 1 media file(s) saved
  [4276132] 1 media file(s) saved
  [4276950] 1 media file(s) saved
  [4277991] 1 media file(s) saved
  [4278394] 1 media file(s) saved
  [4278815] 1 media file(s) saved
  [4278817] 1 media file(s) saved
  [4278944] 1 media file(s) saved
  [4279039] 1 media file(s) saved
  [4279477] 1 media file(s) saved
  [4279531] 1 media file(s) saved
  [4279803] 1 media file(s) saved
  [4279902] 14 media file(s) saved
  [4280041] 1 media file(s) saved
  [4280232] 1 media file(s) saved
  [4280456] 1 media file(s) saved
  [4280553] 1 media file(s) saved
  [4280947] 1 media file(s) saved
  [4281277] 1 media file(s) saved
  [4281289] 1 media file(s) saved
  [4281352] 1 media file(s) saved
  [4281371] 1 media file(s) saved
  [4281482] 2 media file(s) saved
  [4281705] 1 media file(s) saved
  [4282069] 1 media file(s) saved
  [4282208] 1 media file(s) saved
  [4282823] 1 media file(s) saved
  [4283263] 1 media file(s) saved
  [4284468] 1 media file(s) saved
  [4284483] 2 media file(s) saved
  [4285523] 1 media file(s) saved
  [4285805] 1 media file(s) saved
  [4285849] 1 media file(s) saved
  [4285940] 1 media file(s) saved
  [4286891] 1 media file(s) saved
  [4286946] 1 media file(s) saved
  [4288122] 1 media file(s) saved
  [4288537] 1 media file(s) saved
Traceback (most recent call last):
  File "/home/itsgurmailsingh/Documents/Labi_Ecosystem/labi-protocols/scripts/sources/fetch_zenodo_media.py", line 189, in <module>
    main()
    ~~~~^^
  File "/home/itsgurmailsingh/Documents/Labi_Ecosystem/labi-protocols/scripts/sources/fetch_zenodo_media.py", line 172, in main
    result = process_record(raw_path)
  File "/home/itsgurmailsingh/Documents/Labi_Ecosystem/labi-protocols/scripts/sources/fetch_zenodo_media.py", line 142, in process_record
    downloaded_bytes = download_file(link, dest)
  File "/home/itsgurmailsingh/Documents/Labi_Ecosystem/labi-protocols/scripts/sources/fetch_zenodo_media.py", line 105, in download_file
    f.write(chunk)
    ~~~~~~~^^^^^^^
OSError: [Errno 28] No space left on device
